State ANSI,County ANSI,Percent Deaths_0-5,Percent Deaths_5-25,Percent Deaths_25+
1.0,1.0,5e-05,2e-05,0.00438
1.0,3.0,5e-05,2e-05,0.0043
1.0,5.0,5e-05,3e-05,0.00494
1.0,7.0,5e-05,3e-05,0.0051
1.0,9.0,5e-05,2e-05,0.00516
1.0,11.0,5e-05,3e-05,0.00483
1.0,13.0,5e-05,2e-05,0.00743
1.0,15.0,5e-05,2e-05,0.00655
1.0,17.0,5e-05,3e-05,0.00601
1.0,19.0,5e-05,2e-05,0.00582
1.0,21.0,5e-05,2e-05,0.00622
1.0,23.0,6e-05,2e-05,0.00788
1.0,25.0,6e-05,3e-05,0.00687
1.0,27.0,5e-05,2e-05,0.00677
1.0,29.0,5e-05,2e-05,0.0065
1.0,31.0,5e-05,2e-05,0.00496
1.0,33.0,5e-05,2e-05,0.00552
1.0,35.0,5e-05,2e-05,0.00632
1.0,37.0,5e-05,3e-05,0.0068
1.0,39.0,5e-05,2e-05,0.00622
1.0,41.0,5e-05,2e-05,0.00598
1.0,43.0,5e-05,2e-05,0.00564
1.0,45.0,5e-05,3e-05,0.00527
1.0,47.0,5e-05,2e-05,0.00759
1.0,49.0,5e-05,2e-05,0.00548
1.0,51.0,5e-05,2e-05,0.00417
1.0,53.0,5e-05,2e-05,0.00602
1.0,55.0,5e-05,2e-05,0.00637
1.0,57.0,5e-05,2e-05,0.00632
1.0,59.0,5e-05,2e-05,0.00548
1.0,61.0,5e-05,2e-05,0.00673
1.0,63.0,5e-05,2e-05,0.00533
1.0,65.0,6e-05,2e-05,0.00655
1.0,67.0,5e-05,2e-05,0.00618
1.0,69.0,5e-05,2e-05,0.0057
1.0,71.0,5e-05,2e-05,0.00676
1.0,73.0,5e-05,2e-05,0.00448
1.0,75.0,5e-05,2e-05,0.0063
1.0,77.0,5e-05,3e-05,0.00596
1.0,79.0,5e-05,2e-05,0.00617
1.0,81.0,6e-05,3e-05,0.00303
1.0,83.0,5e-05,2e-05,0.0039
1.0,85.0,5e-05,2e-05,0.0059
1.0,87.0,6e-05,3e-05,0.00786
1.0,89.0,5e-05,3e-05,0.00407
1.0,91.0,5e-05,2e-05,0.00803
1.0,93.0,5e-05,2e-05,0.00723
1.0,95.0,5e-05,2e-05,0.00601
1.0,97.0,5e-05,2e-05,0.00525
1.0,99.0,5e-05,2e-05,0.00577
1.0,101.0,5e-05,3e-05,0.00438
1.0,103.0,5e-05,2e-05,0.00553
1.0,105.0,6e-05,3e-05,0.00609
1.0,107.0,5e-05,3e-05,0.00549
1.0,109.0,6e-05,4e-05,0.00487
1.0,111.0,6e-05,2e-05,0.00736
1.0,113.0,5e-05,2e-05,0.00491
1.0,115.0,5e-05,2e-05,0.00472
1.0,117.0,5e-05,2e-05,0.00334
1.0,119.0,6e-05,4e-05,0.0061
1.0,121.0,5e-05,2e-05,0.00581
1.0,123.0,5e-05,2e-05,0.00636
1.0,125.0,5e-05,3e-05,0.00446
1.0,127.0,5e-05,2e-05,0.00825
1.0,129.0,6e-05,2e-05,0.00568
1.0,131.0,5e-05,2e-05,0.00573
1.0,133.0,5e-05,2e-05,0.00578
2.0,13.0,3e-05,2e-05,0.00181
2.0,16.0,3e-05,2e-05,0.00141
2.0,20.0,3e-05,2e-05,0.002
2.0,50.0,3e-05,2e-05,0.00205
2.0,60.0,3e-05,2e-05,
2.0,68.0,3e-05,2e-05,
2.0,70.0,3e-05,2e-05,0.00249
2.0,90.0,3e-05,2e-05,0.00197
2.0,100.0,3e-05,2e-05,0.00353
2.0,105.0,3e-05,2e-05,0.00336
2.0,110.0,3e-05,2e-05,0.00258
2.0,122.0,3e-05,2e-05,0.00317
2.0,130.0,3e-05,2e-05,0.00308
2.0,150.0,3e-05,2e-05,0.00222
,,,,
2.0,164.0,3e-05,2e-05,0.00239
2.0,170.0,3e-05,2e-05,0.00236
2.0,180.0,3e-05,2e-05,0.00228
2.0,185.0,3e-05,2e-05,0.00156
2.0,188.0,3e-05,2e-05,0.00237
2.0,195.0,3e-05,2e-05,0.00308
2.0,198.0,3e-05,2e-05,0.00237
2.0,220.0,3e-05,2e-05,0.00415
2.0,230.0,4e-05,2e-05,0.00232
2.0,240.0,3e-05,2e-05,0.00279
2.0,261.0,3e-05,2e-05,0.00237
2.0,275.0,3e-05,2e-05,0.00384
2.0,282.0,,2e-05,
2.0,290.0,3e-05,2e-05,0.00365
4.0,1.0,3e-05,2e-05,0.00309
4.0,3.0,3e-05,2e-05,0.00433
4.0,5.0,3e-05,2e-05,0.00244
4.0,7.0,3e-05,2e-05,0.00672
4.0,9.0,3e-05,2e-05,0.0035
4.0,11.0,3e-05,2e-05,0.00287
4.0,12.0,3e-05,2e-05,0.00523
4.0,13.0,3e-05,2e-05,0.00303
4.0,15.0,3e-05,2e-05,0.0073
4.0,17.0,3e-05,2e-05,0.00345
4.0,19.0,3e-05,2e-05,0.00413
4.0,21.0,3e-05,2e-05,0.00289
4.0,23.0,3e-05,2e-05,0.00336
4.0,25.0,3e-05,2e-05,0.00477
4.0,27.0,3e-05,2e-05,0.00377
5.0,1.0,3e-05,3e-05,0.00764
5.0,3.0,3e-05,3e-05,0.00532
5.0,5.0,3e-05,3e-05,0.00636
5.0,7.0,3e-05,3e-05,0.00321
5.0,9.0,3e-05,3e-05,0.00733
5.0,11.0,3e-05,3e-05,0.00638
5.0,13.0,3e-05,3e-05,0.00455
5.0,15.0,3e-05,3e-05,0.00594
5.0,17.0,3e-05,3e-05,0.00578
5.0,19.0,3e-05,4e-05,0.00772
5.0,21.0,3e-05,3e-05,0.0071
5.0,23.0,3e-05,3e-05,0.00614
5.0,25.0,3e-05,3e-05,0.00545
5.0,27.0,3e-05,3e-05,0.00691
5.0,29.0,3e-05,3e-05,0.00689
5.0,31.0,3e-05,3e-05,0.00464
5.0,33.0,3e-05,3e-05,0.00441
5.0,35.0,3e-05,3e-05,0.00468
5.0,37.0,3e-05,3e-05,0.00721
5.0,39.0,3e-05,3e-05,0.00808
5.0,41.0,3e-05,3e-05,0.00863
5.0,43.0,3e-05,3e-05,0.00695
5.0,45.0,3e-05,3e-05,0.00376
5.0,47.0,3e-05,3e-05,0.00579
5.0,49.0,3e-05,3e-05,0.00582
5.0,51.0,3e-05,3e-05,0.00663
5.0,53.0,3e-05,3e-05,0.00532
5.0,55.0,3e-05,3e-05,0.00488
5.0,57.0,3e-05,3e-05,0.00643
5.0,59.0,3e-05,3e-05,0.00573
5.0,61.0,3e-05,3e-05,0.00737
5.0,63.0,3e-05,3e-05,0.00668
5.0,65.0,3e-05,3e-05,0.00565
5.0,67.0,3e-05,3e-05,0.00458
5.0,69.0,3e-05,3e-05,0.00648
5.0,71.0,3e-05,3e-05,0.00517
5.0,73.0,3e-05,3e-05,0.00756
5.0,75.0,3e-05,3e-05,0.00672
5.0,77.0,3e-05,3e-05,0.00538
5.0,79.0,3e-05,3e-05,0.00564
5.0,81.0,3e-05,3e-05,0.00724
5.0,83.0,3e-05,3e-05,0.00537
5.0,85.0,3e-05,3e-05,0.00459
5.0,87.0,3e-05,3e-05,0.00616
5.0,89.0,3e-05,3e-05,0.00667
5.0,91.0,3e-05,3e-05,0.00551
5.0,93.0,3e-05,3e-05,0.00579
5.0,95.0,3e-05,3e-05,0.00819
5.0,97.0,3e-05,3e-05,0.00719
5.0,99.0,3e-05,3e-05,0.00667
5.0,101.0,3e-05,3e-05,0.00642
5.0,103.0,3e-05,3e-05,0.00656
5.0,105.0,3e-05,3e-05,0.00591
5.0,107.0,3e-05,3e-05,0.00515
5.0,109.0,3e-05,3e-05,0.00564
5.0,111.0,3e-05,3e-05,0.00681
5.0,113.0,3e-05,3e-05,0.00584
5.0,115.0,3e-05,3e-05,0.00435
5.0,117.0,3e-05,3e-05,0.00484
5.0,119.0,3e-05,3e-05,0.00444
5.0,121.0,3e-05,3e-05,0.00572
5.0,123.0,3e-05,3e-05,0.00523
5.0,125.0,3e-05,3e-05,0.00398
5.0,127.0,3e-05,3e-05,0.00492
5.0,129.0,3e-05,3e-05,0.00636
5.0,131.0,3e-05,3e-05,0.00469
5.0,133.0,3e-05,3e-05,0.00495
5.0,135.0,3e-05,3e-05,0.00699
5.0,137.0,3e-05,3e-05,0.00554
5.0,139.0,3e-05,3e-05,0.0054
5.0,141.0,3e-05,3e-05,0.00698
5.0,143.0,3e-05,3e-05,0.00451
5.0,145.0,3e-05,3e-05,0.00573
5.0,147.0,3e-05,3e-05,0.00759
5.0,149.0,3e-05,3e-05,0.00636
6.0,1.0,3e-05,1e-05,0.00258
6.0,3.0,,1e-05,0.00338
6.0,5.0,3e-05,1e-05,0.00454
6.0,7.0,3e-05,1e-05,0.00509
6.0,9.0,3e-05,1e-05,0.00426
6.0,11.0,3e-05,1e-05,0.00397
6.0,13.0,3e-05,1e-05,0.00286
6.0,15.0,2e-05,1e-05,0.0034
6.0,17.0,2e-05,1e-05,0.00355
6.0,19.0,3e-05,1e-05,0.0037
6.0,21.0,3e-05,1e-05,0.00523
6.0,23.0,3e-05,1e-05,0.00452
6.0,25.0,3e-05,1e-05,0.00317
6.0,27.0,3e-05,1e-05,0.00449
6.0,29.0,3e-05,1e-05,0.00345
6.0,31.0,3e-05,1e-05,0.0028
6.0,33.0,3e-05,1e-05,0.00495
6.0,35.0,3e-05,1e-05,0.00282
6.0,37.0,3e-05,1e-05,0.0032
6.0,39.0,3e-05,1e-05,0.00356
6.0,41.0,2e-05,1e-05,0.00291
6.0,43.0,3e-05,1e-05,0.00424
6.0,45.0,3e-05,1e-05,0.00396
6.0,47.0,3e-05,1e-05,0.00361
6.0,49.0,2e-05,1e-05,0.00567
6.0,51.0,3e-05,1e-05,0.00254
6.0,53.0,3e-05,1e-05,0.00262
6.0,55.0,3e-05,1e-05,0.00385
6.0,57.0,3e-05,1e-05,0.00429
6.0,59.0,3e-05,1e-05,0.00302
6.0,61.0,2e-05,1e-05,0.00359
6.0,63.0,2e-05,1e-05,0.00454
6.0,65.0,3e-05,1e-05,0.0037
6.0,67.0,3e-05,1e-05,0.00348
6.0,69.0,2e-05,1e-05,0.00271
6.0,71.0,3e-05,1e-05,0.00345
6.0,73.0,3e-05,1e-05,0.00308
6.0,75.0,3e-05,1e-05,0.00261
6.0,77.0,3e-05,1e-05,0.00373
6.0,79.0,3e-05,1e-05,0.00398
6.0,81.0,3e-05,1e-05,0.00282
6.0,83.0,3e-05,1e-05,0.00359
6.0,85.0,3e-05,1e-05,0.00242
6.0,87.0,3e-05,1e-05,0.00288
6.0,89.0,3e-05,1e-05,0.00526
6.0,91.0,3e-05,1e-05,0.00429
6.0,93.0,2e-05,1e-05,0.0058
6.0,95.0,3e-05,1e-05,0.00305
6.0,97.0,3e-05,1e-05,0.00371
6.0,99.0,3e-05,1e-05,0.00397
6.0,101.0,3e-05,1e-05,0.00442
6.0,103.0,3e-05,1e-05,0.00474
6.0,105.0,2e-05,1e-05,0.00404
6.0,107.0,3e-05,1e-05,0.00382
6.0,109.0,3e-05,1e-05,0.00512
6.0,111.0,3e-05,1e-05,0.00317
6.0,113.0,3e-05,1e-05,0.00301
6.0,115.0,3e-05,1e-05,0.00401
8.0,1.0,3e-05,2e-05,0.00232
8.0,3.0,3e-05,2e-05,0.00409
8.0,5.0,3e-05,2e-05,0.00229
8.0,7.0,3e-05,1e-05,0.00332
8.0,9.0,3e-05,2e-05,0.00417
8.0,11.0,3e-05,2e-05,0.00242
8.0,13.0,3e-05,2e-05,0.00227
8.0,14.0,3e-05,1e-05,0.00195
8.0,15.0,3e-05,2e-05,0.00356
8.0,17.0,3e-05,1e-05,0.00345
8.0,19.0,3e-05,2e-05,0.00205
8.0,21.0,3e-05,2e-05,0.00371
8.0,23.0,3e-05,2e-05,0.00312
8.0,25.0,3e-05,2e-05,0.00179
8.0,27.0,3e-05,2e-05,0.00283
8.0,29.0,3e-05,2e-05,0.00529
8.0,31.0,4e-05,2e-05,0.00243
8.0,33.0,3e-05,1e-05,0.00303
8.0,35.0,3e-05,1e-05,0.0015
8.0,37.0,3e-05,2e-05,0.00126
8.0,39.0,3e-05,2e-05,0.00251
8.0,41.0,3e-05,2e-05,0.00284
8.0,43.0,3e-05,2e-05,0.00465
8.0,45.0,3e-05,2e-05,0.00195
8.0,47.0,3e-05,1e-05,0.0017
8.0,49.0,3e-05,2e-05,0.00174
8.0,51.0,3e-05,2e-05,0.00171
8.0,53.0,,2e-05,0.00271
8.0,55.0,3e-05,2e-05,0.00408
8.0,57.0,3e-05,2e-05,0.00277
8.0,59.0,3e-05,2e-05,0.00295
8.0,61.0,3e-05,2e-05,0.00384
8.0,63.0,3e-05,2e-05,0.00326
8.0,65.0,3e-05,2e-05,0.00162
8.0,67.0,3e-05,2e-05,0.00249
8.0,69.0,3e-05,2e-05,0.00275
8.0,71.0,3e-05,2e-05,0.00467
8.0,73.0,3e-05,2e-05,0.00281
8.0,75.0,3e-05,2e-05,0.00465
8.0,77.0,3e-05,2e-05,0.00467
8.0,79.0,,1e-05,0.00322
8.0,81.0,3e-05,1e-05,0.00209
8.0,83.0,3e-05,1e-05,0.00437
8.0,85.0,3e-05,2e-05,0.00473
8.0,87.0,3e-05,2e-05,0.0038
8.0,89.0,3e-05,2e-05,0.00478
8.0,91.0,3e-05,1e-05,0.00263
8.0,93.0,3e-05,2e-05,0.00182
8.0,95.0,3e-05,2e-05,0.00404
8.0,97.0,3e-05,2e-05,0.00193
8.0,99.0,3e-05,2e-05,0.00455
8.0,101.0,3e-05,2e-05,0.00354
8.0,103.0,3e-05,2e-05,0.00233
8.0,105.0,3e-05,2e-05,0.00465
8.0,107.0,3e-05,2e-05,0.00191
8.0,109.0,3e-05,1e-05,0.00231
8.0,111.0,,2e-05,
8.0,113.0,3e-05,1e-05,0.00141
8.0,115.0,3e-05,1e-05,0.00392
8.0,117.0,3e-05,2e-05,0.00132
8.0,119.0,3e-05,2e-05,0.00222
8.0,121.0,3e-05,2e-05,0.00529
8.0,123.0,3e-05,2e-05,0.00243
8.0,125.0,3e-05,1e-05,0.00333
9.0,1.0,3e-05,2e-05,0.0033
9.0,3.0,3e-05,2e-05,0.00372
9.0,5.0,3e-05,2e-05,0.00411
9.0,7.0,3e-05,2e-05,0.00374
9.0,9.0,3e-05,2e-05,0.00376
9.0,11.0,3e-05,2e-05,0.00365
9.0,13.0,3e-05,2e-05,0.00325
9.0,15.0,3e-05,2e-05,0.00375
10.0,1.0,3e-05,2e-05,0.00432
10.0,3.0,3e-05,2e-05,0.00356
10.0,5.0,3e-05,2e-05,0.00472
11.0,1.0,3e-05,2e-05,0.00365
12.0,1.0,3e-05,2e-05,0.00307
12.0,3.0,3e-05,2e-05,0.00299
12.0,5.0,3e-05,2e-05,0.00431
12.0,7.0,3e-05,2e-05,0.00452
12.0,9.0,3e-05,2e-05,0.00527
12.0,11.0,3e-05,2e-05,0.00416
12.0,13.0,3e-05,2e-05,0.00433
12.0,15.0,3e-05,2e-05,0.00533
12.0,17.0,3e-05,2e-05,0.00823
12.0,19.0,3e-05,2e-05,0.00327
12.0,21.0,3e-05,2e-05,0.00401
12.0,23.0,3e-05,2e-05,0.00467
12.0,27.0,3e-05,2e-05,0.00344
12.0,29.0,3e-05,2e-05,0.00473
12.0,31.0,3e-05,2e-05,0.00346
12.0,33.0,3e-05,2e-05,0.00425
12.0,35.0,3e-05,2e-05,0.0052
12.0,37.0,3e-05,2e-05,0.00338
12.0,39.0,3e-05,2e-05,0.0038
12.0,41.0,3e-05,2e-05,0.00455
12.0,43.0,3e-05,2e-05,0.00393
12.0,45.0,3e-05,2e-05,0.00395
12.0,47.0,3e-05,2e-05,0.00428
12.0,49.0,3e-05,2e-05,0.00401
12.0,51.0,3e-05,2e-05,0.00422
12.0,53.0,3e-05,2e-05,0.00571
12.0,55.0,3e-05,2e-05,0.00705
12.0,57.0,3e-05,2e-05,0.00333
12.0,59.0,3e-05,2e-05,0.00664
12.0,61.0,3e-05,2e-05,0.00574
12.0,63.0,3e-05,2e-05,0.00484
12.0,65.0,3e-05,2e-05,0.0053
12.0,67.0,3e-05,2e-05,0.00292
12.0,69.0,3e-05,2e-05,0.00514
12.0,71.0,3e-05,2e-05,0.00396
12.0,73.0,3e-05,2e-05,0.00287
12.0,75.0,3e-05,2e-05,0.00581
12.0,77.0,3e-05,2e-05,0.00354
12.0,79.0,3e-05,2e-05,0.00547
12.0,81.0,3e-05,2e-05,0.00454
12.0,83.0,3e-05,2e-05,0.00649
12.0,85.0,3e-05,2e-05,0.00521
12.0,86.0,3e-05,2e-05,0.00375
12.0,87.0,3e-05,2e-05,0.00367
12.0,89.0,3e-05,2e-05,0.00399
12.0,91.0,3e-05,2e-05,0.00339
12.0,93.0,3e-05,2e-05,0.00601
12.0,95.0,3e-05,2e-05,0.00281
12.0,97.0,3e-05,2e-05,0.00314
12.0,99.0,3e-05,2e-05,0.00478
12.0,101.0,3e-05,2e-05,0.00472
12.0,103.0,3e-05,2e-05,0.00447
12.0,105.0,3e-05,2e-05,0.00454
12.0,107.0,3e-05,2e-05,0.00461
12.0,109.0,3e-05,2e-05,0.0032
12.0,111.0,3e-05,2e-05,0.00443
12.0,113.0,3e-05,2e-05,0.00335
12.0,115.0,3e-05,2e-05,0.00498
12.0,117.0,3e-05,2e-05,0.00349
12.0,119.0,3e-05,2e-05,0.00513
12.0,121.0,3e-05,2e-05,0.00542
12.0,123.0,3e-05,2e-05,0.00382
12.0,125.0,3e-05,2e-05,0.00482
12.0,127.0,3e-05,2e-05,0.00581
12.0,129.0,3e-05,2e-05,0.00381
12.0,131.0,3e-05,2e-05,0.00401
12.0,133.0,3e-05,2e-05,0.00551
13.0,1.0,4e-05,2e-05,0.00543
13.0,3.0,5e-05,2e-05,0.00291
13.0,5.0,4e-05,2e-05,0.00576
13.0,7.0,5e-05,2e-05,0.00393
13.0,9.0,4e-05,3e-05,0.00528
13.0,11.0,5e-05,2e-05,0.00361
13.0,13.0,4e-05,2e-05,0.003
13.0,15.0,4e-05,2e-05,0.0041
13.0,17.0,4e-05,2e-05,0.0052
13.0,19.0,5e-05,2e-05,0.00567
13.0,21.0,5e-05,3e-05,0.00635
13.0,23.0,4e-05,3e-05,0.00494
13.0,25.0,4e-05,2e-05,0.00418
13.0,27.0,4e-05,2e-05,0.0062
13.0,29.0,4e-05,2e-05,0.00295
13.0,31.0,5e-05,3e-05,0.00384
13.0,33.0,4e-05,2e-05,0.00499
13.0,35.0,4e-05,3e-05,0.00431
13.0,37.0,4e-05,3e-05,0.00319
13.0,39.0,4e-05,3e-05,0.00353
13.0,43.0,4e-05,2e-05,0.00728
13.0,45.0,4e-05,3e-05,0.00445
13.0,47.0,4e-05,2e-05,0.0046
13.0,49.0,4e-05,3e-05,0.00305
13.0,51.0,5e-05,3e-05,0.0041
13.0,53.0,5e-05,4e-05,0.00159
13.0,55.0,5e-05,2e-05,0.00608
13.0,57.0,4e-05,2e-05,0.00259
13.0,59.0,5e-05,4e-05,0.00328
13.0,61.0,4e-05,2e-05,0.00476
13.0,63.0,4e-05,2e-05,0.00288
13.0,65.0,5e-05,2e-05,0.0064
13.0,67.0,4e-05,2e-05,0.00262
13.0,69.0,4e-05,3e-05,0.00465
13.0,71.0,4e-05,2e-05,0.00448
13.0,73.0,4e-05,2e-05,0.00242
13.0,75.0,4e-05,2e-05,0.00475
13.0,77.0,4e-05,2e-05,0.00335
13.0,79.0,4e-05,2e-05,0.00457
13.0,81.0,4e-05,2e-05,0.00371
13.0,83.0,4e-05,3e-05,0.00634
13.0,85.0,5e-05,2e-05,0.00375
13.0,87.0,4e-05,2e-05,0.00492
13.0,89.0,5e-05,2e-05,0.00248
13.0,91.0,4e-05,3e-05,0.0048
13.0,93.0,4e-05,3e-05,0.00421
13.0,95.0,4e-05,3e-05,0.00438
13.0,97.0,4e-05,2e-05,0.0032
13.0,99.0,4e-05,2e-05,0.00648
13.0,101.0,3e-05,2e-05,0.00285
13.0,103.0,4e-05,2e-05,0.00327
13.0,105.0,4e-05,2e-05,0.00695
13.0,107.0,4e-05,2e-05,0.00689
13.0,109.0,4e-05,2e-05,0.00419
13.0,111.0,4e-05,2e-05,0.00546
13.0,113.0,4e-05,2e-05,0.00338
13.0,115.0,4e-05,2e-05,0.00556
13.0,117.0,4e-05,2e-05,0.00252
13.0,119.0,4e-05,3e-05,0.0057
13.0,121.0,5e-05,3e-05,0.00279
13.0,123.0,4e-05,2e-05,0.00476
13.0,125.0,4e-05,2e-05,0.00401
13.0,127.0,4e-05,2e-05,0.00445
13.0,129.0,4e-05,2e-05,0.00447
13.0,131.0,4e-05,2e-05,0.0047
13.0,133.0,4e-05,2e-05,0.00518
13.0,135.0,4e-05,2e-05,0.00195
13.0,137.0,4e-05,3e-05,0.00444
13.0,139.0,4e-05,2e-05,0.00308
13.0,141.0,4e-05,3e-05,0.00602
13.0,143.0,4e-05,2e-05,0.00607
13.0,145.0,4e-05,2e-05,0.00399
13.0,147.0,4e-05,2e-05,0.00569
13.0,149.0,4e-05,2e-05,0.00609
13.0,151.0,4e-05,2e-05,0.00274
13.0,153.0,4e-05,2e-05,0.00363
13.0,155.0,4e-05,2e-05,0.00523
13.0,157.0,4e-05,2e-05,0.00449
13.0,159.0,4e-05,2e-05,0.00407
13.0,161.0,4e-05,2e-05,0.00633
13.0,163.0,4e-05,2e-05,0.00525
13.0,165.0,4e-05,3e-05,0.0048
13.0,167.0,4e-05,3e-05,0.00414
13.0,169.0,4e-05,2e-05,0.00373
13.0,171.0,4e-05,3e-05,0.00485
13.0,173.0,4e-05,2e-05,0.00291
13.0,175.0,4e-05,2e-05,0.00572
13.0,177.0,4e-05,2e-05,0.003
13.0,179.0,5e-05,3e-05,0.00283
13.0,181.0,5e-05,2e-05,0.00407
13.0,183.0,4e-05,2e-05,0.00229
13.0,185.0,4e-05,3e-05,0.00395
13.0,187.0,4e-05,3e-05,0.00477
13.0,189.0,4e-05,2e-05,0.00438
13.0,191.0,4e-05,3e-05,0.00411
13.0,193.0,4e-05,3e-05,0.00585
13.0,195.0,4e-05,2e-05,0.00463
13.0,197.0,4e-05,2e-05,0.00364
13.0,199.0,4e-05,2e-05,0.00694
13.0,201.0,4e-05,2e-05,0.00445
13.0,205.0,4e-05,2e-05,0.00496
13.0,207.0,4e-05,3e-05,0.00425
13.0,209.0,4e-05,3e-05,0.00421
13.0,211.0,4e-05,2e-05,0.0049
13.0,213.0,4e-05,2e-05,0.00425
13.0,215.0,4e-05,3e-05,0.00562
13.0,217.0,4e-05,2e-05,0.00327
13.0,219.0,4e-05,2e-05,0.00369
13.0,221.0,4e-05,2e-05,0.00434
13.0,223.0,4e-05,2e-05,0.00269
13.0,225.0,5e-05,3e-05,0.00586
13.0,227.0,4e-05,2e-05,0.00503
13.0,229.0,4e-05,2e-05,0.00516
13.0,231.0,4e-05,2e-05,0.00465
13.0,233.0,4e-05,2e-05,0.00549
13.0,235.0,4e-05,3e-05,0.00474
13.0,237.0,4e-05,2e-05,0.0048
13.0,239.0,5e-05,2e-05,0.00505
13.0,241.0,5e-05,3e-05,0.00489
13.0,243.0,4e-05,3e-05,0.0065
13.0,245.0,5e-05,3e-05,0.00456
13.0,247.0,4e-05,2e-05,0.00336
13.0,249.0,4e-05,2e-05,0.00334
13.0,251.0,4e-05,3e-05,0.00437
13.0,253.0,4e-05,2e-05,0.00786
13.0,255.0,4e-05,2e-05,0.00447
13.0,257.0,5e-05,3e-05,0.00496
13.0,259.0,4e-05,3e-05,0.00332
13.0,261.0,4e-05,3e-05,0.00519
13.0,263.0,4e-05,3e-05,0.00538
13.0,265.0,3e-05,2e-05,0.00457
13.0,267.0,4e-05,3e-05,0.00463
13.0,269.0,4e-05,3e-05,0.00387
13.0,271.0,5e-05,3e-05,0.0042
13.0,273.0,4e-05,2e-05,0.00399
13.0,275.0,4e-05,2e-05,0.00515
13.0,277.0,5e-05,3e-05,0.00534
13.0,279.0,5e-05,2e-05,0.00597
13.0,281.0,4e-05,3e-05,0.00711
13.0,283.0,4e-05,2e-05,0.00494
13.0,285.0,5e-05,2e-05,0.00512
13.0,287.0,5e-05,2e-05,0.00521
13.0,289.0,5e-05,2e-05,0.00478
13.0,291.0,4e-05,2e-05,0.00498
13.0,293.0,4e-05,2e-05,0.00702
13.0,295.0,4e-05,2e-05,0.0074
13.0,297.0,4e-05,2e-05,0.00455
13.0,299.0,4e-05,2e-05,0.00597
13.0,301.0,4e-05,2e-05,0.00431
13.0,303.0,4e-05,3e-05,0.00428
13.0,305.0,4e-05,2e-05,0.00512
13.0,307.0,4e-05,2e-05,0.00441
13.0,309.0,4e-05,3e-05,0.00286
13.0,311.0,4e-05,2e-05,0.0037
13.0,313.0,4e-05,2e-05,0.00366
13.0,315.0,4e-05,3e-05,0.00483
13.0,317.0,4e-05,2e-05,0.00746
13.0,319.0,4e-05,2e-05,0.00797
13.0,321.0,4e-05,2e-05,0.00386
15.0,1.0,3e-05,2e-05,0.00397
15.0,3.0,3e-05,2e-05,0.00343
15.0,5.0,,,
15.0,7.0,3e-05,2e-05,0.00308
15.0,9.0,3e-05,2e-05,0.00274
16.0,1.0,3e-05,2e-05,0.00283
16.0,3.0,3e-05,2e-05,0.00312
16.0,5.0,3e-05,2e-05,0.00402
16.0,7.0,3e-05,2e-05,0.0046
16.0,9.0,3e-05,2e-05,0.00564
16.0,11.0,3e-05,2e-05,0.00429
16.0,13.0,3e-05,2e-05,0.00267
16.0,15.0,3e-05,2e-05,0.00274
16.0,17.0,3e-05,2e-05,0.00408
16.0,19.0,3e-05,2e-05,0.00388
16.0,21.0,3e-05,2e-05,0.00438
16.0,23.0,3e-05,2e-05,0.00332
16.0,25.0,,1e-05,0.00308
16.0,27.0,3e-05,2e-05,0.00372
16.0,29.0,3e-05,1e-05,0.00305
16.0,31.0,3e-05,2e-05,0.00366
16.0,33.0,3e-05,2e-05,0.0026
16.0,35.0,3e-05,2e-05,0.00406
16.0,37.0,3e-05,2e-05,0.00331
16.0,39.0,3e-05,2e-05,0.00306
16.0,41.0,3e-05,2e-05,0.00295
16.0,43.0,3e-05,2e-05,0.00452
16.0,45.0,3e-05,2e-05,0.00521
16.0,47.0,3e-05,2e-05,0.00398
16.0,49.0,3e-05,2e-05,0.00377
16.0,51.0,3e-05,1e-05,0.00278
16.0,53.0,3e-05,2e-05,0.00361
16.0,55.0,3e-05,2e-05,0.00406
16.0,57.0,3e-05,2e-05,0.00353
16.0,59.0,3e-05,2e-05,0.00395
16.0,61.0,3e-05,2e-05,0.00405
16.0,63.0,3e-05,2e-05,0.0024
16.0,65.0,4e-05,2e-05,0.00251
16.0,67.0,3e-05,2e-05,0.00285
16.0,69.0,3e-05,2e-05,0.00598
16.0,71.0,3e-05,1e-05,0.00364
16.0,73.0,3e-05,2e-05,0.0028
16.0,75.0,3e-05,2e-05,0.00402
16.0,77.0,3e-05,2e-05,0.00249
16.0,79.0,3e-05,2e-05,0.00605
16.0,81.0,3e-05,2e-05,0.00161
16.0,83.0,3e-05,2e-05,0.00346
16.0,85.0,3e-05,2e-05,0.0028
16.0,87.0,3e-05,2e-05,0.00611
17.0,1.0,3e-05,2e-05,0.00556
17.0,3.0,3e-05,2e-05,0.00584
17.0,5.0,3e-05,2e-05,0.00584
17.0,7.0,3e-05,2e-05,0.00316
17.0,9.0,3e-05,2e-05,0.00301
17.0,11.0,3e-05,2e-05,0.00603
17.0,13.0,3e-05,2e-05,0.00476
17.0,15.0,3e-05,2e-05,0.00657
17.0,17.0,3e-05,2e-05,0.00712
17.0,19.0,3e-05,3e-05,0.00304
17.0,21.0,3e-05,2e-05,0.00514
17.0,23.0,3e-05,2e-05,0.00491
17.0,25.0,3e-05,2e-05,0.00556
17.0,27.0,3e-05,2e-05,0.00457
17.0,29.0,3e-05,2e-05,0.00547
17.0,31.0,3e-05,2e-05,0.00368
17.0,33.0,3e-05,2e-05,0.00656
17.0,35.0,3e-05,2e-05,0.00494
17.0,37.0,3e-05,2e-05,0.00312
17.0,39.0,3e-05,2e-05,0.00508
17.0,41.0,3e-05,2e-05,0.00495
17.0,43.0,3e-05,2e-05,0.00292
17.0,45.0,3e-05,2e-05,0.00605
17.0,47.0,3e-05,2e-05,0.0044
17.0,49.0,3e-05,2e-05,0.0041
17.0,51.0,3e-05,2e-05,0.00459
17.0,53.0,3e-05,2e-05,0.00529
17.0,55.0,3e-05,2e-05,0.00433
17.0,57.0,3e-05,2e-05,0.00531
17.0,59.0,3e-05,2e-05,0.00418
17.0,61.0,3e-05,2e-05,0.00489
17.0,63.0,3e-05,2e-05,0.00361
17.0,65.0,3e-05,2e-05,0.00657
17.0,67.0,3e-05,2e-05,0.00482
17.0,69.0,2e-05,2e-05,0.00635
17.0,71.0,3e-05,2e-05,0.00571
17.0,73.0,3e-05,2e-05,0.00523
17.0,75.0,3e-05,2e-05,0.00666
17.0,77.0,3e-05,3e-05,0.0035
17.0,79.0,3e-05,2e-05,0.00388
17.0,81.0,3e-05,2e-05,0.00432
17.0,83.0,3e-05,2e-05,0.00552
17.0,85.0,3e-05,2e-05,0.00532
17.0,87.0,3e-05,2e-05,0.00367
17.0,89.0,3e-05,2e-05,0.00276
17.0,91.0,3e-05,2e-05,0.00532
17.0,93.0,3e-05,2e-05,0.00215
17.0,95.0,3e-05,2e-05,0.00604
17.0,97.0,3e-05,2e-05,0.00266
17.0,99.0,3e-05,2e-05,0.00515
17.0,101.0,3e-05,2e-05,0.00414
17.0,103.0,3e-05,2e-05,0.00445
17.0,105.0,3e-05,2e-05,0.00566
17.0,107.0,3e-05,2e-05,0.00487
17.0,109.0,3e-05,3e-05,0.0061
17.0,111.0,3e-05,2e-05,0.00291
17.0,113.0,3e-05,2e-05,0.00335
17.0,115.0,3e-05,2e-05,0.00487
17.0,117.0,3e-05,2e-05,0.00565
17.0,119.0,3e-05,2e-05,0.00489
17.0,121.0,3e-05,2e-05,0.0067
17.0,123.0,3e-05,2e-05,0.00501
17.0,125.0,3e-05,2e-05,0.0056
17.0,127.0,3e-05,2e-05,0.00754
17.0,129.0,3e-05,2e-05,0.00397
17.0,131.0,3e-05,2e-05,0.00473
17.0,133.0,3e-05,2e-05,0.00405
17.0,135.0,3e-05,2e-05,0.00542
17.0,137.0,3e-05,2e-05,0.0058
17.0,139.0,3e-05,2e-05,0.00575
17.0,141.0,3e-05,2e-05,0.00438
17.0,143.0,3e-05,2e-05,0.0045
17.0,145.0,3e-05,2e-05,0.00451
17.0,147.0,3e-05,2e-05,0.00464
17.0,149.0,3e-05,2e-05,0.00462
17.0,151.0,3e-05,2e-05,0.00429
17.0,153.0,3e-05,2e-05,0.00454
17.0,155.0,2e-05,2e-05,0.00404
17.0,157.0,3e-05,2e-05,0.00448
17.0,159.0,3e-05,2e-05,0.00481
17.0,161.0,3e-05,2e-05,0.00518
17.0,163.0,3e-05,2e-05,0.00423
17.0,165.0,3e-05,2e-05,0.00594
17.0,167.0,3e-05,2e-05,0.00416
17.0,169.0,3e-05,2e-05,0.0057
17.0,171.0,3e-05,2e-05,0.00433
17.0,173.0,3e-05,2e-05,0.00452
17.0,175.0,2e-05,2e-05,0.00528
17.0,177.0,3e-05,2e-05,0.00496
17.0,179.0,3e-05,2e-05,0.00472
17.0,181.0,3e-05,2e-05,0.00459
17.0,183.0,3e-05,2e-05,0.00543
17.0,185.0,3e-05,2e-05,0.00648
17.0,187.0,3e-05,2e-05,0.00565
17.0,189.0,3e-05,2e-05,0.00611
17.0,191.0,3e-05,2e-05,0.00585
17.0,193.0,3e-05,2e-05,0.0051
17.0,195.0,3e-05,2e-05,0.00521
17.0,197.0,3e-05,2e-05,0.00308
17.0,199.0,3e-05,2e-05,0.00404
17.0,201.0,3e-05,2e-05,0.00432
17.0,203.0,3e-05,2e-05,0.00394
18.0,1.0,3e-05,2e-05,0.00497
18.0,3.0,3e-05,2e-05,0.00387
18.0,5.0,3e-05,2e-05,0.0041
18.0,7.0,3e-05,2e-05,0.00369
18.0,9.0,3e-05,2e-05,0.00471
18.0,11.0,3e-05,2e-05,0.00427
18.0,13.0,3e-05,2e-05,0.0043
18.0,15.0,3e-05,2e-05,0.00448
18.0,17.0,3e-05,2e-05,0.00443
18.0,19.0,3e-05,2e-05,0.00431
18.0,21.0,3e-05,2e-05,0.00605
18.0,23.0,3e-05,2e-05,0.00483
18.0,25.0,3e-05,2e-05,0.00376
18.0,27.0,3e-05,2e-05,0.00455
18.0,29.0,3e-05,2e-05,0.0042
18.0,31.0,3e-05,2e-05,0.00515
18.0,33.0,3e-05,2e-05,0.00392
18.0,35.0,3e-05,2e-05,0.00501
18.0,37.0,3e-05,2e-05,0.00476
18.0,39.0,3e-05,2e-05,0.00435
18.0,41.0,3e-05,2e-05,0.00501
18.0,43.0,3e-05,2e-05,0.00429
18.0,45.0,3e-05,2e-05,0.00501
18.0,47.0,3e-05,2e-05,0.00459
18.0,49.0,3e-05,2e-05,0.00551
18.0,51.0,3e-05,2e-05,0.00501
18.0,53.0,3e-05,2e-05,0.00544
18.0,55.0,3e-05,2e-05,0.00512
18.0,57.0,3e-05,2e-05,0.0025
18.0,59.0,3e-05,2e-05,0.00362
18.0,61.0,3e-05,2e-05,0.00437
18.0,63.0,3e-05,2e-05,0.00281
18.0,65.0,3e-05,2e-05,0.00489
18.0,67.0,3e-05,2e-05,0.00515
18.0,69.0,3e-05,2e-05,0.00518
18.0,71.0,3e-05,2e-05,0.00371
18.0,73.0,3e-05,2e-05,0.00476
18.0,75.0,3e-05,2e-05,0.00448
18.0,77.0,3e-05,2e-05,0.00555
18.0,79.0,3e-05,2e-05,0.00455
18.0,81.0,3e-05,2e-05,0.00368
18.0,83.0,3e-05,2e-05,0.00446
18.0,85.0,3e-05,2e-05,0.00374
18.0,87.0,3e-05,2e-05,0.00405
18.0,89.0,3e-05,2e-05,0.00451
18.0,91.0,3e-05,2e-05,0.00512
18.0,93.0,3e-05,2e-05,0.00532
18.0,95.0,3e-05,2e-05,0.00458
18.0,97.0,3e-05,2e-05,0.00346
18.0,99.0,3e-05,2e-05,0.00552
18.0,101.0,3e-05,2e-05,0.00501
18.0,103.0,3e-05,2e-05,0.00611
18.0,105.0,3e-05,3e-05,0.00318
18.0,107.0,3e-05,2e-05,0.00487
18.0,109.0,3e-05,2e-05,0.00386
18.0,111.0,3e-05,2e-05,0.00397
18.0,113.0,3e-05,2e-05,0.0038
18.0,115.0,3e-05,2e-05,0.00375
18.0,117.0,3e-05,2e-05,0.00523
18.0,119.0,3e-05,2e-05,0.00491
18.0,121.0,3e-05,2e-05,0.00478
18.0,123.0,3e-05,2e-05,0.00571
18.0,125.0,3e-05,2e-05,0.00572
18.0,127.0,3e-05,2e-05,0.00328
18.0,129.0,3e-05,2e-05,0.00391
18.0,131.0,3e-05,2e-05,0.00504
18.0,133.0,3e-05,2e-05,0.00514
18.0,135.0,3e-05,2e-05,0.0047
18.0,137.0,3e-05,2e-05,0.00571
18.0,139.0,3e-05,2e-05,0.00525
18.0,141.0,3e-05,2e-05,0.00451
18.0,143.0,3e-05,2e-05,0.00415
18.0,145.0,3e-05,2e-05,0.00447
18.0,147.0,3e-05,2e-05,0.0049
18.0,149.0,3e-05,2e-05,0.00495
18.0,151.0,3e-05,2e-05,0.00388
18.0,153.0,3e-05,2e-05,0.00436
18.0,155.0,3e-05,2e-05,0.00322
18.0,157.0,3e-05,2e-05,0.00361
18.0,159.0,3e-05,2e-05,0.00483
18.0,161.0,3e-05,2e-05,0.00366
18.0,163.0,3e-05,2e-05,0.00427
18.0,165.0,3e-05,2e-05,0.00647
18.0,167.0,3e-05,2e-05,0.0051
18.0,169.0,3e-05,2e-05,0.0063
18.0,171.0,3e-05,2e-05,0.00528
18.0,173.0,3e-05,2e-05,0.00429
18.0,175.0,3e-05,2e-05,0.00492
18.0,177.0,3e-05,2e-05,0.00567
18.0,179.0,3e-05,2e-05,0.00497
18.0,181.0,3e-05,2e-05,0.00526
18.0,183.0,3e-05,2e-05,0.00453
19.0,1.0,3e-05,2e-05,0.0074
19.0,3.0,3e-05,2e-05,0.00383
19.0,5.0,3e-05,2e-05,0.00528
19.0,7.0,3e-05,2e-05,0.00575
19.0,9.0,3e-05,2e-05,0.00543
19.0,11.0,3e-05,2e-05,0.0034
19.0,13.0,3e-05,2e-05,0.00456
19.0,15.0,3e-05,2e-05,0.0049
19.0,17.0,3e-05,2e-05,0.00478
19.0,19.0,3e-05,2e-05,0.00539
19.0,21.0,3e-05,2e-05,0.00556
19.0,23.0,3e-05,2e-05,0.00648
19.0,25.0,3e-05,2e-05,0.00588
19.0,27.0,3e-05,2e-05,0.00439
19.0,29.0,3e-05,2e-05,0.00735
19.0,31.0,3e-05,2e-05,0.00529
19.0,33.0,3e-05,2e-05,0.00521
19.0,35.0,3e-05,2e-05,0.00526
19.0,37.0,3e-05,2e-05,0.00745
19.0,39.0,3e-05,2e-05,0.00532
19.0,41.0,3e-05,2e-05,0.00439
19.0,43.0,3e-05,2e-05,0.00463
19.0,45.0,3e-05,2e-05,0.00551
19.0,47.0,3e-05,2e-05,0.00472
19.0,49.0,3e-05,2e-05,0.00248
19.0,51.0,3e-05,2e-05,0.00578
19.0,53.0,3e-05,2e-05,0.00544
19.0,55.0,3e-05,2e-05,0.00482
19.0,57.0,3e-05,2e-05,0.0045
19.0,59.0,3e-05,2e-05,0.00624
19.0,61.0,3e-05,2e-05,0.00378
19.0,63.0,3e-05,2e-05,0.00507
19.0,65.0,3e-05,2e-05,0.00599
19.0,67.0,3e-05,2e-05,0.00579
19.0,69.0,3e-05,2e-05,0.00683
19.0,71.0,3e-05,2e-05,0.00457
19.0,73.0,3e-05,2e-05,0.00749
19.0,75.0,3e-05,2e-05,0.00547
19.0,77.0,3e-05,2e-05,0.00381
19.0,79.0,3e-05,2e-05,0.00497
19.0,81.0,3e-05,2e-05,0.00507
19.0,83.0,3e-05,2e-05,0.00511
19.0,85.0,3e-05,2e-05,0.00564
19.0,87.0,3e-05,2e-05,0.00658
19.0,89.0,3e-05,2e-05,0.00738
19.0,91.0,3e-05,2e-05,0.00698
19.0,93.0,3e-05,2e-05,0.00569
19.0,95.0,3e-05,2e-05,0.00493
19.0,97.0,3e-05,2e-05,0.00507
19.0,99.0,3e-05,2e-05,0.00423
19.0,101.0,3e-05,2e-05,0.00446
19.0,103.0,3e-05,2e-05,0.00304
19.0,105.0,3e-05,2e-05,0.0047
19.0,107.0,3e-05,2e-05,0.00613
19.0,109.0,3e-05,2e-05,0.00749
19.0,111.0,3e-05,2e-05,0.0047
19.0,113.0,3e-05,2e-05,0.00341
19.0,115.0,3e-05,2e-05,0.00386
19.0,117.0,3e-05,2e-05,0.00633
19.0,119.0,3e-05,2e-05,0.00484
19.0,121.0,3e-05,2e-05,0.00413
19.0,123.0,3e-05,2e-05,0.00624
19.0,125.0,3e-05,2e-05,0.00583
19.0,127.0,3e-05,2e-05,0.00529
19.0,129.0,3e-05,2e-05,0.0032
19.0,131.0,3e-05,2e-05,0.00721
19.0,133.0,3e-05,2e-05,0.00733
19.0,135.0,3e-05,2e-05,0.00424
19.0,137.0,3e-05,2e-05,0.00579
19.0,139.0,3e-05,2e-05,0.00428
19.0,141.0,3e-05,2e-05,0.00707
19.0,143.0,3e-05,2e-05,0.00614
19.0,145.0,3e-05,2e-05,0.00586
19.0,147.0,3e-05,2e-05,0.00649
19.0,149.0,3e-05,2e-05,0.00458
19.0,151.0,3e-05,2e-05,0.00638
19.0,153.0,3e-05,2e-05,0.00311
19.0,155.0,3e-05,2e-05,0.0044
19.0,157.0,3e-05,2e-05,0.00476
19.0,159.0,3e-05,2e-05,0.00609
19.0,161.0,3e-05,2e-05,0.00731
19.0,163.0,3e-05,2e-05,0.00354
19.0,165.0,3e-05,2e-05,0.00562
19.0,167.0,3e-05,2e-05,0.0039
19.0,169.0,3e-05,3e-05,0.00295
19.0,171.0,3e-05,2e-05,0.0052
19.0,173.0,3e-05,2e-05,0.00831
19.0,175.0,3e-05,2e-05,0.00598
19.0,177.0,3e-05,2e-05,0.00493
19.0,179.0,3e-05,2e-05,0.00504
19.0,181.0,3e-05,2e-05,0.00415
19.0,183.0,3e-05,2e-05,0.00493
19.0,185.0,3e-05,2e-05,0.00676
19.0,187.0,3e-05,2e-05,0.00502
19.0,189.0,3e-05,2e-05,0.00608
19.0,191.0,3e-05,2e-05,0.00624
19.0,193.0,3e-05,2e-05,0.00302
19.0,195.0,3e-05,2e-05,0.00521
19.0,197.0,3e-05,2e-05,0.00704
20.0,1.0,3e-05,2e-05,0.00662
20.0,3.0,3e-05,2e-05,0.00649
20.0,5.0,3e-05,2e-05,0.00501
20.0,7.0,3e-05,2e-05,0.00664
20.0,9.0,3e-05,2e-05,0.0052
20.0,11.0,3e-05,2e-05,0.00658
20.0,13.0,3e-05,2e-05,0.0054
20.0,15.0,3e-05,2e-05,0.00408
20.0,17.0,3e-05,2e-05,0.00477
20.0,19.0,3e-05,2e-05,0.00538
20.0,21.0,3e-05,2e-05,0.00562
20.0,23.0,3e-05,2e-05,0.00826
20.0,25.0,3e-05,2e-05,0.00557
20.0,27.0,3e-05,2e-05,0.00518
20.0,29.0,3e-05,2e-05,0.0079
20.0,31.0,3e-05,2e-05,0.00483
20.0,33.0,3e-05,1e-05,0.00484
20.0,35.0,3e-05,2e-05,0.00522
20.0,37.0,3e-05,2e-05,0.00511
20.0,39.0,3e-05,2e-05,0.00644
20.0,41.0,3e-05,2e-05,0.00599
20.0,43.0,3e-05,2e-05,0.00417
20.0,45.0,3e-05,2e-05,0.00283
20.0,47.0,3e-05,2e-05,0.00439
20.0,49.0,3e-05,2e-05,0.00565
20.0,51.0,3e-05,2e-05,0.00444
20.0,53.0,3e-05,2e-05,0.00617
20.0,55.0,3e-05,2e-05,0.00286
20.0,57.0,3e-05,2e-05,0.00385
20.0,59.0,3e-05,2e-05,0.00526
20.0,61.0,4e-05,2e-05,0.0034
20.0,63.0,4e-05,2e-05,0.0056
20.0,65.0,3e-05,2e-05,0.00537
20.0,67.0,3e-05,2e-05,0.0031
20.0,69.0,3e-05,2e-05,0.00522
20.0,71.0,3e-05,1e-05,0.00594
20.0,73.0,3e-05,2e-05,0.00566
20.0,75.0,3e-05,2e-05,0.00293
20.0,77.0,3e-05,2e-05,0.00506
20.0,79.0,3e-05,2e-05,0.0053
20.0,81.0,3e-05,2e-05,0.00336
20.0,83.0,3e-05,2e-05,0.00528
20.0,85.0,3e-05,2e-05,0.00443
20.0,87.0,3e-05,2e-05,0.00444
20.0,89.0,3e-05,2e-05,0.00602
20.0,91.0,3e-05,2e-05,0.00325
20.0,93.0,3e-05,2e-05,0.00345
20.0,95.0,3e-05,2e-05,0.00827
20.0,97.0,3e-05,2e-05,0.00493
20.0,99.0,3e-05,2e-05,0.00626
20.0,101.0,3e-05,2e-05,0.00486
20.0,103.0,3e-05,2e-05,0.00362
20.0,105.0,3e-05,2e-05,0.0051
20.0,107.0,3e-05,2e-05,0.00515
20.0,109.0,3e-05,2e-05,0.00477
20.0,111.0,3e-05,2e-05,0.00395
20.0,113.0,3e-05,2e-05,0.00541
20.0,115.0,3e-05,2e-05,0.006
20.0,117.0,3e-05,2e-05,0.00623
20.0,119.0,3e-05,2e-05,0.00493
20.0,121.0,3e-05,2e-05,0.00477
20.0,123.0,3e-05,2e-05,0.00601
20.0,125.0,3e-05,2e-05,0.00761
20.0,127.0,3e-05,2e-05,0.00632
20.0,129.0,3e-05,2e-05,0.00477
20.0,131.0,3e-05,2e-05,0.00531
20.0,133.0,3e-05,2e-05,0.00576
20.0,135.0,3e-05,2e-05,0.00587
20.0,137.0,3e-05,2e-05,0.0057
20.0,139.0,3e-05,2e-05,0.00684
20.0,141.0,4e-05,2e-05,0.00576
20.0,143.0,3e-05,2e-05,0.0054
20.0,145.0,3e-05,2e-05,0.00527
20.0,147.0,3e-05,2e-05,0.00684
20.0,149.0,3e-05,2e-05,0.00313
20.0,151.0,3e-05,2e-05,0.00514
20.0,153.0,4e-05,2e-05,0.00611
20.0,155.0,3e-05,2e-05,0.00442
20.0,157.0,3e-05,2e-05,0.00662
20.0,159.0,3e-05,2e-05,0.00568
20.0,161.0,4e-05,3e-05,0.003
20.0,163.0,3e-05,2e-05,0.00552
20.0,165.0,3e-05,2e-05,0.00735
20.0,167.0,3e-05,2e-05,0.00497
20.0,169.0,3e-05,2e-05,0.00367
20.0,171.0,3e-05,2e-05,0.00582
20.0,173.0,3e-05,2e-05,0.0038
20.0,175.0,3e-05,2e-05,0.00318
20.0,177.0,3e-05,2e-05,0.00412
20.0,179.0,3e-05,2e-05,0.00575
20.0,181.0,3e-05,2e-05,0.00531
20.0,183.0,3e-05,2e-05,0.00978
20.0,185.0,3e-05,2e-05,0.00516
20.0,187.0,3e-05,2e-05,0.00436
20.0,189.0,3e-05,2e-05,0.00376
20.0,191.0,3e-05,2e-05,0.00439
20.0,193.0,4e-05,2e-05,0.00418
20.0,195.0,4e-05,2e-05,0.0052
20.0,197.0,3e-05,2e-05,0.00388
20.0,199.0,3e-05,2e-05,0.00564
20.0,201.0,3e-05,2e-05,0.00733
20.0,203.0,3e-05,2e-05,0.00468
20.0,205.0,3e-05,2e-05,0.00555
20.0,207.0,3e-05,2e-05,0.00743
20.0,209.0,3e-05,2e-05,0.00397
21.0,1.0,3e-05,2e-05,0.00652
21.0,3.0,3e-05,2e-05,0.00498
21.0,5.0,3e-05,2e-05,0.00442
21.0,7.0,3e-05,2e-05,0.00511
21.0,9.0,3e-05,2e-05,0.00528
21.0,11.0,3e-05,2e-05,0.00555
21.0,13.0,3e-05,2e-05,0.00688
21.0,15.0,3e-05,2e-05,0.0028
21.0,17.0,3e-05,2e-05,0.00478
21.0,19.0,3e-05,2e-05,0.00589
21.0,21.0,3e-05,2e-05,0.00464
21.0,23.0,3e-05,2e-05,0.00497
21.0,25.0,3e-05,2e-05,0.00737
21.0,27.0,3e-05,2e-05,0.00468
21.0,29.0,3e-05,2e-05,0.0031
21.0,31.0,3e-05,2e-05,0.00565
21.0,33.0,3e-05,2e-05,0.00605
21.0,35.0,3e-05,3e-05,0.00598
21.0,37.0,3e-05,2e-05,0.00337
21.0,39.0,3e-05,2e-05,0.00507
21.0,41.0,3e-05,2e-05,0.0039
21.0,43.0,3e-05,2e-05,0.0046
21.0,45.0,3e-05,2e-05,0.00524
21.0,47.0,4e-05,2e-05,0.0043
21.0,49.0,3e-05,2e-05,0.00524
21.0,51.0,3e-05,2e-05,0.00538
21.0,53.0,3e-05,2e-05,0.00484
21.0,55.0,3e-05,2e-05,0.00773
21.0,57.0,3e-05,2e-05,0.00546
21.0,59.0,3e-05,2e-05,0.00461
21.0,61.0,3e-05,2e-05,0.00525
21.0,63.0,3e-05,2e-05,0.00404
21.0,65.0,3e-05,2e-05,0.00479
21.0,67.0,3e-05,2e-05,0.00305
21.0,69.0,3e-05,2e-05,0.00481
21.0,71.0,3e-05,2e-05,0.00638
21.0,73.0,3e-05,2e-05,0.00471
21.0,75.0,3e-05,2e-05,0.00542
21.0,77.0,3e-05,2e-05,0.00309
21.0,79.0,3e-05,2e-05,0.00421
21.0,81.0,3e-05,2e-05,0.00471
21.0,83.0,3e-05,2e-05,0.00604
21.0,85.0,3e-05,2e-05,0.00506
21.0,87.0,3e-05,2e-05,0.00624
21.0,89.0,3e-05,2e-05,0.00474
21.0,91.0,3e-05,2e-05,0.00393
21.0,93.0,3e-05,2e-05,0.00318
21.0,95.0,3e-05,2e-05,0.00738
21.0,97.0,3e-05,2e-05,0.0053
21.0,99.0,3e-05,2e-05,0.00559
21.0,101.0,3e-05,2e-05,0.00427
21.0,103.0,3e-05,2e-05,0.00387
21.0,105.0,3e-05,2e-05,0.00673
21.0,107.0,3e-05,2e-05,0.00656
21.0,109.0,3e-05,2e-05,0.00729
21.0,111.0,3e-05,2e-05,0.00394
21.0,113.0,3e-05,2e-05,0.00339
21.0,115.0,3e-05,2e-05,0.00568
21.0,117.0,3e-05,2e-05,0.00342
21.0,119.0,3e-05,2e-05,0.00595
21.0,121.0,3e-05,2e-05,0.00468
21.0,123.0,3e-05,2e-05,0.00588
21.0,125.0,3e-05,2e-05,0.00471
21.0,127.0,3e-05,2e-05,0.00524
21.0,129.0,3e-05,2e-05,0.00376
21.0,131.0,3e-05,2e-05,0.00641
21.0,133.0,3e-05,2e-05,0.00603
21.0,135.0,3e-05,2e-05,0.00562
21.0,137.0,3e-05,2e-05,0.00484
21.0,139.0,3e-05,2e-05,0.00652
21.0,141.0,3e-05,2e-05,0.00434
21.0,143.0,3e-05,2e-05,0.00501
21.0,145.0,3e-05,2e-05,0.00528
21.0,147.0,3e-05,2e-05,0.00471
21.0,149.0,3e-05,2e-05,0.00577
21.0,151.0,3e-05,2e-05,0.00349
21.0,153.0,3e-05,2e-05,0.00369
21.0,155.0,3e-05,2e-05,0.00449
21.0,157.0,3e-05,2e-05,0.00683
21.0,159.0,3e-05,2e-05,0.00402
21.0,161.0,3e-05,2e-05,0.00646
21.0,163.0,3e-05,2e-05,0.00332
21.0,165.0,3e-05,2e-05,0.00413
21.0,167.0,3e-05,2e-05,0.00473
21.0,169.0,3e-05,2e-05,0.00506
21.0,171.0,3e-05,2e-05,0.00868
21.0,173.0,3e-05,2e-05,0.005
21.0,175.0,3e-05,2e-05,0.00359
21.0,177.0,3e-05,2e-05,0.00467
21.0,179.0,3e-05,2e-05,0.00427
21.0,181.0,3e-05,2e-05,0.00602
21.0,183.0,3e-05,2e-05,0.0057
21.0,185.0,3e-05,2e-05,0.00293
21.0,187.0,3e-05,2e-05,0.00507
21.0,189.0,3e-05,2e-05,0.00419
21.0,191.0,3e-05,2e-05,0.0045
21.0,193.0,3e-05,2e-05,0.00744
21.0,195.0,3e-05,2e-05,0.00535
21.0,197.0,3e-05,2e-05,0.00445
21.0,199.0,3e-05,2e-05,0.00556
21.0,201.0,3e-05,2e-05,0.00526
21.0,203.0,3e-05,2e-05,0.00419
21.0,205.0,3e-05,3e-05,0.00435
21.0,207.0,3e-05,2e-05,0.00596
21.0,209.0,3e-05,2e-05,0.00359
21.0,211.0,3e-05,2e-05,0.00363
21.0,213.0,3e-05,2e-05,0.00683
21.0,215.0,3e-05,2e-05,0.00386
21.0,217.0,3e-05,2e-05,0.00496
21.0,219.0,3e-05,2e-05,0.00537
21.0,221.0,3e-05,2e-05,0.00466
21.0,223.0,3e-05,2e-05,0.0054
21.0,225.0,3e-05,2e-05,0.00556
21.0,227.0,3e-05,2e-05,0.00401
21.0,229.0,3e-05,2e-05,0.00473
21.0,231.0,3e-05,2e-05,0.00469
21.0,233.0,3e-05,2e-05,0.00587
21.0,235.0,3e-05,2e-05,0.00651
21.0,237.0,3e-05,2e-05,0.00703
21.0,239.0,3e-05,2e-05,0.00469
22.0,1.0,5e-05,3e-05,0.00471
22.0,3.0,5e-05,3e-05,0.00434
22.0,5.0,5e-05,3e-05,0.00324
22.0,7.0,5e-05,3e-05,0.00424
22.0,9.0,5e-05,3e-05,0.00634
22.0,11.0,5e-05,3e-05,0.00572
22.0,13.0,5e-05,3e-05,0.00688
22.0,15.0,5e-05,3e-05,0.00404
22.0,17.0,5e-05,3e-05,0.00425
22.0,19.0,5e-05,3e-05,0.00589
22.0,21.0,5e-05,3e-05,0.00678
22.0,23.0,4e-05,3e-05,0.00294
22.0,25.0,4e-05,3e-05,0.0081
22.0,27.0,5e-05,3e-05,0.00606
22.0,29.0,5e-05,3e-05,0.00481
22.0,31.0,5e-05,3e-05,0.00458
22.0,33.0,5e-05,3e-05,0.00432
22.0,35.0,5e-05,3e-05,0.0043
22.0,37.0,5e-05,3e-05,0.00664
22.0,39.0,5e-05,3e-05,0.00476
22.0,41.0,5e-05,3e-05,0.01246
22.0,43.0,5e-05,3e-05,0.0041
22.0,45.0,5e-05,3e-05,0.00527
22.0,47.0,5e-05,3e-05,0.00473
22.0,49.0,5e-05,3e-05,0.0068
22.0,51.0,5e-05,3e-05,0.00407
22.0,53.0,5e-05,3e-05,0.00635
22.0,55.0,5e-05,3e-05,0.00352
22.0,57.0,5e-05,3e-05,0.00368
22.0,59.0,5e-05,3e-05,0.00425
22.0,61.0,5e-05,4e-05,0.0037
22.0,63.0,5e-05,3e-05,0.00342
22.0,65.0,5e-05,3e-05,0.00519
22.0,67.0,5e-05,3e-05,0.00558
22.0,69.0,5e-05,3e-05,0.00539
22.0,71.0,5e-05,3e-05,0.00379
22.0,73.0,5e-05,3e-05,0.00387
22.0,75.0,5e-05,3e-05,0.00417
22.0,77.0,5e-05,3e-05,0.00565
22.0,79.0,5e-05,3e-05,0.00628
22.0,81.0,5e-05,3e-05,0.00321
22.0,83.0,5e-05,3e-05,0.00629
22.0,85.0,4e-05,3e-05,0.00459
22.0,87.0,5e-05,3e-05,0.00374
22.0,89.0,5e-05,3e-05,0.00346
22.0,91.0,5e-05,3e-05,0.00394
22.0,93.0,5e-05,3e-05,0.00458
22.0,95.0,5e-05,3e-05,0.00471
22.0,97.0,5e-05,3e-05,0.00661
22.0,99.0,5e-05,3e-05,0.00474
22.0,101.0,5e-05,3e-05,0.00441
22.0,103.0,5e-05,3e-05,0.00351
22.0,105.0,5e-05,3e-05,0.00455
22.0,107.0,4e-05,3e-05,0.0063
22.0,109.0,5e-05,3e-05,0.00393
22.0,111.0,5e-05,3e-05,0.00675
22.0,113.0,5e-05,3e-05,0.00561
22.0,115.0,5e-05,3e-05,0.005
22.0,117.0,5e-05,3e-05,0.00585
22.0,119.0,5e-05,3e-05,0.00633
22.0,121.0,5e-05,3e-05,0.00368
22.0,123.0,5e-05,3e-05,0.00628
22.0,125.0,4e-05,3e-05,0.00302
22.0,127.0,4e-05,3e-05,0.00712
23.0,1.0,3e-05,2e-05,0.00401
23.0,3.0,3e-05,2e-05,0.00502
23.0,5.0,3e-05,2e-05,0.00331
23.0,7.0,3e-05,2e-05,0.00494
23.0,9.0,3e-05,2e-05,0.00344
23.0,11.0,3e-05,2e-05,0.00396
23.0,13.0,3e-05,2e-05,0.00518
23.0,15.0,3e-05,2e-05,0.0044
23.0,17.0,3e-05,2e-05,0.0039
23.0,19.0,3e-05,2e-05,0.00399
23.0,21.0,3e-05,2e-05,0.00546
23.0,23.0,3e-05,2e-05,0.00463
23.0,25.0,3e-05,2e-05,0.00566
23.0,27.0,3e-05,2e-05,0.0037
23.0,29.0,3e-05,2e-05,0.00509
23.0,31.0,3e-05,2e-05,0.00332
24.0,1.0,3e-05,3e-05,0.00581
24.0,3.0,3e-05,2e-05,0.00341
24.0,5.0,3e-05,2e-05,0.0047
24.0,9.0,3e-05,2e-05,0.00369
24.0,11.0,3e-05,2e-05,0.00456
24.0,13.0,3e-05,2e-05,0.00401
24.0,15.0,3e-05,2e-05,0.00397
24.0,17.0,3e-05,2e-05,0.00327
24.0,19.0,3e-05,2e-05,0.00599
24.0,21.0,3e-05,2e-05,0.00358
24.0,23.0,3e-05,3e-05,0.00507
24.0,25.0,3e-05,2e-05,0.00356
24.0,27.0,3e-05,2e-05,0.00226
24.0,29.0,3e-05,3e-05,0.00567
24.0,31.0,3e-05,2e-05,0.00255
24.0,33.0,3e-05,5e-05,0.00321
24.0,35.0,3e-05,2e-05,0.0041
24.0,37.0,3e-05,2e-05,0.00302
24.0,39.0,3e-05,3e-05,0.00615
24.0,41.0,3e-05,2e-05,0.00447
24.0,43.0,3e-05,2e-05,0.00461
24.0,45.0,3e-05,3e-05,0.00577
24.0,47.0,3e-05,2e-05,0.00579
24.0,510.0,3e-05,3e-05,0.00474
25.0,1.0,3e-05,1e-05,0.00513
25.0,3.0,3e-05,1e-05,0.00454
25.0,5.0,3e-05,1e-05,0.00369
25.0,7.0,3e-05,1e-05,0.00301
25.0,9.0,3e-05,1e-05,0.00337
25.0,11.0,3e-05,1e-05,0.00403
25.0,13.0,3e-05,1e-05,0.00413
25.0,15.0,3e-05,2e-05,0.00352
25.0,17.0,3e-05,1e-05,0.00279
25.0,19.0,3e-05,1e-05,0.00341
25.0,21.0,3e-05,1e-05,0.00335
25.0,23.0,3e-05,1e-05,0.00356
25.0,25.0,3e-05,1e-05,0.00219
25.0,27.0,3e-05,1e-05,0.00345
26.0,1.0,3e-05,1e-05,0.00741
26.0,3.0,3e-05,1e-05,0.0048
26.0,5.0,3e-05,1e-05,0.0037
26.0,7.0,3e-05,1e-05,0.00721
26.0,9.0,3e-05,1e-05,0.00464
26.0,11.0,3e-05,1e-05,0.00681
26.0,13.0,3e-05,1e-05,0.00518
26.0,15.0,3e-05,1e-05,0.00422
26.0,17.0,3e-05,1e-05,0.00678
26.0,19.0,3e-05,1e-05,0.00421
26.0,21.0,3e-05,1e-05,0.00635
26.0,23.0,3e-05,1e-05,0.00466
26.0,25.0,3e-05,1e-05,0.0043
26.0,27.0,3e-05,1e-05,0.00462
26.0,29.0,3e-05,1e-05,0.00503
26.0,31.0,3e-05,1e-05,0.00447
26.0,33.0,3e-05,2e-05,0.0042
26.0,35.0,3e-05,1e-05,0.0074
26.0,37.0,3e-05,1e-05,0.00393
26.0,39.0,3e-05,1e-05,0.00422
26.0,41.0,3e-05,1e-05,0.00567
26.0,43.0,3e-05,1e-05,0.00595
26.0,45.0,3e-05,1e-05,0.00389
26.0,47.0,3e-05,1e-05,0.00498
26.0,49.0,3e-05,1e-05,0.00567
26.0,51.0,3e-05,1e-05,0.00572
26.0,53.0,3e-05,1e-05,0.00593
26.0,55.0,3e-05,1e-05,0.00389
26.0,57.0,3e-05,2e-05,0.00536
26.0,59.0,3e-05,1e-05,0.00568
26.0,61.0,3e-05,2e-05,0.00523
26.0,63.0,3e-05,1e-05,0.00643
26.0,65.0,3e-05,2e-05,0.00354
26.0,67.0,3e-05,1e-05,0.00421
26.0,69.0,3e-05,1e-05,0.00775
26.0,71.0,3e-05,1e-05,0.00932
26.0,73.0,3e-05,2e-05,0.00469
26.0,75.0,3e-05,1e-05,0.0051
26.0,77.0,3e-05,2e-05,0.00376
26.0,79.0,3e-05,1e-05,0.00501
26.0,81.0,3e-05,1e-05,0.00357
26.0,83.0,3e-05,1e-05,0.00464
26.0,85.0,3e-05,1e-05,0.00681
26.0,87.0,3e-05,1e-05,0.00462
26.0,89.0,3e-05,1e-05,0.00505
26.0,91.0,3e-05,1e-05,0.00477
26.0,93.0,3e-05,1e-05,0.00384
26.0,95.0,3e-05,1e-05,0.00466
26.0,97.0,3e-05,1e-05,0.00446
26.0,99.0,3e-05,1e-05,0.00492
26.0,101.0,3e-05,1e-05,0.00552
26.0,103.0,3e-05,2e-05,0.00482
26.0,105.0,3e-05,1e-05,0.00485
26.0,107.0,3e-05,2e-05,0.005
26.0,109.0,3e-05,1e-05,0.00566
26.0,111.0,3e-05,1e-05,0.0044
26.0,113.0,3e-05,1e-05,0.00521
26.0,115.0,3e-05,1e-05,0.0042
26.0,117.0,3e-05,1e-05,0.00431
26.0,119.0,3e-05,1e-05,0.00597
26.0,121.0,3e-05,1e-05,0.004
26.0,123.0,3e-05,1e-05,0.00389
26.0,125.0,3e-05,1e-05,0.0043
26.0,127.0,3e-05,1e-05,0.00484
26.0,129.0,3e-05,1e-05,0.00796
26.0,131.0,3e-05,1e-05,0.00624
26.0,133.0,3e-05,1e-05,0.00536
26.0,135.0,3e-05,1e-05,0.0056
26.0,137.0,3e-05,1e-05,0.00506
26.0,139.0,3e-05,2e-05,0.00313
26.0,141.0,3e-05,1e-05,0.00695
26.0,143.0,3e-05,1e-05,0.00799
26.0,145.0,3e-05,1e-05,0.0046
26.0,147.0,3e-05,1e-05,0.00539
26.0,149.0,3e-05,1e-05,0.0051
26.0,151.0,3e-05,1e-05,0.00579
26.0,153.0,3e-05,1e-05,0.00692
26.0,155.0,3e-05,1e-05,0.00477
26.0,157.0,3e-05,1e-05,0.00551
26.0,159.0,3e-05,1e-05,0.00496
26.0,161.0,3e-05,2e-05,0.00326
26.0,163.0,3e-05,3e-05,0.00575
26.0,165.0,3e-05,1e-05,0.00385
27.0,1.0,3e-05,2e-05,0.00565
27.0,3.0,3e-05,2e-05,0.00197
27.0,5.0,3e-05,2e-05,0.00307
27.0,7.0,3e-05,2e-05,0.00332
27.0,9.0,3e-05,2e-05,0.00336
27.0,11.0,3e-05,2e-05,0.00632
27.0,13.0,3e-05,2e-05,0.00339
27.0,15.0,3e-05,2e-05,0.0045
27.0,17.0,3e-05,2e-05,0.00443
27.0,19.0,3e-05,2e-05,0.00197
27.0,21.0,3e-05,2e-05,0.00343
27.0,23.0,3e-05,2e-05,0.00607
27.0,25.0,3e-05,2e-05,0.0027
27.0,27.0,3e-05,2e-05,0.00322
27.0,29.0,3e-05,2e-05,0.00334
27.0,31.0,3e-05,2e-05,0.00338
27.0,33.0,3e-05,2e-05,0.00616
27.0,35.0,3e-05,2e-05,0.0036
27.0,37.0,3e-05,2e-05,0.00206
27.0,39.0,3e-05,2e-05,0.00351
27.0,41.0,3e-05,2e-05,0.0051
27.0,43.0,3e-05,2e-05,0.00589
27.0,45.0,3e-05,2e-05,0.00551
27.0,47.0,3e-05,2e-05,0.00468
27.0,49.0,3e-05,2e-05,0.00427
27.0,51.0,3e-05,2e-05,0.00435
27.0,53.0,3e-05,2e-05,0.00235
27.0,55.0,3e-05,2e-05,0.00433
27.0,57.0,3e-05,2e-05,0.00335
27.0,59.0,3e-05,2e-05,0.00351
27.0,61.0,3e-05,2e-05,0.00429
27.0,63.0,3e-05,2e-05,0.00534
27.0,65.0,3e-05,2e-05,0.00322
27.0,67.0,3e-05,2e-05,0.00354
27.0,69.0,3e-05,2e-05,0.00457
27.0,71.0,3e-05,2e-05,0.00481
27.0,73.0,3e-05,2e-05,0.00484
27.0,75.0,3e-05,2e-05,0.00389
27.0,77.0,3e-05,2e-05,0.00335
27.0,79.0,3e-05,2e-05,0.00303
27.0,81.0,3e-05,2e-05,0.0078
27.0,83.0,3e-05,2e-05,0.00378
27.0,85.0,3e-05,2e-05,0.00513
27.0,87.0,3e-05,1e-05,0.00319
27.0,89.0,3e-05,2e-05,0.00423
27.0,91.0,3e-05,2e-05,0.0052
27.0,93.0,3e-05,2e-05,0.00371
27.0,95.0,3e-05,2e-05,0.00425
27.0,97.0,3e-05,2e-05,0.00326
27.0,99.0,3e-05,2e-05,0.0046
27.0,101.0,3e-05,2e-05,0.00614
27.0,103.0,3e-05,2e-05,0.00319
27.0,105.0,3e-05,2e-05,0.0041
27.0,107.0,3e-05,2e-05,0.00462
27.0,109.0,3e-05,2e-05,0.00294
27.0,111.0,3e-05,2e-05,0.00481
27.0,113.0,3e-05,2e-05,0.00392
27.0,115.0,3e-05,2e-05,0.00393
27.0,117.0,3e-05,2e-05,0.00539
27.0,119.0,3e-05,2e-05,0.00442
27.0,121.0,3e-05,2e-05,0.0056
27.0,123.0,3e-05,2e-05,0.00285
27.0,125.0,3e-05,2e-05,0.0034
27.0,127.0,3e-05,2e-05,0.00583
27.0,129.0,3e-05,2e-05,0.0047
27.0,131.0,3e-05,2e-05,0.00323
27.0,133.0,3e-05,2e-05,0.00533
27.0,135.0,3e-05,2e-05,0.00369
27.0,137.0,3e-05,2e-05,0.00388
27.0,139.0,3e-05,2e-05,0.00186
27.0,141.0,3e-05,2e-05,0.00215
27.0,143.0,3e-05,2e-05,0.00482
27.0,145.0,3e-05,2e-05,0.00269
27.0,147.0,3e-05,2e-05,0.00329
27.0,149.0,3e-05,2e-05,0.00583
27.0,151.0,3e-05,2e-05,0.00538
27.0,153.0,3e-05,2e-05,0.00416
27.0,155.0,3e-05,2e-05,0.00766
27.0,157.0,3e-05,2e-05,0.0038
27.0,159.0,3e-05,2e-05,0.00715
27.0,161.0,3e-05,2e-05,0.00441
27.0,163.0,3e-05,2e-05,0.00218
27.0,165.0,3e-05,2e-05,0.00475
27.0,167.0,3e-05,2e-05,0.00523
27.0,169.0,3e-05,2e-05,0.00429
27.0,171.0,3e-05,2e-05,0.00253
27.0,173.0,3e-05,2e-05,0.00468
28.0,1.0,3e-05,3e-05,0.00549
28.0,3.0,3e-05,3e-05,0.00606
28.0,5.0,3e-05,3e-05,0.00758
28.0,7.0,3e-05,3e-05,0.00639
28.0,9.0,3e-05,3e-05,0.00532
28.0,11.0,3e-05,3e-05,0.00644
28.0,13.0,3e-05,3e-05,0.00631
28.0,15.0,3e-05,3e-05,0.00544
28.0,17.0,3e-05,3e-05,0.00644
28.0,19.0,3e-05,3e-05,0.00599
28.0,21.0,3e-05,4e-05,0.00655
28.0,23.0,3e-05,3e-05,0.00762
28.0,25.0,3e-05,3e-05,0.00603
28.0,27.0,3e-05,3e-05,0.00578
28.0,29.0,3e-05,3e-05,0.00772
28.0,31.0,3e-05,3e-05,0.00744
28.0,33.0,3e-05,3e-05,0.00353
28.0,35.0,3e-05,4e-05,0.00563
28.0,37.0,3e-05,3e-05,0.00566
28.0,39.0,3e-05,3e-05,0.00479
28.0,41.0,3e-05,3e-05,0.00723
28.0,43.0,3e-05,3e-05,0.00759
28.0,45.0,3e-05,3e-05,0.0057
28.0,47.0,3e-05,3e-05,0.00482
28.0,49.0,3e-05,3e-05,0.00519
28.0,51.0,3e-05,3e-05,0.00607
28.0,53.0,3e-05,3e-05,0.00542
28.0,55.0,,4e-05,0.00372
28.0,57.0,3e-05,3e-05,0.00651
28.0,59.0,3e-05,3e-05,0.00467
28.0,61.0,3e-05,3e-05,0.0077
28.0,63.0,3e-05,3e-05,0.00551
28.0,65.0,3e-05,3e-05,0.00744
28.0,67.0,3e-05,3e-05,0.00497
28.0,69.0,3e-05,3e-05,0.00492
28.0,71.0,3e-05,4e-05,0.00416
28.0,73.0,3e-05,3e-05,0.00386
28.0,75.0,3e-05,3e-05,0.00596
28.0,77.0,3e-05,3e-05,0.00692
28.0,79.0,3e-05,3e-05,0.00493
28.0,81.0,3e-05,3e-05,0.00442
28.0,83.0,3e-05,3e-05,0.0088
28.0,85.0,3e-05,3e-05,0.00647
28.0,87.0,3e-05,3e-05,0.00457
28.0,89.0,3e-05,3e-05,0.00377
28.0,91.0,3e-05,3e-05,0.00519
28.0,93.0,3e-05,3e-05,0.00399
28.0,95.0,3e-05,3e-05,0.00622
28.0,97.0,3e-05,3e-05,0.00738
28.0,99.0,3e-05,3e-05,0.0072
28.0,101.0,3e-05,3e-05,0.00608
28.0,103.0,3e-05,3e-05,0.00568
28.0,105.0,3e-05,5e-05,0.00334
28.0,107.0,3e-05,3e-05,0.006
28.0,109.0,3e-05,3e-05,0.00489
28.0,111.0,3e-05,3e-05,0.00453
28.0,113.0,3e-05,3e-05,0.00604
28.0,115.0,3e-05,3e-05,0.00443
28.0,117.0,3e-05,3e-05,0.00594
28.0,119.0,3e-05,3e-05,0.00427
28.0,121.0,3e-05,3e-05,0.00331
28.0,123.0,3e-05,3e-05,0.00501
28.0,125.0,3e-05,3e-05,0.00481
28.0,127.0,3e-05,3e-05,0.00491
28.0,129.0,3e-05,3e-05,0.00526
28.0,131.0,3e-05,3e-05,0.00635
28.0,133.0,3e-05,3e-05,0.00575
28.0,135.0,3e-05,4e-05,0.00444
28.0,137.0,3e-05,3e-05,0.00537
28.0,139.0,3e-05,3e-05,0.00631
28.0,141.0,3e-05,3e-05,0.00776
28.0,143.0,3e-05,3e-05,0.00465
28.0,145.0,3e-05,3e-05,0.00635
28.0,147.0,3e-05,3e-05,0.00731
28.0,149.0,3e-05,3e-05,0.00634
28.0,151.0,3e-05,3e-05,0.00504
28.0,153.0,3e-05,3e-05,0.00538
28.0,155.0,3e-05,3e-05,0.00796
28.0,157.0,3e-05,3e-05,0.00816
28.0,159.0,3e-05,3e-05,0.00581
28.0,161.0,3e-05,3e-05,0.0065
28.0,163.0,3e-05,3e-05,0.00407
29.0,1.0,4e-05,3e-05,0.00501
29.0,3.0,4e-05,2e-05,0.0046
29.0,5.0,4e-05,2e-05,0.00549
29.0,7.0,4e-05,2e-05,0.00574
29.0,9.0,4e-05,2e-05,0.00641
29.0,11.0,4e-05,2e-05,0.00497
29.0,13.0,4e-05,2e-05,0.00631
29.0,15.0,4e-05,2e-05,0.00563
29.0,17.0,4e-05,2e-05,0.00461
29.0,19.0,4e-05,3e-05,0.00283
29.0,21.0,4e-05,2e-05,0.0044
29.0,23.0,4e-05,2e-05,0.00508
29.0,25.0,4e-05,2e-05,0.00443
29.0,27.0,4e-05,2e-05,0.00376
29.0,29.0,4e-05,2e-05,0.00385
29.0,31.0,4e-05,3e-05,0.00574
29.0,33.0,4e-05,2e-05,0.00775
29.0,35.0,4e-05,2e-05,0.00559
29.0,37.0,4e-05,2e-05,0.00356
29.0,39.0,4e-05,2e-05,0.00718
29.0,41.0,4e-05,2e-05,0.00556
29.0,43.0,4e-05,2e-05,0.00372
29.0,45.0,4e-05,2e-05,0.00632
29.0,47.0,4e-05,2e-05,0.00303
29.0,49.0,4e-05,2e-05,0.00571
29.0,51.0,4e-05,2e-05,0.00399
29.0,53.0,4e-05,2e-05,0.007
29.0,55.0,4e-05,2e-05,0.00787
29.0,57.0,4e-05,2e-05,0.00522
29.0,59.0,4e-05,2e-05,0.00506
29.0,61.0,5e-05,2e-05,0.00613
29.0,63.0,4e-05,2e-05,0.00394
29.0,65.0,4e-05,2e-05,0.0072
29.0,67.0,4e-05,2e-05,0.00518
29.0,69.0,4e-05,2e-05,0.00689
29.0,71.0,4e-05,2e-05,0.00463
29.0,73.0,4e-05,2e-05,0.00509
29.0,75.0,4e-05,2e-05,0.00671
29.0,77.0,4e-05,3e-05,0.00476
29.0,79.0,4e-05,2e-05,0.00666
29.0,81.0,4e-05,2e-05,0.00719
29.0,83.0,4e-05,2e-05,0.00669
29.0,85.0,4e-05,2e-05,0.00638
29.0,87.0,4e-05,2e-05,0.00609
29.0,89.0,4e-05,2e-05,0.00515
29.0,91.0,4e-05,2e-05,0.00593
29.0,93.0,4e-05,2e-05,0.00554
29.0,95.0,4e-05,2e-05,0.00386
29.0,97.0,4e-05,2e-05,0.00521
29.0,99.0,4e-05,2e-05,0.00394
29.0,101.0,4e-05,3e-05,0.00484
29.0,103.0,4e-05,2e-05,0.00507
29.0,105.0,4e-05,2e-05,0.00443
29.0,107.0,4e-05,2e-05,0.00634
29.0,109.0,4e-05,2e-05,0.00517
29.0,111.0,4e-05,2e-05,0.00701
29.0,113.0,4e-05,2e-05,0.00419
29.0,115.0,4e-05,2e-05,0.00777
29.0,117.0,4e-05,2e-05,0.00524
29.0,119.0,4e-05,2e-05,0.00448
29.0,121.0,4e-05,2e-05,0.00523
29.0,123.0,4e-05,2e-05,0.0055
29.0,125.0,4e-05,2e-05,0.00544
29.0,127.0,4e-05,2e-05,0.00581
29.0,129.0,4e-05,2e-05,0.00557
29.0,131.0,4e-05,2e-05,0.005
29.0,133.0,4e-05,2e-05,0.00546
29.0,135.0,4e-05,2e-05,0.00542
29.0,137.0,4e-05,2e-05,0.0055
29.0,139.0,4e-05,2e-05,0.00783
29.0,141.0,4e-05,2e-05,0.00841
29.0,143.0,4e-05,2e-05,0.00665
29.0,145.0,4e-05,2e-05,0.00502
29.0,147.0,4e-05,3e-05,0.00536
29.0,149.0,4e-05,2e-05,0.00717
29.0,151.0,4e-05,2e-05,0.00481
29.0,153.0,4e-05,2e-05,0.00608
29.0,155.0,4e-05,2e-05,0.0068
29.0,157.0,4e-05,2e-05,0.00594
29.0,159.0,4e-05,2e-05,0.00466
29.0,161.0,4e-05,3e-05,0.005
29.0,163.0,4e-05,2e-05,0.00557
29.0,165.0,4e-05,2e-05,0.00314
29.0,167.0,4e-05,2e-05,0.00519
29.0,169.0,4e-05,3e-05,0.00269
29.0,171.0,4e-05,2e-05,0.00816
29.0,173.0,4e-05,2e-05,0.0043
29.0,175.0,4e-05,2e-05,0.00557
29.0,177.0,4e-05,2e-05,0.00511
29.0,179.0,4e-05,2e-05,0.0048
29.0,181.0,4e-05,2e-05,0.00533
29.0,183.0,4e-05,2e-05,0.00321
29.0,185.0,4e-05,2e-05,0.00677
29.0,186.0,4e-05,2e-05,0.00478
29.0,187.0,4e-05,2e-05,0.00476
29.0,189.0,4e-05,2e-05,0.00472
29.0,195.0,4e-05,2e-05,0.00501
29.0,197.0,4e-05,2e-05,0.00462
29.0,199.0,4e-05,2e-05,0.00637
29.0,201.0,4e-05,2e-05,0.00523
29.0,203.0,4e-05,2e-05,0.00509
29.0,205.0,4e-05,2e-05,0.00579
29.0,207.0,4e-05,2e-05,0.00654
29.0,209.0,4e-05,2e-05,0.00589
29.0,211.0,4e-05,2e-05,0.0042
29.0,213.0,4e-05,2e-05,0.00608
29.0,215.0,4e-05,2e-05,0.00516
29.0,217.0,4e-05,2e-05,0.00618
29.0,219.0,4e-05,2e-05,0.00459
29.0,221.0,4e-05,2e-05,0.00753
29.0,223.0,4e-05,2e-05,0.00532
29.0,225.0,4e-05,2e-05,0.00468
29.0,227.0,4e-05,2e-05,0.00563
29.0,229.0,4e-05,2e-05,0.00728
29.0,510.0,4e-05,2e-05,0.00418
30.0,1.0,3e-05,2e-05,0.00455
30.0,3.0,3e-05,2e-05,0.00273
30.0,5.0,3e-05,2e-05,0.0046
30.0,7.0,3e-05,2e-05,0.00555
30.0,9.0,3e-05,2e-05,0.00403
30.0,11.0,4e-05,2e-05,0.0059
30.0,13.0,3e-05,2e-05,0.00418
30.0,15.0,3e-05,2e-05,0.00601
30.0,17.0,3e-05,2e-05,0.00365
30.0,19.0,3e-05,2e-05,0.00623
30.0,21.0,3e-05,2e-05,0.00411
30.0,23.0,3e-05,2e-05,0.00526
30.0,25.0,3e-05,2e-05,0.00392
30.0,27.0,3e-05,2e-05,0.00545
30.0,29.0,3e-05,2e-05,0.0034
30.0,31.0,3e-05,2e-05,0.00241
30.0,33.0,3e-05,2e-05,0.00396
30.0,35.0,3e-05,2e-05,0.00397
30.0,37.0,,2e-05,0.00505
30.0,39.0,3e-05,2e-05,0.00512
30.0,41.0,3e-05,2e-05,0.00381
30.0,43.0,3e-05,2e-05,0.00341
30.0,45.0,3e-05,2e-05,0.00461
30.0,47.0,3e-05,2e-05,0.005
30.0,49.0,3e-05,2e-05,0.00327
30.0,51.0,3e-05,2e-05,0.00534
30.0,53.0,3e-05,2e-05,0.0053
30.0,55.0,3e-05,2e-05,0.00458
30.0,57.0,3e-05,2e-05,0.00579
30.0,59.0,3e-05,2e-05,0.00482
30.0,61.0,4e-05,2e-05,0.00454
30.0,63.0,3e-05,2e-05,0.00324
30.0,65.0,3e-05,2e-05,0.00411
30.0,67.0,3e-05,2e-05,0.00359
30.0,69.0,,2e-05,0.00442
30.0,71.0,3e-05,2e-05,0.00457
30.0,73.0,4e-05,2e-05,0.00596
30.0,75.0,3e-05,2e-05,0.00515
30.0,77.0,3e-05,2e-05,0.00459
30.0,79.0,3e-05,1e-05,0.00545
30.0,81.0,3e-05,2e-05,0.00384
30.0,83.0,4e-05,2e-05,0.00306
30.0,85.0,3e-05,2e-05,0.00411
30.0,87.0,3e-05,2e-05,0.00323
30.0,89.0,3e-05,2e-05,0.00587
30.0,91.0,3e-05,2e-05,0.0048
30.0,93.0,3e-05,2e-05,0.00462
30.0,95.0,3e-05,2e-05,0.00468
30.0,97.0,3e-05,2e-05,0.00732
30.0,99.0,3e-05,2e-05,0.00511
30.0,101.0,3e-05,2e-05,0.0037
30.0,103.0,4e-05,2e-05,0.00554
30.0,105.0,3e-05,2e-05,0.00605
30.0,107.0,3e-05,2e-05,0.00516
30.0,109.0,3e-05,2e-05,0.00598
30.0,111.0,3e-05,2e-05,0.00412
31.0,1.0,3e-05,2e-05,0.00528
31.0,3.0,3e-05,2e-05,0.00682
31.0,5.0,,1e-05,
31.0,7.0,,2e-05,0.0052
31.0,9.0,,2e-05,0.00457
31.0,11.0,3e-05,2e-05,0.00583
31.0,13.0,3e-05,2e-05,0.00426
31.0,15.0,3e-05,2e-05,0.01351
31.0,17.0,3e-05,2e-05,0.00525
31.0,19.0,3e-05,2e-05,0.00335
31.0,21.0,3e-05,2e-05,0.00612
31.0,23.0,3e-05,2e-05,0.00517
31.0,25.0,3e-05,2e-05,0.00324
31.0,27.0,3e-05,2e-05,0.00536
31.0,29.0,3e-05,1e-05,0.00509
31.0,31.0,3e-05,2e-05,0.00465
31.0,33.0,3e-05,2e-05,0.00525
31.0,35.0,3e-05,2e-05,0.00593
31.0,37.0,3e-05,2e-05,0.00429
31.0,39.0,3e-05,2e-05,0.00615
31.0,41.0,3e-05,2e-05,0.00498
31.0,43.0,3e-05,2e-05,0.00361
31.0,45.0,3e-05,2e-05,0.00597
31.0,47.0,3e-05,2e-05,0.00369
31.0,49.0,3e-05,2e-05,0.00486
31.0,51.0,3e-05,2e-05,0.00425
31.0,53.0,3e-05,2e-05,0.00433
31.0,55.0,3e-05,2e-05,0.00283
31.0,57.0,3e-05,2e-05,0.00586
31.0,59.0,3e-05,2e-05,0.00567
31.0,61.0,3e-05,2e-05,0.00542
31.0,63.0,3e-05,2e-05,0.00463
31.0,65.0,3e-05,2e-05,0.00512
31.0,67.0,3e-05,2e-05,0.00523
31.0,69.0,3e-05,2e-05,0.00591
31.0,71.0,4e-05,2e-05,0.00615
31.0,73.0,3e-05,2e-05,0.00442
31.0,75.0,,1e-05,
31.0,77.0,3e-05,2e-05,0.006
31.0,79.0,3e-05,2e-05,0.00363
31.0,81.0,3e-05,2e-05,0.00423
31.0,83.0,3e-05,2e-05,0.0049
31.0,85.0,,2e-05,0.00539
31.0,87.0,3e-05,2e-05,0.00512
31.0,89.0,3e-05,2e-05,0.00784
31.0,91.0,,2e-05,0.0075
31.0,93.0,3e-05,2e-05,0.00456
31.0,95.0,3e-05,2e-05,0.00654
31.0,97.0,3e-05,2e-05,0.00392
31.0,99.0,3e-05,2e-05,0.00502
31.0,101.0,3e-05,2e-05,0.00516
31.0,103.0,,2e-05,0.00515
31.0,105.0,3e-05,2e-05,0.00489
31.0,107.0,3e-05,2e-05,0.0057
31.0,109.0,3e-05,2e-05,0.00312
31.0,111.0,3e-05,2e-05,0.00486
31.0,113.0,3e-05,2e-05,0.00383
31.0,115.0,,2e-05,
31.0,117.0,,2e-05,0.00492
31.0,119.0,3e-05,2e-05,0.00517
31.0,121.0,3e-05,2e-05,0.00424
31.0,123.0,3e-05,2e-05,0.00536
31.0,125.0,3e-05,2e-05,0.0048
31.0,127.0,3e-05,2e-05,0.00422
31.0,129.0,4e-05,2e-05,0.00555
31.0,131.0,3e-05,2e-05,0.00493
31.0,133.0,3e-05,2e-05,0.00619
31.0,135.0,3e-05,2e-05,0.00535
31.0,137.0,3e-05,2e-05,0.00614
31.0,139.0,3e-05,2e-05,0.00417
31.0,141.0,3e-05,2e-05,0.00402
31.0,143.0,3e-05,2e-05,0.00597
31.0,145.0,3e-05,2e-05,0.0053
31.0,147.0,3e-05,2e-05,0.00642
31.0,149.0,3e-05,1e-05,0.00531
31.0,151.0,3e-05,2e-05,0.00478
31.0,153.0,3e-05,2e-05,0.00215
31.0,155.0,3e-05,2e-05,0.00412
31.0,157.0,3e-05,2e-05,0.00459
31.0,159.0,3e-05,2e-05,0.00483
31.0,161.0,3e-05,2e-05,0.00525
31.0,163.0,3e-05,2e-05,0.00555
31.0,165.0,,2e-05,0.00488
31.0,167.0,3e-05,2e-05,0.00337
31.0,169.0,3e-05,2e-05,0.00581
31.0,171.0,,1e-05,0.00442
31.0,173.0,3e-05,2e-05,0.00352
31.0,175.0,3e-05,2e-05,0.0069
31.0,177.0,3e-05,2e-05,0.0034
31.0,179.0,3e-05,2e-05,0.00533
31.0,181.0,3e-05,2e-05,0.00826
31.0,183.0,,2e-05,0.00467
31.0,185.0,3e-05,2e-05,0.00537
32.0,1.0,3e-05,2e-05,0.00529
32.0,3.0,3e-05,3e-05,0.00386
32.0,5.0,3e-05,2e-05,0.00358
32.0,7.0,3e-05,2e-05,0.0025
32.0,9.0,,2e-05,0.00531
32.0,11.0,3e-05,2e-05,0.00369
32.0,13.0,3e-05,2e-05,0.00374
32.0,15.0,3e-05,2e-05,0.00348
32.0,17.0,3e-05,2e-05,0.00584
32.0,19.0,3e-05,2e-05,0.00511
32.0,21.0,3e-05,2e-05,0.00523
32.0,23.0,3e-05,2e-05,0.00764
32.0,27.0,3e-05,3e-05,0.00329
32.0,29.0,2e-05,2e-05,0.00498
32.0,31.0,3e-05,2e-05,0.00401
32.0,33.0,3e-05,2e-05,0.00423
32.0,510.0,3e-05,2e-05,0.00583
33.0,1.0,3e-05,2e-05,0.0048
33.0,3.0,3e-05,2e-05,0.00431
33.0,5.0,3e-05,2e-05,0.00377
33.0,7.0,3e-05,2e-05,0.0054
33.0,9.0,3e-05,2e-05,0.00361
33.0,11.0,3e-05,2e-05,0.00322
33.0,13.0,3e-05,2e-05,0.00374
33.0,15.0,3e-05,2e-05,0.00326
33.0,17.0,3e-05,2e-05,0.00353
33.0,19.0,3e-05,2e-05,0.00333
34.0,1.0,3e-05,2e-05,0.00487
34.0,3.0,3e-05,2e-05,0.00355
34.0,5.0,3e-05,2e-05,0.00414
34.0,7.0,3e-05,2e-05,0.00407
34.0,9.0,3e-05,2e-05,0.00664
34.0,11.0,3e-05,2e-05,0.00452
34.0,13.0,3e-05,2e-05,0.00357
34.0,15.0,3e-05,2e-05,0.00396
34.0,17.0,3e-05,2e-05,0.00248
34.0,19.0,3e-05,2e-05,0.00322
34.0,21.0,3e-05,2e-05,0.00357
34.0,23.0,3e-05,2e-05,0.00332
34.0,25.0,3e-05,2e-05,0.00397
34.0,27.0,3e-05,2e-05,0.00351
34.0,29.0,3e-05,2e-05,0.00624
34.0,31.0,3e-05,2e-05,0.00342
34.0,33.0,3e-05,2e-05,0.00556
34.0,35.0,3e-05,2e-05,0.0032
34.0,37.0,3e-05,2e-05,0.0036
34.0,39.0,3e-05,2e-05,0.00342
34.0,41.0,3e-05,2e-05,0.0044
35.0,1.0,3e-05,2e-05,0.00332
35.0,3.0,3e-05,2e-05,0.00443
35.0,5.0,3e-05,2e-05,0.00569
35.0,6.0,3e-05,2e-05,0.00342
35.0,7.0,3e-05,2e-05,0.00493
35.0,9.0,3e-05,2e-05,0.0038
35.0,11.0,3e-05,2e-05,0.00372
35.0,13.0,3e-05,2e-05,0.00325
35.0,15.0,3e-05,2e-05,0.00431
35.0,17.0,3e-05,2e-05,0.00486
35.0,19.0,3e-05,2e-05,0.00336
35.0,21.0,,2e-05,0.00482
35.0,23.0,3e-05,2e-05,0.00346
35.0,25.0,3e-05,2e-05,0.00457
35.0,27.0,3e-05,2e-05,0.00417
35.0,28.0,3e-05,2e-05,0.00414
35.0,29.0,3e-05,2e-05,0.00632
35.0,31.0,3e-05,2e-05,0.00247
35.0,33.0,3e-05,2e-05,0.00356
35.0,35.0,3e-05,2e-05,0.00439
35.0,37.0,3e-05,2e-05,0.00492
35.0,39.0,3e-05,2e-05,0.00328
35.0,41.0,3e-05,2e-05,0.00339
35.0,43.0,3e-05,2e-05,0.00287
35.0,45.0,3e-05,2e-05,0.00345
35.0,47.0,3e-05,2e-05,0.00456
35.0,49.0,3e-05,2e-05,0.00294
35.0,51.0,3e-05,2e-05,0.00969
35.0,53.0,3e-05,2e-05,0.00512
35.0,55.0,3e-05,2e-05,0.0034
35.0,57.0,3e-05,2e-05,0.00427
35.0,59.0,3e-05,2e-05,0.00324
35.0,61.0,3e-05,2e-05,0.00344
36.0,1.0,3e-05,1e-05,0.00444
36.0,3.0,3e-05,1e-05,0.00412
36.0,5.0,3e-05,1e-05,0.00378
36.0,7.0,3e-05,1e-05,0.00492
36.0,9.0,3e-05,1e-05,0.0059
36.0,11.0,3e-05,1e-05,0.00424
36.0,13.0,3e-05,1e-05,0.00613
36.0,15.0,3e-05,1e-05,0.00483
36.0,17.0,3e-05,1e-05,0.0063
36.0,19.0,3e-05,1e-05,0.00383
36.0,21.0,2e-05,1e-05,0.00465
36.0,23.0,3e-05,1e-05,0.00416
36.0,25.0,3e-05,1e-05,0.00615
36.0,27.0,3e-05,1e-05,0.00435
36.0,29.0,3e-05,1e-05,0.00482
36.0,31.0,3e-05,1e-05,0.00364
36.0,33.0,2e-05,1e-05,0.00341
36.0,35.0,3e-05,1e-05,0.0055
36.0,37.0,3e-05,1e-05,0.00399
36.0,39.0,3e-05,1e-05,0.00464
36.0,41.0,3e-05,1e-05,0.00348
36.0,43.0,3e-05,1e-05,0.00533
36.0,45.0,3e-05,1e-05,0.00357
36.0,47.0,3e-05,1e-05,0.00356
36.0,49.0,3e-05,1e-05,0.00469
36.0,51.0,2e-05,1e-05,0.00339
36.0,53.0,3e-05,1e-05,0.00378
36.0,55.0,3e-05,1e-05,0.00373
36.0,57.0,3e-05,1e-05,0.00592
36.0,59.0,3e-05,1e-05,0.00486
36.0,61.0,3e-05,1e-05,0.00286
36.0,63.0,3e-05,1e-05,0.00595
36.0,65.0,3e-05,1e-05,0.0053
36.0,67.0,3e-05,1e-05,0.00427
36.0,69.0,3e-05,1e-05,0.00398
36.0,71.0,3e-05,1e-05,0.00363
36.0,73.0,3e-05,1e-05,0.00482
36.0,75.0,3e-05,1e-05,0.00418
36.0,77.0,3e-05,2e-05,0.00482
36.0,79.0,3e-05,1e-05,0.00319
36.0,81.0,3e-05,1e-05,0.00355
36.0,83.0,3e-05,1e-05,0.00419
36.0,85.0,3e-05,1e-05,0.0046
36.0,87.0,3e-05,1e-05,0.00379
36.0,89.0,3e-05,1e-05,0.00484
36.0,91.0,3e-05,1e-05,0.0036
36.0,93.0,3e-05,1e-05,0.00465
36.0,95.0,3e-05,1e-05,0.00434
36.0,97.0,2e-05,1e-05,0.00436
36.0,99.0,3e-05,1e-05,0.00391
36.0,101.0,3e-05,1e-05,0.00454
36.0,103.0,3e-05,1e-05,0.00414
36.0,105.0,2e-05,1e-05,0.00422
36.0,107.0,3e-05,1e-05,0.00471
36.0,109.0,3e-05,2e-05,0.00335
36.0,111.0,3e-05,1e-05,0.00434
36.0,113.0,3e-05,1e-05,0.00395
36.0,115.0,2e-05,1e-05,0.00372
36.0,117.0,3e-05,1e-05,0.00375
36.0,119.0,3e-05,1e-05,0.00388
36.0,121.0,3e-05,1e-05,0.00401
36.0,123.0,2e-05,1e-05,0.00446
37.0,1.0,4e-05,2e-05,0.00384
37.0,3.0,4e-05,2e-05,0.00343
37.0,5.0,4e-05,2e-05,0.005
37.0,7.0,4e-05,2e-05,0.00518
37.0,9.0,3e-05,2e-05,0.00438
37.0,11.0,4e-05,2e-05,0.00428
37.0,13.0,4e-05,2e-05,0.00536
37.0,15.0,3e-05,2e-05,0.00457
37.0,17.0,4e-05,2e-05,0.00546
37.0,19.0,4e-05,2e-05,0.00434
37.0,21.0,4e-05,2e-05,0.00384
37.0,23.0,4e-05,2e-05,0.0048
37.0,25.0,4e-05,2e-05,0.00309
37.0,27.0,4e-05,2e-05,0.00458
37.0,29.0,3e-05,2e-05,0.00407
37.0,31.0,4e-05,2e-05,0.00438
37.0,33.0,4e-05,2e-05,0.00408
37.0,35.0,4e-05,2e-05,0.00356
37.0,37.0,4e-05,2e-05,0.00363
37.0,39.0,4e-05,2e-05,0.00491
37.0,41.0,4e-05,2e-05,0.00515
37.0,43.0,4e-05,2e-05,0.00558
37.0,45.0,4e-05,2e-05,0.00478
37.0,47.0,4e-05,2e-05,0.006
37.0,49.0,4e-05,2e-05,0.00426
37.0,51.0,4e-05,2e-05,0.00342
37.0,53.0,4e-05,2e-05,0.00423
37.0,55.0,4e-05,2e-05,0.00405
37.0,57.0,4e-05,2e-05,0.00416
37.0,59.0,4e-05,2e-05,0.00464
37.0,61.0,4e-05,2e-05,0.00475
37.0,63.0,4e-05,2e-05,0.00244
37.0,65.0,4e-05,2e-05,0.00613
37.0,67.0,4e-05,2e-05,0.00353
37.0,69.0,4e-05,2e-05,0.00371
37.0,71.0,4e-05,2e-05,0.00392
37.0,73.0,4e-05,2e-05,0.00331
37.0,75.0,4e-05,2e-05,0.00443
37.0,77.0,4e-05,2e-05,0.00318
37.0,79.0,4e-05,2e-05,0.005
37.0,81.0,4e-05,2e-05,0.00335
37.0,83.0,4e-05,2e-05,0.00505
37.0,85.0,4e-05,2e-05,0.00364
37.0,87.0,4e-05,2e-05,0.00516
37.0,89.0,4e-05,2e-05,0.00441
37.0,91.0,4e-05,2e-05,0.00495
37.0,93.0,4e-05,2e-05,0.00242
37.0,95.0,3e-05,2e-05,0.00312
37.0,97.0,4e-05,2e-05,0.00343
37.0,99.0,4e-05,2e-05,0.00364
37.0,101.0,4e-05,2e-05,0.00363
37.0,103.0,4e-05,2e-05,0.00481
37.0,105.0,4e-05,2e-05,0.00304
37.0,107.0,4e-05,2e-05,0.00589
37.0,109.0,4e-05,2e-05,0.00359
37.0,111.0,4e-05,2e-05,0.00443
37.0,113.0,4e-05,2e-05,0.00498
37.0,115.0,4e-05,2e-05,0.00479
37.0,117.0,4e-05,2e-05,0.00556
37.0,119.0,4e-05,2e-05,0.00233
37.0,121.0,4e-05,2e-05,0.00461
37.0,123.0,4e-05,2e-05,0.00438
37.0,125.0,4e-05,2e-05,0.00503
37.0,127.0,4e-05,2e-05,0.00464
37.0,129.0,4e-05,2e-05,0.00399
37.0,131.0,4e-05,2e-05,0.00607
37.0,133.0,4e-05,2e-05,0.0029
37.0,135.0,3e-05,2e-05,0.00249
37.0,137.0,4e-05,2e-05,0.00453
37.0,139.0,4e-05,2e-05,0.00555
37.0,141.0,4e-05,2e-05,0.00435
37.0,143.0,3e-05,2e-05,0.0059
37.0,145.0,4e-05,2e-05,0.00383
37.0,147.0,4e-05,2e-05,0.00359
37.0,149.0,4e-05,2e-05,0.00628
37.0,151.0,4e-05,2e-05,0.00429
37.0,153.0,4e-05,2e-05,0.00624
37.0,155.0,4e-05,2e-05,0.00472
37.0,157.0,4e-05,2e-05,0.00506
37.0,159.0,4e-05,2e-05,0.00444
37.0,161.0,4e-05,2e-05,0.00536
37.0,163.0,4e-05,2e-05,0.00498
37.0,165.0,4e-05,2e-05,0.00467
37.0,167.0,4e-05,2e-05,0.00551
37.0,169.0,4e-05,2e-05,0.00484
37.0,171.0,4e-05,2e-05,0.00502
37.0,173.0,4e-05,2e-05,0.00465
37.0,175.0,4e-05,2e-05,0.00433
37.0,177.0,4e-05,2e-05,0.00333
37.0,179.0,3e-05,2e-05,0.00266
37.0,181.0,4e-05,2e-05,0.00464
37.0,183.0,4e-05,2e-05,0.00208
37.0,185.0,4e-05,2e-05,0.00605
37.0,187.0,4e-05,2e-05,0.00558
37.0,189.0,4e-05,2e-05,0.00321
37.0,191.0,4e-05,2e-05,0.00466
37.0,193.0,4e-05,2e-05,0.00438
37.0,195.0,4e-05,2e-05,0.00387
37.0,197.0,3e-05,2e-05,0.00455
37.0,199.0,4e-05,2e-05,0.00497
38.0,1.0,3e-05,2e-05,0.00524
38.0,3.0,3e-05,2e-05,0.00453
38.0,5.0,3e-05,2e-05,0.00297
38.0,7.0,4e-05,2e-05,0.00387
38.0,9.0,3e-05,2e-05,0.0047
38.0,11.0,3e-05,2e-05,0.00452
38.0,13.0,3e-05,2e-05,0.00347
38.0,15.0,3e-05,2e-05,0.00325
38.0,17.0,3e-05,2e-05,0.00279
38.0,19.0,3e-05,2e-05,0.00557
38.0,21.0,3e-05,2e-05,0.00658
38.0,23.0,3e-05,2e-05,0.0057
38.0,25.0,3e-05,2e-05,0.00314
38.0,27.0,3e-05,2e-05,0.00841
38.0,29.0,3e-05,2e-05,0.00746
38.0,31.0,3e-05,2e-05,0.00494
38.0,33.0,3e-05,2e-05,0.00426
38.0,35.0,3e-05,2e-05,0.00353
38.0,37.0,3e-05,2e-05,0.00502
38.0,39.0,3e-05,2e-05,0.00581
38.0,41.0,3e-05,2e-05,0.00482
38.0,43.0,3e-05,2e-05,0.00435
38.0,45.0,3e-05,2e-05,0.00614
38.0,47.0,3e-05,2e-05,0.00544
38.0,49.0,3e-05,2e-05,0.00405
38.0,51.0,3e-05,2e-05,0.00674
38.0,53.0,4e-05,2e-05,0.00282
38.0,55.0,3e-05,2e-05,0.00405
38.0,57.0,3e-05,2e-05,0.00361
38.0,59.0,3e-05,2e-05,0.00418
38.0,61.0,3e-05,2e-05,0.00366
38.0,63.0,3e-05,2e-05,0.00823
38.0,65.0,3e-05,1e-05,0.0036
38.0,67.0,3e-05,2e-05,0.00485
38.0,69.0,3e-05,2e-05,0.00621
38.0,71.0,3e-05,2e-05,0.00506
38.0,73.0,3e-05,2e-05,0.00809
38.0,75.0,3e-05,2e-05,0.00416
38.0,77.0,3e-05,2e-05,0.00501
38.0,79.0,3e-05,2e-05,0.00387
38.0,81.0,3e-05,2e-05,0.00404
38.0,83.0,,2e-05,0.00561
38.0,85.0,3e-05,2e-05,0.00212
38.0,87.0,,2e-05,0.00398
38.0,89.0,3e-05,2e-05,0.00334
38.0,91.0,3e-05,2e-05,0.00434
38.0,93.0,3e-05,2e-05,0.00505
38.0,95.0,3e-05,2e-05,0.00479
38.0,97.0,3e-05,2e-05,0.00588
38.0,99.0,3e-05,2e-05,0.00567
38.0,101.0,4e-05,2e-05,0.00286
38.0,103.0,3e-05,2e-05,0.0064
38.0,105.0,4e-05,2e-05,0.00258
39.0,1.0,5e-05,2e-05,0.00513
39.0,3.0,5e-05,2e-05,0.00488
39.0,5.0,5e-05,2e-05,0.00584
39.0,7.0,5e-05,2e-05,0.00504
39.0,9.0,5e-05,3e-05,0.00361
39.0,11.0,5e-05,2e-05,0.00545
39.0,13.0,5e-05,2e-05,0.00614
39.0,15.0,5e-05,2e-05,0.00475
39.0,17.0,5e-05,2e-05,0.00386
39.0,19.0,5e-05,2e-05,0.0041
39.0,21.0,4e-05,2e-05,0.00404
39.0,23.0,5e-05,2e-05,0.00615
39.0,25.0,5e-05,2e-05,0.00354
39.0,27.0,5e-05,2e-05,0.0044
39.0,29.0,5e-05,2e-05,0.00603
39.0,31.0,5e-05,2e-05,0.00553
39.0,33.0,5e-05,2e-05,0.00586
39.0,35.0,5e-05,2e-05,0.00512
39.0,37.0,5e-05,2e-05,0.00573
39.0,39.0,5e-05,2e-05,0.00404
39.0,41.0,4e-05,2e-05,0.00251
39.0,43.0,5e-05,2e-05,0.00513
39.0,45.0,4e-05,2e-05,0.0037
39.0,47.0,4e-05,2e-05,0.00634
39.0,49.0,5e-05,2e-05,0.00317
39.0,51.0,5e-05,2e-05,0.00415
39.0,53.0,5e-05,2e-05,0.00616
39.0,55.0,5e-05,2e-05,0.00413
39.0,57.0,5e-05,2e-05,0.00387
39.0,59.0,5e-05,2e-05,0.00501
39.0,61.0,5e-05,2e-05,0.00421
39.0,63.0,5e-05,2e-05,0.00446
39.0,65.0,5e-05,3e-05,0.00576
39.0,67.0,5e-05,2e-05,0.00538
39.0,69.0,5e-05,2e-05,0.00474
39.0,71.0,5e-05,2e-05,0.00564
39.0,73.0,5e-05,2e-05,0.00397
39.0,75.0,5e-05,2e-05,0.00502
39.0,77.0,5e-05,2e-05,0.00456
39.0,79.0,5e-05,2e-05,0.00638
39.0,81.0,5e-05,2e-05,0.00706
39.0,83.0,5e-05,2e-05,0.0048
39.0,85.0,5e-05,2e-05,0.00504
39.0,87.0,5e-05,2e-05,0.00459
39.0,89.0,5e-05,2e-05,0.00363
39.0,91.0,5e-05,2e-05,0.00531
39.0,93.0,5e-05,2e-05,0.00397
39.0,95.0,5e-05,2e-05,0.00478
39.0,97.0,5e-05,2e-05,0.0038
39.0,99.0,5e-05,2e-05,0.00625
39.0,101.0,5e-05,2e-05,0.00491
39.0,103.0,5e-05,2e-05,0.00355
39.0,105.0,4e-05,2e-05,0.00539
39.0,107.0,5e-05,2e-05,0.00751
39.0,109.0,5e-05,2e-05,0.00534
39.0,111.0,5e-05,2e-05,0.00527
39.0,113.0,5e-05,2e-05,0.00475
39.0,115.0,5e-05,2e-05,0.00313
39.0,117.0,5e-05,2e-05,0.0046
39.0,119.0,5e-05,2e-05,0.00503
39.0,121.0,5e-05,2e-05,0.00431
39.0,123.0,5e-05,2e-05,0.00552
39.0,125.0,5e-05,2e-05,0.00468
39.0,127.0,5e-05,2e-05,0.00444
39.0,129.0,5e-05,2e-05,0.00434
39.0,131.0,5e-05,2e-05,0.00438
39.0,133.0,5e-05,3e-05,0.0043
39.0,135.0,5e-05,2e-05,0.00551
39.0,137.0,5e-05,2e-05,0.00397
39.0,139.0,5e-05,2e-05,0.00532
39.0,141.0,5e-05,2e-05,0.00446
39.0,143.0,5e-05,2e-05,0.00502
39.0,145.0,5e-05,2e-05,0.0063
39.0,147.0,5e-05,2e-05,0.00598
39.0,149.0,5e-05,2e-05,0.00482
39.0,151.0,5e-05,2e-05,0.005
39.0,153.0,5e-05,2e-05,0.00462
39.0,155.0,5e-05,2e-05,0.00563
39.0,157.0,5e-05,2e-05,0.00513
39.0,159.0,5e-05,2e-05,0.00277
39.0,161.0,5e-05,2e-05,0.00468
39.0,163.0,5e-05,2e-05,0.00391
39.0,165.0,4e-05,2e-05,0.00334
39.0,167.0,5e-05,2e-05,0.00434
39.0,169.0,5e-05,2e-05,0.00463
39.0,171.0,5e-05,2e-05,0.00504
39.0,173.0,5e-05,3e-05,0.00492
39.0,175.0,5e-05,2e-05,0.00558
40.0,1.0,3e-05,2e-05,0.00526
40.0,3.0,3e-05,2e-05,0.00484
40.0,5.0,3e-05,2e-05,0.00686
40.0,7.0,3e-05,2e-05,0.00545
40.0,9.0,3e-05,2e-05,0.00491
40.0,11.0,3e-05,2e-05,0.00616
40.0,13.0,3e-05,3e-05,0.005
40.0,15.0,3e-05,2e-05,0.005
40.0,17.0,3e-05,2e-05,0.00333
40.0,19.0,3e-05,2e-05,0.00612
40.0,21.0,3e-05,3e-05,0.00509
40.0,23.0,3e-05,2e-05,0.00838
40.0,25.0,3e-05,2e-05,0.00644
40.0,27.0,3e-05,3e-05,0.00315
40.0,29.0,3e-05,2e-05,0.00861
40.0,31.0,3e-05,3e-05,0.00412
40.0,33.0,3e-05,2e-05,0.00496
40.0,35.0,3e-05,2e-05,0.00787
40.0,37.0,3e-05,2e-05,0.00558
40.0,39.0,3e-05,3e-05,0.00578
40.0,41.0,3e-05,2e-05,0.00547
40.0,43.0,3e-05,2e-05,0.00541
40.0,45.0,4e-05,2e-05,0.00602
40.0,47.0,3e-05,2e-05,0.00607
40.0,49.0,3e-05,2e-05,0.00626
40.0,51.0,3e-05,2e-05,0.0048
40.0,53.0,3e-05,2e-05,0.00629
40.0,55.0,3e-05,3e-05,0.00595
40.0,57.0,3e-05,2e-05,0.00602
40.0,59.0,3e-05,2e-05,0.00569
40.0,61.0,3e-05,2e-05,0.00704
40.0,63.0,3e-05,3e-05,0.00882
40.0,65.0,3e-05,2e-05,0.00481
40.0,67.0,3e-05,2e-05,0.00627
40.0,69.0,3e-05,2e-05,0.00528
40.0,71.0,3e-05,2e-05,0.00602
40.0,73.0,3e-05,2e-05,0.00622
40.0,75.0,3e-05,2e-05,0.00622
40.0,77.0,3e-05,3e-05,0.00741
40.0,79.0,3e-05,2e-05,0.00584
40.0,81.0,3e-05,2e-05,0.00466
40.0,83.0,3e-05,3e-05,0.00374
40.0,85.0,3e-05,2e-05,0.00502
40.0,87.0,3e-05,2e-05,0.00482
40.0,89.0,3e-05,2e-05,0.00659
40.0,91.0,3e-05,2e-05,0.00761
40.0,93.0,3e-05,2e-05,0.00612
40.0,95.0,3e-05,2e-05,0.00499
40.0,97.0,3e-05,2e-05,0.00621
40.0,99.0,3e-05,2e-05,0.00621
40.0,101.0,3e-05,2e-05,0.00803
40.0,103.0,3e-05,2e-05,0.00547
40.0,105.0,3e-05,2e-05,0.00674
40.0,107.0,3e-05,2e-05,0.00705
40.0,109.0,3e-05,2e-05,0.00419
40.0,111.0,3e-05,2e-05,0.00675
40.0,113.0,3e-05,2e-05,0.00432
40.0,115.0,3e-05,2e-05,0.00778
40.0,117.0,3e-05,2e-05,0.00642
40.0,119.0,3e-05,3e-05,0.00442
40.0,121.0,3e-05,2e-05,0.00658
40.0,123.0,3e-05,3e-05,0.00568
40.0,125.0,3e-05,2e-05,0.00617
40.0,127.0,3e-05,2e-05,0.00787
40.0,129.0,3e-05,2e-05,0.00563
40.0,131.0,3e-05,2e-05,0.00464
40.0,133.0,3e-05,2e-05,0.00753
40.0,135.0,3e-05,2e-05,0.00632
40.0,137.0,3e-05,2e-05,0.00702
40.0,139.0,3e-05,3e-05,0.0051
40.0,141.0,3e-05,2e-05,0.00514
40.0,143.0,3e-05,2e-05,0.00476
40.0,145.0,3e-05,2e-05,0.0041
40.0,147.0,3e-05,2e-05,0.00639
40.0,149.0,3e-05,2e-05,0.00699
40.0,151.0,3e-05,3e-05,0.00536
40.0,153.0,3e-05,2e-05,0.00453
41.0,1.0,3e-05,2e-05,0.00476
41.0,3.0,3e-05,2e-05,0.00323
41.0,5.0,3e-05,2e-05,0.00317
41.0,7.0,3e-05,2e-05,0.00429
41.0,9.0,3e-05,2e-05,0.00418
41.0,11.0,3e-05,2e-05,0.00499
41.0,13.0,3e-05,2e-05,0.00489
41.0,15.0,3e-05,2e-05,0.00623
41.0,17.0,3e-05,2e-05,0.0033
41.0,19.0,3e-05,2e-05,0.00474
41.0,21.0,3e-05,2e-05,0.00411
41.0,23.0,3e-05,2e-05,0.00462
41.0,25.0,3e-05,2e-05,0.00461
41.0,27.0,3e-05,2e-05,0.00362
41.0,29.0,3e-05,2e-05,0.00403
41.0,31.0,3e-05,2e-05,0.00349
41.0,33.0,3e-05,2e-05,0.00458
41.0,35.0,3e-05,2e-05,0.00441
41.0,37.0,3e-05,2e-05,0.00413
41.0,39.0,3e-05,2e-05,0.00357
41.0,41.0,3e-05,2e-05,0.00441
41.0,43.0,3e-05,2e-05,0.00434
41.0,45.0,3e-05,2e-05,0.00462
41.0,47.0,3e-05,2e-05,0.0035
41.0,49.0,3e-05,2e-05,0.00323
41.0,51.0,3e-05,2e-05,0.0028
41.0,53.0,3e-05,2e-05,0.00337
41.0,55.0,4e-05,2e-05,0.00385
41.0,57.0,3e-05,2e-05,0.00429
41.0,59.0,3e-05,2e-05,0.00359
41.0,61.0,3e-05,2e-05,0.00519
41.0,63.0,3e-05,2e-05,0.00572
41.0,65.0,3e-05,2e-05,0.00597
41.0,67.0,3e-05,2e-05,0.00237
41.0,69.0,,2e-05,0.00454
41.0,71.0,3e-05,2e-05,0.00393
42.0,1.0,3e-05,2e-05,0.00445
42.0,3.0,3e-05,2e-05,0.00495
42.0,5.0,3e-05,2e-05,0.00552
42.0,7.0,3e-05,2e-05,0.00536
42.0,9.0,3e-05,2e-05,0.00567
42.0,11.0,3e-05,2e-05,0.00486
42.0,13.0,3e-05,2e-05,0.00496
42.0,15.0,3e-05,2e-05,0.00457
42.0,17.0,3e-05,2e-05,0.00377
42.0,19.0,3e-05,2e-05,0.00449
42.0,21.0,3e-05,2e-05,0.00619
42.0,23.0,3e-05,2e-05,0.00516
42.0,25.0,3e-05,2e-05,0.00516
42.0,27.0,3e-05,2e-05,0.00335
42.0,29.0,3e-05,2e-05,0.00348
42.0,31.0,3e-05,2e-05,0.00491
42.0,33.0,3e-05,2e-05,0.00527
42.0,35.0,3e-05,2e-05,0.00523
42.0,37.0,3e-05,2e-05,0.00437
42.0,39.0,3e-05,2e-05,0.00537
42.0,41.0,3e-05,2e-05,0.00464
42.0,43.0,3e-05,2e-05,0.00425
42.0,45.0,3e-05,2e-05,0.00467
42.0,47.0,3e-05,2e-05,0.00452
42.0,49.0,3e-05,2e-05,0.00437
42.0,51.0,3e-05,2e-05,0.00627
42.0,53.0,3e-05,3e-05,0.00344
42.0,55.0,3e-05,2e-05,0.00438
42.0,57.0,3e-05,2e-05,0.00458
42.0,59.0,3e-05,2e-05,0.00568
42.0,61.0,3e-05,2e-05,0.00457
42.0,63.0,3e-05,2e-05,0.00493
42.0,65.0,3e-05,2e-05,0.00572
42.0,67.0,3e-05,2e-05,0.00422
42.0,69.0,3e-05,2e-05,0.00569
42.0,71.0,3e-05,2e-05,0.0045
42.0,73.0,3e-05,2e-05,0.0061
42.0,75.0,3e-05,2e-05,0.00507
42.0,77.0,3e-05,2e-05,0.0039
42.0,79.0,3e-05,2e-05,0.00539
42.0,81.0,3e-05,2e-05,0.00463
42.0,83.0,3e-05,2e-05,0.00554
42.0,85.0,3e-05,2e-05,0.00592
42.0,87.0,3e-05,2e-05,0.00509
42.0,89.0,3e-05,2e-05,0.00366
42.0,91.0,3e-05,2e-05,0.00423
42.0,93.0,3e-05,2e-05,0.00472
42.0,95.0,3e-05,2e-05,0.00409
42.0,97.0,3e-05,2e-05,0.00518
42.0,99.0,3e-05,2e-05,0.0036
42.0,101.0,3e-05,2e-05,0.00429
42.0,103.0,3e-05,2e-05,0.00463
42.0,105.0,3e-05,2e-05,0.00432
42.0,107.0,3e-05,2e-05,0.00695
42.0,109.0,3e-05,2e-05,0.00312
42.0,111.0,3e-05,2e-05,0.00605
42.0,113.0,3e-05,2e-05,0.00527
42.0,115.0,3e-05,2e-05,0.0049
42.0,117.0,3e-05,2e-05,0.00491
42.0,119.0,3e-05,2e-05,0.00427
42.0,121.0,3e-05,2e-05,0.00537
42.0,123.0,3e-05,2e-05,0.00527
42.0,125.0,3e-05,2e-05,0.0047
42.0,127.0,3e-05,2e-05,0.0053
42.0,129.0,3e-05,2e-05,0.00552
42.0,131.0,3e-05,2e-05,0.00538
42.0,133.0,3e-05,2e-05,0.00383
44.0,1.0,3e-05,2e-05,0.00447
44.0,3.0,3e-05,2e-05,0.00376
44.0,5.0,3e-05,2e-05,0.00353
44.0,7.0,3e-05,2e-05,0.00393
44.0,9.0,3e-05,2e-05,0.00392
45.0,1.0,3e-05,3e-05,0.00573
45.0,3.0,3e-05,3e-05,0.00402
45.0,5.0,3e-05,3e-05,0.00329
45.0,7.0,3e-05,3e-05,0.00435
45.0,9.0,3e-05,3e-05,0.00708
45.0,11.0,3e-05,3e-05,0.00476
45.0,13.0,3e-05,3e-05,0.00311
45.0,15.0,3e-05,3e-05,0.00274
45.0,17.0,3e-05,3e-05,0.00371
45.0,19.0,3e-05,3e-05,0.00306
45.0,21.0,3e-05,3e-05,0.0053
45.0,23.0,3e-05,3e-05,0.00523
45.0,25.0,3e-05,3e-05,0.00592
45.0,27.0,3e-05,3e-05,0.00529
45.0,29.0,3e-05,3e-05,0.00711
45.0,31.0,3e-05,3e-05,0.0067
45.0,33.0,3e-05,3e-05,0.00597
45.0,35.0,3e-05,3e-05,0.0033
45.0,37.0,3e-05,3e-05,0.00427
45.0,39.0,3e-05,3e-05,0.00518
45.0,41.0,3e-05,3e-05,0.00518
45.0,43.0,3e-05,3e-05,0.00541
45.0,45.0,3e-05,3e-05,0.00345
45.0,47.0,3e-05,3e-05,0.00435
45.0,49.0,3e-05,3e-05,0.00554
45.0,51.0,3e-05,3e-05,0.00428
45.0,53.0,3e-05,3e-05,0.00355
45.0,55.0,3e-05,3e-05,0.0042
45.0,57.0,3e-05,3e-05,0.00411
45.0,59.0,3e-05,3e-05,0.00475
45.0,61.0,3e-05,3e-05,0.00633
45.0,63.0,3e-05,3e-05,0.00339
45.0,65.0,3e-05,3e-05,0.00405
45.0,67.0,3e-05,3e-05,0.00697
45.0,69.0,3e-05,3e-05,0.00743
45.0,71.0,3e-05,3e-05,0.00454
45.0,73.0,3e-05,3e-05,0.00401
45.0,75.0,3e-05,3e-05,0.00464
45.0,77.0,3e-05,4e-05,0.00464
45.0,79.0,3e-05,4e-05,0.00356
45.0,81.0,3e-05,3e-05,0.00615
45.0,83.0,3e-05,3e-05,0.0043
45.0,85.0,3e-05,3e-05,0.00452
45.0,87.0,3e-05,3e-05,0.00666
45.0,89.0,3e-05,3e-05,0.00487
45.0,91.0,3e-05,3e-05,0.00328
46.0,3.0,3e-05,2e-05,0.00484
46.0,5.0,3e-05,2e-05,0.00462
46.0,7.0,3e-05,2e-05,0.00348
46.0,9.0,3e-05,2e-05,0.00452
46.0,11.0,3e-05,2e-05,0.00354
46.0,13.0,3e-05,2e-05,0.00462
46.0,15.0,3e-05,2e-05,0.00471
46.0,17.0,3e-05,1e-05,0.00224
46.0,19.0,3e-05,2e-05,0.00435
46.0,21.0,3e-05,2e-05,0.00547
46.0,23.0,3e-05,2e-05,0.00545
46.0,25.0,3e-05,2e-05,0.00512
46.0,27.0,3e-05,3e-05,0.00418
46.0,29.0,3e-05,2e-05,0.00407
46.0,31.0,3e-05,2e-05,0.00285
46.0,33.0,3e-05,2e-05,0.00462
46.0,35.0,3e-05,2e-05,0.00523
46.0,37.0,3e-05,2e-05,0.00638
46.0,39.0,3e-05,2e-05,0.00496
46.0,41.0,3e-05,2e-05,0.00285
46.0,43.0,3e-05,2e-05,0.00764
46.0,45.0,3e-05,2e-05,0.00531
46.0,47.0,3e-05,2e-05,0.00571
46.0,49.0,4e-05,2e-05,0.0061
46.0,51.0,3e-05,2e-05,0.00627
46.0,53.0,3e-05,2e-05,0.00669
46.0,55.0,3e-05,2e-05,0.00586
46.0,57.0,3e-05,2e-05,0.00473
46.0,59.0,3e-05,2e-05,0.00967
46.0,61.0,3e-05,1e-05,0.00263
46.0,63.0,4e-05,2e-05,0.00395
46.0,65.0,3e-05,2e-05,0.0039
46.0,67.0,3e-05,2e-05,0.00997
46.0,69.0,3e-05,2e-05,0.00619
46.0,71.0,3e-05,2e-05,0.00407
46.0,73.0,3e-05,1e-05,0.00606
46.0,75.0,,2e-05,0.00487
46.0,77.0,3e-05,2e-05,0.00555
46.0,79.0,3e-05,2e-05,0.00536
46.0,81.0,3e-05,2e-05,0.00448
46.0,83.0,3e-05,1e-05,0.00248
46.0,85.0,3e-05,2e-05,0.00354
46.0,87.0,3e-05,2e-05,0.00529
46.0,89.0,3e-05,2e-05,0.00905
46.0,91.0,4e-05,2e-05,0.00444
46.0,93.0,3e-05,2e-05,0.00295
46.0,95.0,3e-05,2e-05,0.00392
46.0,97.0,3e-05,2e-05,0.0056
46.0,99.0,3e-05,2e-05,0.00334
46.0,101.0,3e-05,2e-05,0.00519
,,,,
46.0,103.0,3e-05,2e-05,0.00358
46.0,105.0,3e-05,2e-05,0.00592
46.0,107.0,3e-05,2e-05,0.00668
46.0,109.0,3e-05,2e-05,0.00587
46.0,111.0,3e-05,2e-05,0.00454
46.0,115.0,3e-05,2e-05,0.00651
46.0,117.0,3e-05,2e-05,0.00357
46.0,119.0,3e-05,2e-05,0.00453
46.0,121.0,3e-05,2e-05,0.00237
46.0,123.0,3e-05,2e-05,0.00832
46.0,125.0,3e-05,2e-05,0.00602
46.0,127.0,3e-05,2e-05,0.00398
46.0,129.0,3e-05,2e-05,0.00691
46.0,135.0,3e-05,2e-05,0.00453
46.0,137.0,3e-05,2e-05,0.00207
47.0,1.0,4e-05,2e-05,0.00436
47.0,3.0,4e-05,2e-05,0.00548
47.0,5.0,4e-05,2e-05,0.00701
47.0,7.0,4e-05,2e-05,0.00473
47.0,9.0,4e-05,2e-05,0.00333
47.0,11.0,4e-05,2e-05,0.00522
47.0,13.0,4e-05,2e-05,0.00613
47.0,15.0,4e-05,2e-05,0.00507
47.0,17.0,4e-05,2e-05,0.00864
47.0,19.0,4e-05,2e-05,0.00543
47.0,21.0,4e-05,2e-05,0.00392
47.0,23.0,4e-05,3e-05,0.00639
47.0,25.0,4e-05,2e-05,0.00678
47.0,27.0,4e-05,2e-05,0.00736
47.0,29.0,4e-05,2e-05,0.00778
47.0,31.0,4e-05,2e-05,0.0054
47.0,33.0,4e-05,2e-05,0.0071
47.0,35.0,4e-05,2e-05,0.00548
47.0,37.0,4e-05,2e-05,0.00336
47.0,39.0,4e-05,2e-05,0.00868
47.0,41.0,4e-05,2e-05,0.00591
47.0,43.0,4e-05,2e-05,0.00487
47.0,45.0,4e-05,2e-05,0.00738
47.0,47.0,4e-05,2e-05,0.00545
47.0,49.0,4e-05,2e-05,0.00514
47.0,51.0,4e-05,2e-05,0.00512
47.0,53.0,4e-05,2e-05,0.00768
47.0,55.0,4e-05,2e-05,0.00569
47.0,57.0,4e-05,2e-05,0.00435
47.0,59.0,4e-05,2e-05,0.00547
47.0,61.0,4e-05,2e-05,0.00731
47.0,63.0,4e-05,2e-05,0.00485
47.0,65.0,4e-05,2e-05,0.00456
47.0,67.0,4e-05,2e-05,0.00533
47.0,69.0,4e-05,2e-05,0.00679
47.0,71.0,4e-05,2e-05,0.00693
47.0,73.0,4e-05,2e-05,0.00486
47.0,75.0,4e-05,2e-05,0.00748
47.0,77.0,4e-05,2e-05,0.00556
47.0,79.0,4e-05,2e-05,0.00818
47.0,81.0,4e-05,2e-05,0.00425
47.0,83.0,4e-05,2e-05,0.00618
47.0,85.0,4e-05,2e-05,0.00541
47.0,87.0,4e-05,2e-05,0.00526
47.0,89.0,4e-05,2e-05,0.00513
47.0,91.0,4e-05,2e-05,0.0043
47.0,93.0,4e-05,3e-05,0.00395
47.0,95.0,4e-05,3e-05,0.00481
47.0,97.0,4e-05,2e-05,0.00634
47.0,99.0,4e-05,2e-05,0.00573
47.0,101.0,4e-05,2e-05,0.00611
47.0,103.0,4e-05,2e-05,0.00763
47.0,105.0,4e-05,2e-05,0.00433
47.0,107.0,4e-05,2e-05,0.00617
47.0,109.0,4e-05,2e-05,0.00709
47.0,111.0,4e-05,2e-05,0.00477
47.0,113.0,4e-05,2e-05,0.00501
47.0,115.0,4e-05,2e-05,0.00607
47.0,117.0,4e-05,2e-05,0.00493
47.0,119.0,4e-05,2e-05,0.0039
47.0,121.0,4e-05,2e-05,0.00564
47.0,123.0,4e-05,2e-05,0.00458
47.0,125.0,4e-05,2e-05,0.00278
47.0,127.0,4e-05,2e-05,0.00509
47.0,129.0,4e-05,2e-05,0.0047
47.0,131.0,4e-05,2e-05,0.00514
47.0,133.0,4e-05,2e-05,0.00579
47.0,135.0,4e-05,2e-05,0.0068
47.0,137.0,5e-05,2e-05,0.00655
47.0,139.0,4e-05,2e-05,0.00568
47.0,141.0,4e-05,3e-05,0.00516
47.0,143.0,4e-05,2e-05,0.00589
47.0,145.0,4e-05,2e-05,0.0055
47.0,147.0,4e-05,2e-05,0.00488
47.0,149.0,4e-05,2e-05,0.00275
47.0,151.0,4e-05,2e-05,0.00403
47.0,153.0,4e-05,2e-05,0.00412
47.0,155.0,4e-05,2e-05,0.00431
47.0,157.0,4e-05,2e-05,0.00406
47.0,159.0,4e-05,2e-05,0.00502
47.0,161.0,4e-05,2e-05,0.00692
47.0,163.0,4e-05,2e-05,0.00497
47.0,165.0,4e-05,2e-05,0.00354
47.0,167.0,4e-05,2e-05,0.00442
47.0,169.0,4e-05,2e-05,0.00586
47.0,171.0,4e-05,2e-05,0.00572
47.0,173.0,4e-05,2e-05,0.00417
47.0,175.0,4e-05,2e-05,0.00459
47.0,177.0,4e-05,2e-05,0.00689
47.0,179.0,4e-05,3e-05,0.00416
47.0,181.0,4e-05,2e-05,0.00698
47.0,183.0,4e-05,3e-05,0.0053
47.0,185.0,4e-05,2e-05,0.00584
47.0,187.0,4e-05,2e-05,0.00254
47.0,189.0,4e-05,2e-05,0.00347
48.0,1.0,3e-05,2e-05,0.00514
48.0,3.0,4e-05,2e-05,0.00335
48.0,5.0,3e-05,2e-05,0.0055
48.0,7.0,4e-05,2e-05,0.00561
48.0,9.0,3e-05,2e-05,0.00399
48.0,11.0,3e-05,2e-05,0.00435
48.0,13.0,3e-05,2e-05,0.00378
48.0,15.0,3e-05,2e-05,0.00494
48.0,17.0,4e-05,2e-05,0.00381
48.0,19.0,3e-05,2e-05,0.00347
48.0,21.0,3e-05,2e-05,0.00335
48.0,23.0,3e-05,2e-05,0.00571
48.0,25.0,4e-05,2e-05,0.00347
48.0,27.0,4e-05,2e-05,0.00287
48.0,29.0,4e-05,2e-05,0.00325
48.0,31.0,4e-05,2e-05,0.0055
48.0,33.0,,2e-05,0.00413
48.0,35.0,3e-05,2e-05,0.00648
48.0,37.0,4e-05,2e-05,0.00545
48.0,39.0,3e-05,2e-05,0.0031
48.0,41.0,4e-05,3e-05,0.00239
48.0,43.0,3e-05,2e-05,0.0041
48.0,45.0,3e-05,2e-05,0.00468
48.0,47.0,3e-05,2e-05,0.00501
48.0,49.0,3e-05,2e-05,0.00529
48.0,51.0,3e-05,2e-05,0.00864
48.0,53.0,3e-05,2e-05,0.0048
48.0,55.0,3e-05,2e-05,0.00339
48.0,57.0,4e-05,2e-05,0.00471
48.0,59.0,3e-05,2e-05,0.00561
48.0,61.0,3e-05,2e-05,0.00333
48.0,63.0,3e-05,2e-05,0.0053
48.0,65.0,3e-05,2e-05,0.00383
48.0,67.0,3e-05,2e-05,0.00799
48.0,69.0,3e-05,2e-05,0.00389
48.0,71.0,3e-05,2e-05,0.0033
48.0,73.0,4e-05,2e-05,0.0058
48.0,75.0,4e-05,2e-05,0.00759
48.0,77.0,3e-05,2e-05,0.0055
48.0,79.0,3e-05,2e-05,0.00355
48.0,81.0,4e-05,2e-05,0.00524
48.0,83.0,3e-05,2e-05,0.00612
48.0,85.0,3e-05,2e-05,0.00197
48.0,87.0,3e-05,2e-05,0.00431
48.0,89.0,4e-05,2e-05,0.00751
48.0,91.0,4e-05,2e-05,0.00357
48.0,93.0,3e-05,2e-05,0.00618
48.0,95.0,4e-05,2e-05,0.00296
48.0,97.0,4e-05,2e-05,0.00497
48.0,99.0,3e-05,2e-05,0.00296
48.0,101.0,4e-05,2e-05,0.00474
48.0,103.0,4e-05,2e-05,0.0032
48.0,105.0,3e-05,2e-05,0.00366
48.0,107.0,4e-05,2e-05,0.00625
48.0,109.0,3e-05,2e-05,0.00455
48.0,111.0,4e-05,2e-05,0.00251
48.0,113.0,4e-05,2e-05,0.003
48.0,115.0,4e-05,2e-05,0.0046
48.0,117.0,3e-05,2e-05,0.00455
48.0,119.0,4e-05,2e-05,0.00445
48.0,121.0,3e-05,2e-05,0.00182
48.0,123.0,4e-05,2e-05,0.00572
48.0,125.0,4e-05,2e-05,0.00436
48.0,127.0,3e-05,2e-05,0.00479
48.0,129.0,3e-05,2e-05,0.00798
48.0,131.0,4e-05,2e-05,0.00521
48.0,133.0,3e-05,2e-05,0.00744
48.0,135.0,4e-05,2e-05,0.00368
48.0,137.0,4e-05,2e-05,0.005
48.0,139.0,3e-05,2e-05,0.00353
48.0,141.0,4e-05,2e-05,0.00299
48.0,143.0,4e-05,2e-05,0.0048
48.0,145.0,3e-05,2e-05,0.00467
48.0,147.0,3e-05,2e-05,0.00618
48.0,149.0,4e-05,2e-05,0.00675
48.0,151.0,4e-05,2e-05,0.00488
48.0,153.0,4e-05,2e-05,0.00458
48.0,155.0,,2e-05,0.00525
48.0,157.0,3e-05,2e-05,0.00185
48.0,159.0,3e-05,2e-05,0.00526
48.0,161.0,3e-05,2e-05,0.00426
48.0,163.0,3e-05,2e-05,0.00398
48.0,165.0,4e-05,2e-05,0.00402
48.0,167.0,3e-05,2e-05,0.00376
48.0,169.0,4e-05,2e-05,0.00284
48.0,171.0,4e-05,2e-05,0.00557
48.0,173.0,3e-05,2e-05,0.00311
48.0,175.0,3e-05,2e-05,0.00581
48.0,177.0,4e-05,2e-05,0.00518
48.0,179.0,4e-05,2e-05,0.00542
48.0,181.0,3e-05,2e-05,0.00427
48.0,183.0,4e-05,2e-05,0.00507
48.0,185.0,3e-05,2e-05,0.00498
48.0,187.0,3e-05,2e-05,0.00299
48.0,189.0,3e-05,2e-05,0.00567
48.0,191.0,3e-05,2e-05,0.00507
48.0,193.0,3e-05,2e-05,0.00718
48.0,195.0,4e-05,2e-05,0.00382
48.0,197.0,4e-05,2e-05,0.00434
48.0,199.0,3e-05,2e-05,0.00556
48.0,201.0,4e-05,2e-05,0.00265
48.0,203.0,3e-05,2e-05,0.00494
48.0,205.0,3e-05,2e-05,0.00479
48.0,207.0,4e-05,2e-05,0.00634
48.0,209.0,3e-05,2e-05,0.00252
48.0,211.0,4e-05,2e-05,0.00375
48.0,213.0,3e-05,2e-05,0.00644
48.0,215.0,3e-05,2e-05,0.00275
48.0,217.0,3e-05,2e-05,0.00517
48.0,219.0,3e-05,2e-05,0.00376
48.0,221.0,3e-05,2e-05,0.00499
48.0,223.0,4e-05,2e-05,0.00518
48.0,225.0,3e-05,2e-05,0.00547
48.0,227.0,4e-05,2e-05,0.00561
48.0,229.0,3e-05,2e-05,0.00349
48.0,231.0,3e-05,2e-05,0.00452
48.0,233.0,3e-05,2e-05,0.00658
48.0,235.0,3e-05,2e-05,0.00421
48.0,237.0,3e-05,2e-05,0.00519
48.0,239.0,4e-05,2e-05,0.0047
48.0,241.0,3e-05,2e-05,0.00528
48.0,243.0,,2e-05,0.00524
48.0,245.0,4e-05,2e-05,0.00493
48.0,247.0,3e-05,2e-05,0.00356
48.0,249.0,4e-05,2e-05,0.00545
48.0,251.0,3e-05,2e-05,0.00407
48.0,253.0,3e-05,2e-05,0.00406
48.0,255.0,4e-05,2e-05,0.00378
48.0,257.0,3e-05,2e-05,0.00406
48.0,259.0,3e-05,2e-05,0.00464
48.0,261.0,,2e-05,0.00453
48.0,263.0,,2e-05,0.00605
48.0,265.0,4e-05,2e-05,0.00599
48.0,267.0,3e-05,2e-05,0.00538
48.0,269.0,,,
48.0,271.0,4e-05,2e-05,0.00518
48.0,273.0,4e-05,2e-05,0.00527
48.0,275.0,4e-05,2e-05,0.00486
48.0,277.0,4e-05,2e-05,0.0056
48.0,279.0,3e-05,2e-05,0.00561
48.0,281.0,3e-05,2e-05,0.0049
48.0,283.0,4e-05,3e-05,0.00602
48.0,285.0,4e-05,2e-05,0.00543
48.0,287.0,4e-05,2e-05,0.00534
48.0,289.0,4e-05,2e-05,0.00469
48.0,291.0,3e-05,2e-05,0.00507
48.0,293.0,4e-05,2e-05,0.00576
48.0,295.0,4e-05,2e-05,0.00402
48.0,297.0,4e-05,2e-05,0.0046
48.0,299.0,4e-05,2e-05,0.00507
48.0,301.0,,,
48.0,303.0,4e-05,2e-05,0.00401
48.0,305.0,3e-05,2e-05,0.00385
48.0,307.0,3e-05,2e-05,0.00485
48.0,309.0,4e-05,2e-05,0.00435
48.0,311.0,4e-05,2e-05,0.00488
48.0,313.0,4e-05,2e-05,0.0036
48.0,315.0,3e-05,2e-05,0.00818
48.0,317.0,4e-05,2e-05,0.00306
48.0,319.0,3e-05,2e-05,0.00775
48.0,321.0,4e-05,2e-05,0.00534
48.0,323.0,4e-05,2e-05,0.00398
48.0,325.0,4e-05,2e-05,0.00416
48.0,327.0,3e-05,2e-05,0.00608
48.0,329.0,4e-05,2e-05,0.00326
48.0,331.0,4e-05,2e-05,0.00613
48.0,333.0,3e-05,2e-05,0.00557
48.0,335.0,3e-05,2e-05,0.00321
48.0,337.0,4e-05,2e-05,0.00629
48.0,339.0,3e-05,2e-05,0.00295
48.0,341.0,4e-05,2e-05,0.00328
48.0,343.0,3e-05,2e-05,0.00635
48.0,345.0,,2e-05,0.00538
48.0,347.0,3e-05,2e-05,0.0041
48.0,349.0,4e-05,2e-05,0.00561
48.0,351.0,3e-05,2e-05,0.00594
48.0,353.0,3e-05,2e-05,0.00604
48.0,355.0,4e-05,2e-05,0.00368
48.0,357.0,4e-05,2e-05,0.00397
48.0,359.0,4e-05,2e-05,0.00337
48.0,361.0,4e-05,2e-05,0.00591
48.0,363.0,4e-05,2e-05,0.00784
48.0,365.0,4e-05,2e-05,0.0049
48.0,367.0,3e-05,2e-05,0.00344
48.0,369.0,3e-05,2e-05,0.00504
48.0,371.0,3e-05,2e-05,0.0036
48.0,373.0,3e-05,2e-05,0.006
48.0,375.0,4e-05,2e-05,0.00517
48.0,377.0,4e-05,2e-05,0.00528
48.0,379.0,3e-05,2e-05,0.00588
48.0,381.0,3e-05,2e-05,0.00429
48.0,383.0,3e-05,2e-05,0.00285
48.0,385.0,4e-05,2e-05,0.00517
48.0,387.0,3e-05,2e-05,0.00651
48.0,389.0,4e-05,2e-05,0.00346
48.0,391.0,4e-05,2e-05,0.0044
48.0,393.0,,2e-05,0.00375
48.0,395.0,4e-05,2e-05,0.00529
48.0,397.0,3e-05,2e-05,0.00311
48.0,399.0,3e-05,2e-05,0.00536
48.0,401.0,3e-05,2e-05,0.00475
48.0,403.0,3e-05,2e-05,0.00896
48.0,405.0,3e-05,2e-05,0.00493
48.0,407.0,3e-05,2e-05,0.00538
48.0,409.0,4e-05,2e-05,0.0041
48.0,411.0,4e-05,2e-05,0.00473
48.0,413.0,3e-05,2e-05,0.00361
48.0,415.0,4e-05,2e-05,0.00458
48.0,417.0,3e-05,2e-05,0.00397
48.0,419.0,4e-05,2e-05,0.00564
48.0,421.0,3e-05,2e-05,0.00376
48.0,423.0,4e-05,2e-05,0.00508
48.0,425.0,3e-05,2e-05,0.00414
48.0,427.0,4e-05,2e-05,0.00329
48.0,429.0,4e-05,2e-05,0.00511
48.0,431.0,3e-05,2e-05,0.00421
48.0,433.0,4e-05,2e-05,0.00597
48.0,435.0,4e-05,2e-05,0.00387
48.0,437.0,4e-05,2e-05,0.00543
48.0,439.0,3e-05,2e-05,0.00293
48.0,441.0,4e-05,2e-05,0.0052
48.0,443.0,4e-05,2e-05,0.00534
48.0,445.0,3e-05,2e-05,0.00498
48.0,447.0,3e-05,2e-05,0.00504
48.0,449.0,4e-05,2e-05,0.00453
48.0,451.0,4e-05,2e-05,0.0037
48.0,453.0,4e-05,2e-05,0.00178
48.0,455.0,4e-05,2e-05,0.00691
48.0,457.0,4e-05,2e-05,0.00625
48.0,459.0,3e-05,2e-05,0.00521
48.0,461.0,3e-05,2e-05,0.00356
48.0,463.0,3e-05,2e-05,0.00438
48.0,465.0,4e-05,2e-05,0.00429
48.0,467.0,3e-05,2e-05,0.00542
48.0,469.0,4e-05,2e-05,0.00402
48.0,471.0,4e-05,3e-05,0.00312
48.0,473.0,4e-05,2e-05,0.00366
48.0,475.0,4e-05,2e-05,0.00484
48.0,477.0,3e-05,2e-05,0.00405
48.0,479.0,3e-05,2e-05,0.00272
48.0,481.0,4e-05,2e-05,0.0056
48.0,483.0,4e-05,2e-05,0.00404
48.0,485.0,4e-05,2e-05,0.00475
48.0,487.0,4e-05,2e-05,0.00675
48.0,489.0,3e-05,2e-05,0.00361
48.0,491.0,3e-05,2e-05,0.00224
48.0,493.0,3e-05,2e-05,0.00322
48.0,495.0,4e-05,2e-05,0.00302
48.0,497.0,3e-05,2e-05,0.00442
48.0,499.0,3e-05,2e-05,0.00648
48.0,501.0,4e-05,2e-05,0.00317
48.0,503.0,3e-05,2e-05,0.00773
48.0,505.0,4e-05,2e-05,0.00314
48.0,507.0,3e-05,2e-05,0.00437
49.0,1.0,3e-05,2e-05,0.00257
49.0,3.0,3e-05,2e-05,0.00358
49.0,5.0,3e-05,2e-05,0.00274
49.0,7.0,3e-05,2e-05,0.00574
49.0,9.0,3e-05,2e-05,0.00389
49.0,11.0,3e-05,2e-05,0.00275
49.0,13.0,3e-05,1e-05,0.00271
49.0,15.0,3e-05,2e-05,0.00486
49.0,17.0,3e-05,2e-05,0.00383
49.0,19.0,3e-05,2e-05,0.00317
49.0,21.0,3e-05,2e-05,0.00286
49.0,23.0,3e-05,2e-05,0.00326
49.0,25.0,3e-05,2e-05,0.00458
49.0,27.0,3e-05,2e-05,0.00409
49.0,29.0,3e-05,1e-05,0.00257
49.0,31.0,3e-05,2e-05,0.00385
49.0,33.0,3e-05,2e-05,0.00327
49.0,35.0,3e-05,2e-05,0.00257
49.0,37.0,3e-05,2e-05,0.00271
49.0,39.0,3e-05,2e-05,0.00318
49.0,41.0,3e-05,2e-05,0.00361
49.0,43.0,3e-05,2e-05,0.00196
49.0,45.0,3e-05,2e-05,0.00201
49.0,47.0,3e-05,1e-05,0.00252
49.0,49.0,3e-05,2e-05,0.00229
49.0,51.0,3e-05,1e-05,0.00252
49.0,53.0,3e-05,2e-05,0.00339
49.0,55.0,3e-05,2e-05,0.0035
49.0,57.0,3e-05,2e-05,0.00334
50.0,1.0,3e-05,2e-05,0.00386
50.0,3.0,3e-05,2e-05,0.00568
50.0,5.0,3e-05,2e-05,0.00468
50.0,7.0,3e-05,2e-05,0.00309
50.0,9.0,3e-05,2e-05,0.00462
50.0,11.0,3e-05,2e-05,0.00359
50.0,13.0,3e-05,2e-05,0.00242
50.0,15.0,3e-05,2e-05,0.00345
50.0,17.0,3e-05,2e-05,0.00436
50.0,19.0,3e-05,2e-05,0.00512
50.0,21.0,3e-05,2e-05,0.00394
50.0,23.0,3e-05,2e-05,0.00402
50.0,25.0,3e-05,2e-05,0.00472
50.0,27.0,3e-05,2e-05,0.00468
51.0,1.0,4e-05,2e-05,0.00618
51.0,3.0,4e-05,2e-05,0.00286
51.0,5.0,4e-05,2e-05,0.00579
51.0,7.0,4e-05,2e-05,0.00421
51.0,9.0,4e-05,2e-05,0.00441
51.0,11.0,4e-05,2e-05,0.00655
51.0,13.0,4e-05,2e-05,0.00168
51.0,15.0,4e-05,2e-05,0.00395
51.0,17.0,4e-05,2e-05,0.00416
51.0,19.0,4e-05,2e-05,0.0042
51.0,21.0,4e-05,2e-05,0.00323
51.0,23.0,4e-05,2e-05,0.00467
51.0,25.0,4e-05,2e-05,0.00697
51.0,27.0,4e-05,2e-05,0.0047
51.0,29.0,4e-05,2e-05,0.0043
51.0,31.0,4e-05,2e-05,0.0044
51.0,33.0,4e-05,1e-05,0.00351
51.0,35.0,4e-05,2e-05,0.00459
51.0,36.0,4e-05,2e-05,0.00469
51.0,37.0,4e-05,2e-05,0.00492
51.0,41.0,4e-05,2e-05,0.00296
51.0,43.0,4e-05,2e-05,0.00485
51.0,45.0,4e-05,2e-05,0.00362
51.0,47.0,4e-05,1e-05,0.00306
51.0,49.0,4e-05,2e-05,0.00334
51.0,51.0,4e-05,2e-05,0.00461
51.0,53.0,3e-05,2e-05,0.00423
51.0,57.0,4e-05,2e-05,0.00456
51.0,59.0,4e-05,2e-05,0.00177
51.0,61.0,4e-05,2e-05,0.0031
51.0,63.0,4e-05,2e-05,0.00378
51.0,65.0,4e-05,2e-05,0.00344
51.0,67.0,4e-05,2e-05,0.00377
51.0,69.0,4e-05,2e-05,0.00309
51.0,71.0,4e-05,2e-05,0.00436
51.0,73.0,4e-05,2e-05,0.00397
51.0,75.0,4e-05,2e-05,0.0034
51.0,77.0,4e-05,2e-05,0.00406
51.0,79.0,4e-05,1e-05,0.00316
51.0,81.0,5e-05,2e-05,0.00424
51.0,83.0,4e-05,2e-05,0.00584
51.0,85.0,4e-05,2e-05,0.00378
51.0,87.0,4e-05,2e-05,0.00379
51.0,89.0,4e-05,2e-05,0.00563
51.0,91.0,4e-05,2e-05,0.00447
51.0,93.0,4e-05,2e-05,0.00365
51.0,95.0,4e-05,2e-05,0.00411
51.0,97.0,4e-05,2e-05,0.00559
51.0,99.0,4e-05,1e-05,0.00259
51.0,101.0,4e-05,1e-05,0.00465
51.0,103.0,4e-05,2e-05,0.00792
51.0,105.0,4e-05,2e-05,0.00465
51.0,107.0,4e-05,1e-05,0.00156
51.0,109.0,4e-05,2e-05,0.0031
51.0,111.0,4e-05,2e-05,0.00586
51.0,113.0,4e-05,2e-05,0.00444
51.0,115.0,4e-05,2e-05,0.00587
51.0,117.0,4e-05,2e-05,0.0062
51.0,119.0,4e-05,2e-05,0.00766
51.0,121.0,4e-05,2e-05,0.0036
51.0,125.0,4e-05,1e-05,0.00518
51.0,127.0,4e-05,2e-05,0.00261
51.0,131.0,4e-05,2e-05,0.00562
51.0,133.0,4e-05,2e-05,0.00569
51.0,135.0,4e-05,2e-05,0.00629
51.0,137.0,4e-05,2e-05,0.00465
51.0,139.0,4e-05,2e-05,0.00462
51.0,141.0,4e-05,2e-05,0.00489
51.0,143.0,4e-05,2e-05,0.00439
51.0,145.0,4e-05,2e-05,0.00308
51.0,147.0,4e-05,2e-05,0.00538
51.0,149.0,4e-05,2e-05,0.00308
51.0,153.0,4e-05,1e-05,0.00159
51.0,155.0,4e-05,2e-05,0.00526
51.0,157.0,4e-05,2e-05,0.00385
51.0,159.0,4e-05,2e-05,0.00463
51.0,161.0,4e-05,2e-05,0.00428
51.0,163.0,3e-05,2e-05,0.00525
51.0,165.0,4e-05,2e-05,0.00423
51.0,167.0,4e-05,2e-05,0.00612
51.0,169.0,4e-05,2e-05,0.0049
51.0,171.0,4e-05,2e-05,0.00377
51.0,173.0,4e-05,2e-05,0.00499
51.0,175.0,4e-05,2e-05,0.00429
51.0,177.0,4e-05,2e-05,0.00287
51.0,179.0,4e-05,2e-05,0.00217
51.0,181.0,3e-05,2e-05,0.00349
51.0,183.0,4e-05,2e-05,0.00386
51.0,185.0,4e-05,2e-05,0.00552
51.0,187.0,4e-05,2e-05,0.00367
51.0,191.0,4e-05,2e-05,0.00433
51.0,193.0,4e-05,2e-05,0.00472
51.0,195.0,4e-05,2e-05,0.00498
51.0,197.0,4e-05,2e-05,0.00547
51.0,199.0,4e-05,2e-05,0.00284
51.0,510.0,5e-05,2e-05,0.00182
51.0,520.0,2e-05,2e-05,0.00741
51.0,530.0,,2e-05,0.00347
51.0,540.0,5e-05,2e-05,0.00308
51.0,550.0,4e-05,2e-05,0.00309
51.0,570.0,4e-05,2e-05,0.00553
51.0,580.0,,2e-05,0.00599
51.0,590.0,4e-05,2e-05,0.00724
51.0,595.0,,1e-05,0.00413
51.0,600.0,6e-05,2e-05,0.00449
51.0,610.0,5e-05,1e-05,0.00316
51.0,620.0,3e-05,2e-05,0.0061
51.0,630.0,4e-05,2e-05,0.00283
51.0,640.0,3e-05,2e-05,0.00622
51.0,650.0,4e-05,2e-05,0.00403
51.0,660.0,5e-05,2e-05,0.00415
51.0,670.0,4e-05,2e-05,0.00551
51.0,678.0,,2e-05,0.00742
51.0,680.0,5e-05,2e-05,0.00514
51.0,683.0,4e-05,2e-05,0.00239
51.0,685.0,2e-05,2e-05,0.00174
51.0,690.0,5e-05,1e-05,0.00801
51.0,700.0,4e-05,2e-05,0.00346
51.0,710.0,4e-05,2e-05,0.00356
51.0,720.0,3e-05,2e-05,0.00327
51.0,730.0,5e-05,2e-05,0.00778
51.0,735.0,4e-05,2e-05,0.00378
51.0,740.0,4e-05,2e-05,0.0048
51.0,750.0,4e-05,2e-05,0.00308
51.0,760.0,4e-05,2e-05,0.00352
51.0,770.0,4e-05,2e-05,0.00552
51.0,775.0,5e-05,2e-05,0.00617
51.0,790.0,4e-05,2e-05,0.00646
51.0,800.0,4e-05,2e-05,0.00339
51.0,810.0,4e-05,2e-05,0.00274
51.0,820.0,4e-05,2e-05,0.00518
51.0,830.0,4e-05,2e-05,0.00414
51.0,840.0,4e-05,2e-05,0.00365
53.0,1.0,3e-05,2e-05,0.0027
53.0,3.0,3e-05,2e-05,0.00356
53.0,5.0,3e-05,2e-05,0.00325
53.0,7.0,3e-05,2e-05,0.00289
53.0,9.0,3e-05,2e-05,0.00467
53.0,11.0,3e-05,2e-05,0.00282
53.0,13.0,3e-05,2e-05,0.00405
53.0,15.0,3e-05,2e-05,0.00446
53.0,17.0,3e-05,2e-05,0.00347
53.0,19.0,3e-05,2e-05,0.00401
53.0,21.0,3e-05,2e-05,0.00175
53.0,23.0,3e-05,2e-05,0.00433
53.0,25.0,3e-05,2e-05,0.00366
53.0,27.0,3e-05,2e-05,0.00436
53.0,29.0,3e-05,2e-05,0.0035
53.0,31.0,3e-05,2e-05,0.00375
53.0,33.0,3e-05,2e-05,0.0024
53.0,35.0,3e-05,2e-05,0.00371
53.0,37.0,3e-05,2e-05,0.00322
53.0,39.0,3e-05,2e-05,0.00352
53.0,41.0,3e-05,2e-05,0.00455
53.0,43.0,3e-05,2e-05,0.00576
53.0,45.0,3e-05,2e-05,0.00402
53.0,47.0,3e-05,2e-05,0.00353
53.0,49.0,3e-05,2e-05,0.00544
53.0,51.0,3e-05,2e-05,0.00418
53.0,53.0,3e-05,2e-05,0.00342
53.0,55.0,3e-05,2e-05,0.00363
53.0,57.0,3e-05,2e-05,0.00414
53.0,59.0,3e-05,2e-05,0.00441
53.0,61.0,3e-05,2e-05,0.00264
53.0,63.0,3e-05,2e-05,0.00334
53.0,65.0,3e-05,2e-05,0.00427
53.0,67.0,3e-05,2e-05,0.00302
53.0,69.0,2e-05,2e-05,0.00373
53.0,71.0,3e-05,2e-05,0.00399
53.0,73.0,3e-05,2e-05,0.00345
53.0,75.0,3e-05,3e-05,0.00323
53.0,77.0,3e-05,2e-05,0.00393
54.0,1.0,3e-05,2e-05,0.00573
54.0,3.0,3e-05,2e-05,0.0031
54.0,5.0,3e-05,2e-05,0.00534
54.0,7.0,3e-05,2e-05,0.00421
54.0,9.0,3e-05,2e-05,0.00648
54.0,11.0,3e-05,2e-05,0.00483
54.0,13.0,3e-05,2e-05,0.00516
54.0,15.0,3e-05,2e-05,0.0043
54.0,17.0,3e-05,2e-05,0.00414
54.0,19.0,3e-05,2e-05,0.00584
54.0,21.0,3e-05,2e-05,0.00348
54.0,23.0,3e-05,2e-05,0.00531
54.0,25.0,3e-05,2e-05,0.00534
54.0,27.0,3e-05,2e-05,0.00386
54.0,29.0,3e-05,2e-05,0.00727
54.0,31.0,3e-05,2e-05,0.00543
54.0,33.0,3e-05,2e-05,0.00585
54.0,35.0,3e-05,2e-05,0.00566
54.0,37.0,3e-05,2e-05,0.00359
54.0,39.0,3e-05,2e-05,0.00491
54.0,41.0,3e-05,2e-05,0.00509
54.0,43.0,3e-05,2e-05,0.00431
54.0,45.0,3e-05,2e-05,0.00545
54.0,47.0,3e-05,2e-05,0.0073
54.0,49.0,3e-05,2e-05,0.00652
54.0,51.0,3e-05,2e-05,0.00529
54.0,53.0,3e-05,2e-05,0.00483
54.0,55.0,3e-05,2e-05,0.00487
54.0,57.0,3e-05,2e-05,0.00487
54.0,59.0,3e-05,2e-05,0.00509
54.0,61.0,3e-05,2e-05,0.00349
54.0,63.0,3e-05,2e-05,0.00433
54.0,65.0,3e-05,2e-05,0.00383
54.0,67.0,3e-05,2e-05,0.00532
54.0,69.0,3e-05,2e-05,0.00615
54.0,71.0,3e-05,2e-05,0.00571
54.0,73.0,3e-05,2e-05,0.0044
54.0,75.0,3e-05,2e-05,0.00392
54.0,77.0,3e-05,2e-05,0.00477
54.0,79.0,3e-05,2e-05,0.00463
54.0,81.0,3e-05,2e-05,0.00518
54.0,83.0,3e-05,2e-05,0.00513
54.0,85.0,3e-05,2e-05,0.00518
54.0,87.0,3e-05,2e-05,0.00534
54.0,89.0,3e-05,2e-05,0.0055
54.0,91.0,3e-05,2e-05,0.00543
54.0,93.0,3e-05,2e-05,0.00497
54.0,95.0,3e-05,2e-05,0.00398
54.0,97.0,3e-05,2e-05,0.00613
54.0,99.0,3e-05,2e-05,0.00421
54.0,101.0,3e-05,2e-05,0.00395
54.0,103.0,3e-05,2e-05,0.00514
54.0,105.0,3e-05,2e-05,0.00331
54.0,107.0,3e-05,2e-05,0.00523
54.0,109.0,3e-05,2e-05,0.00519
55.0,1.0,3e-05,1e-05,0.00497
55.0,3.0,3e-05,2e-05,0.00481
55.0,5.0,3e-05,1e-05,0.00447
55.0,7.0,3e-05,1e-05,0.00488
55.0,9.0,3e-05,1e-05,0.00356
55.0,11.0,3e-05,1e-05,0.00502
55.0,13.0,3e-05,1e-05,0.00402
55.0,15.0,3e-05,1e-05,0.00377
55.0,17.0,3e-05,1e-05,0.00367
55.0,19.0,3e-05,1e-05,0.00418
55.0,21.0,3e-05,1e-05,0.00398
55.0,23.0,3e-05,1e-05,0.00359
55.0,25.0,3e-05,2e-05,0.0025
55.0,27.0,3e-05,1e-05,0.00422
55.0,29.0,3e-05,1e-05,0.00458
55.0,31.0,3e-05,2e-05,0.00385
55.0,33.0,3e-05,2e-05,0.00378
55.0,35.0,3e-05,2e-05,0.00358
55.0,37.0,3e-05,1e-05,0.00366
55.0,39.0,3e-05,1e-05,0.00384
55.0,41.0,3e-05,2e-05,0.00595
55.0,43.0,3e-05,2e-05,0.00485
55.0,45.0,3e-05,1e-05,0.00354
55.0,47.0,3e-05,1e-05,0.00422
55.0,49.0,3e-05,1e-05,0.00391
55.0,51.0,3e-05,1e-05,0.00563
55.0,53.0,3e-05,1e-05,0.00297
55.0,55.0,3e-05,2e-05,0.00355
55.0,57.0,3e-05,1e-05,0.00429
55.0,59.0,3e-05,2e-05,0.00392
55.0,61.0,3e-05,1e-05,0.00387
55.0,63.0,3e-05,2e-05,0.00357
55.0,65.0,3e-05,1e-05,0.00308
55.0,67.0,3e-05,1e-05,0.00541
55.0,69.0,3e-05,1e-05,0.00481
55.0,71.0,3e-05,1e-05,0.00447
55.0,73.0,3e-05,1e-05,0.00377
55.0,75.0,3e-05,1e-05,0.00485
55.0,77.0,3e-05,1e-05,0.0042
55.0,78.0,3e-05,1e-05,0.00238
55.0,79.0,3e-05,2e-05,0.00397
55.0,81.0,3e-05,1e-05,0.00394
55.0,83.0,3e-05,1e-05,0.00477
55.0,85.0,3e-05,1e-05,0.00477
55.0,87.0,3e-05,1e-05,0.00354
55.0,89.0,3e-05,2e-05,0.00421
55.0,91.0,3e-05,1e-05,0.00382
55.0,93.0,3e-05,2e-05,0.00323
55.0,95.0,3e-05,1e-05,0.00443
55.0,97.0,3e-05,2e-05,0.00329
55.0,99.0,3e-05,1e-05,0.00512
55.0,101.0,3e-05,1e-05,0.00435
55.0,103.0,3e-05,1e-05,0.00497
55.0,105.0,3e-05,1e-05,0.00414
55.0,107.0,3e-05,1e-05,0.00546
55.0,109.0,3e-05,1e-05,0.00245
55.0,111.0,3e-05,1e-05,0.0047
55.0,113.0,3e-05,1e-05,0.0046
55.0,115.0,3e-05,1e-05,0.00486
55.0,117.0,3e-05,1e-05,0.00485
55.0,119.0,3e-05,1e-05,0.00469
55.0,121.0,3e-05,1e-05,0.00474
55.0,123.0,3e-05,1e-05,0.00475
55.0,125.0,3e-05,1e-05,0.00586
55.0,127.0,3e-05,2e-05,0.00389
55.0,129.0,3e-05,1e-05,0.0062
55.0,131.0,3e-05,1e-05,0.00362
55.0,133.0,3e-05,1e-05,0.00333
55.0,135.0,3e-05,1e-05,0.00608
55.0,137.0,3e-05,1e-05,0.00525
55.0,139.0,3e-05,2e-05,0.0035
55.0,141.0,3e-05,1e-05,0.00444
56.0,1.0,3e-05,3e-05,0.00335
56.0,3.0,3e-05,2e-05,0.0047
56.0,5.0,3e-05,2e-05,0.00215
56.0,7.0,3e-05,2e-05,0.00399
56.0,9.0,3e-05,2e-05,0.00331
56.0,11.0,3e-05,2e-05,0.00314
56.0,13.0,3e-05,2e-05,0.00419
56.0,15.0,3e-05,2e-05,0.00436
56.0,17.0,3e-05,2e-05,0.00395
56.0,19.0,3e-05,2e-05,0.0047
56.0,21.0,3e-05,2e-05,0.00311
56.0,23.0,3e-05,1e-05,0.00377
56.0,25.0,3e-05,2e-05,0.00354
56.0,27.0,3e-05,2e-05,0.00331
56.0,29.0,3e-05,2e-05,0.00414
56.0,31.0,3e-05,2e-05,0.00441
56.0,33.0,3e-05,2e-05,0.00462
56.0,35.0,3e-05,2e-05,0.00236
56.0,37.0,3e-05,2e-05,0.00315
56.0,39.0,3e-05,2e-05,0.0021
56.0,41.0,3e-05,2e-05,0.00313
56.0,43.0,3e-05,2e-05,0.00367
56.0,45.0,3e-05,2e-05,0.00337
