State ANSI,County ANSI,"AG LAND, CROP INSURANCE - ACRES"
1.0,1.0,"16,027"
1.0,3.0,"74,080"
1.0,5.0,"19,428"
1.0,7.0,"4,739"
1.0,9.0,"12,948"
1.0,11.0,"9,948"
1.0,13.0,"7,817"
1.0,15.0,"15,848"
1.0,17.0,"8,150"
1.0,19.0,"55,207"
1.0,21.0,"3,202"
1.0,23.0,457
1.0,25.0,"1,665"
1.0,27.0,"12,711"
1.0,29.0,"3,743"
1.0,31.0,"33,855"
1.0,33.0,"68,626"
1.0,35.0,"16,742"
1.0,37.0,417
1.0,39.0,"34,380"
1.0,41.0,"7,772"
1.0,43.0,"12,780"
1.0,45.0,"28,235"
1.0,47.0,"50,831"
1.0,49.0,"42,520"
1.0,51.0,"22,238"
1.0,53.0,"43,526"
1.0,55.0,"8,493"
1.0,57.0,"8,207"
1.0,59.0,"11,535"
1.0,61.0,"47,733"
1.0,63.0,"4,105"
1.0,65.0,"19,462"
1.0,67.0,"47,282"
1.0,69.0,"52,976"
1.0,71.0,"60,469"
,,
1.0,75.0,"3,584"
1.0,77.0,"67,886"
1.0,79.0,"87,875"
1.0,81.0,"3,893"
1.0,83.0,"117,785"
1.0,85.0,"14,942"
1.0,87.0,"17,178"
1.0,89.0,"93,831"
1.0,91.0,"8,642"
1.0,93.0,"3,370"
1.0,95.0,"12,564"
1.0,97.0,"20,758"
1.0,99.0,"25,223"
1.0,101.0,"17,811"
1.0,103.0,"8,538"
1.0,105.0,"21,616"
1.0,107.0,"10,661"
1.0,109.0,"9,310"
1.0,111.0,"21,577"
1.0,113.0,"18,043"
1.0,115.0,"1,819"
1.0,117.0,"15,669"
1.0,119.0,"2,475"
1.0,121.0,"15,369"
1.0,123.0,"3,956"
1.0,125.0,"4,739"
1.0,127.0,"1,748"
1.0,129.0,"8,607"
1.0,131.0,"13,500"
1.0,133.0,"1,058"
,,
,,
2.0,20.0,116
,,
,,
,,
,,
2.0,90.0,"5,670"
,,
,,
,,
,,
,,
,,
,,
,,
,,
,,
,,
,,
,,
,,
,,
,,
,,
,,
,,
,,
,,
4.0,1.0,"77,944"
4.0,3.0,"123,008"
4.0,5.0, (D)
4.0,7.0, (D)
4.0,9.0,"61,808"
4.0,11.0, (D)
4.0,12.0,"44,830"
4.0,13.0,"113,492"
4.0,15.0,"13,490"
4.0,17.0, (D)
4.0,19.0,"50,488"
4.0,21.0,"204,613"
4.0,23.0,"21,395"
4.0,25.0, (D)
4.0,27.0,"61,367"
5.0,1.0,"180,359"
5.0,3.0,"87,731"
5.0,5.0,"13,268"
5.0,7.0,"23,781"
5.0,9.0,"80,635"
5.0,11.0,417
5.0,13.0, (D)
5.0,15.0,"63,811"
5.0,17.0,"240,957"
5.0,19.0,"15,904"
5.0,21.0,"199,318"
5.0,23.0,"26,765"
5.0,25.0, (D)
5.0,27.0,793
5.0,29.0,"23,785"
5.0,31.0,"228,982"
5.0,33.0,"23,568"
5.0,35.0,"240,230"
5.0,37.0,"221,085"
5.0,39.0, (D)
5.0,41.0,"240,955"
5.0,43.0,"62,161"
5.0,45.0,"26,519"
5.0,47.0,"7,413"
5.0,49.0,"65,092"
5.0,51.0,"1,870"
5.0,53.0,863
5.0,55.0,"144,669"
5.0,57.0,"33,646"
5.0,59.0,"4,910"
5.0,61.0,"13,259"
5.0,63.0,"50,305"
5.0,65.0,"51,117"
5.0,67.0,"185,582"
5.0,69.0,"177,445"
5.0,71.0,"4,812"
5.0,73.0,"46,911"
5.0,75.0,"171,320"
5.0,77.0,"196,325"
5.0,79.0,"86,883"
5.0,81.0,"32,838"
5.0,83.0,"19,175"
5.0,85.0,"127,348"
5.0,87.0,"66,886"
5.0,89.0,"25,861"
5.0,91.0,"34,869"
5.0,93.0,"405,435"
5.0,95.0,"144,081"
5.0,97.0,"6,929"
5.0,99.0,"10,594"
5.0,101.0,"21,976"
5.0,103.0,"1,021"
5.0,105.0,"9,363"
5.0,107.0,"322,197"
5.0,109.0,"2,862"
5.0,111.0,"259,796"
5.0,113.0,"3,919"
5.0,115.0,"15,570"
5.0,117.0,"89,886"
5.0,119.0,"25,075"
5.0,121.0,"99,990"
5.0,123.0,"191,354"
5.0,125.0,"2,001"
5.0,127.0,"2,509"
5.0,129.0,"48,616"
5.0,131.0,"6,858"
5.0,133.0,"10,078"
5.0,135.0,"46,291"
5.0,137.0,"32,432"
5.0,139.0,"2,039"
5.0,141.0,"16,341"
5.0,143.0,"23,578"
5.0,145.0,"56,157"
5.0,147.0,"181,615"
5.0,149.0,"8,955"
6.0,1.0,"28,977"
,,
6.0,5.0,"8,591"
6.0,7.0,"170,538"
6.0,9.0,"55,594"
6.0,11.0,"248,732"
6.0,13.0,"51,578"
6.0,15.0,740
6.0,17.0,"2,013"
6.0,19.0,"669,038"
6.0,21.0,"174,435"
6.0,23.0,"194,567"
6.0,25.0,"205,609"
6.0,27.0,"10,245"
6.0,29.0,"770,767"
6.0,31.0,"171,632"
6.0,33.0,"5,814"
6.0,35.0,"22,019"
6.0,37.0,"2,184"
6.0,39.0,"168,622"
6.0,41.0,"25,113"
6.0,43.0,"60,342"
6.0,45.0,"135,814"
6.0,47.0,"274,872"
6.0,49.0,"109,974"
6.0,51.0,"7,040"
6.0,53.0,"192,482"
6.0,55.0,"38,144"
6.0,57.0, (D)
6.0,59.0,"2,601"
6.0,61.0,"5,861"
6.0,63.0,"17,475"
6.0,65.0,"75,568"
6.0,67.0,"56,469"
6.0,69.0,"19,344"
6.0,71.0,"5,473"
6.0,73.0,"14,822"
,,
6.0,77.0,"343,789"
6.0,79.0,"164,440"
6.0,81.0, (D)
6.0,83.0,"118,396"
6.0,85.0,"40,534"
6.0,87.0,"1,194"
6.0,89.0,"28,197"
6.0,91.0,"35,790"
6.0,93.0,"65,264"
6.0,95.0,"92,331"
6.0,97.0,"59,863"
6.0,99.0,"193,259"
6.0,101.0,"165,621"
6.0,103.0,"96,856"
6.0,105.0, (D)
6.0,107.0,"424,340"
6.0,109.0,"8,081"
6.0,111.0,"94,246"
6.0,113.0,"183,639"
6.0,115.0,"37,887"
8.0,1.0,"309,468"
8.0,3.0,"46,937"
8.0,5.0,"74,668"
8.0,7.0,"1,208"
8.0,9.0,"491,525"
8.0,11.0,"166,784"
8.0,13.0,"3,105"
8.0,14.0,"4,056"
8.0,15.0,"1,560"
8.0,17.0,"386,046"
,,
8.0,21.0,"91,840"
8.0,23.0,"11,116"
8.0,25.0,"93,715"
8.0,27.0,"33,219"
8.0,29.0,"18,509"
,,
8.0,33.0,"24,060"
8.0,35.0,"2,036"
8.0,37.0,"7,097"
8.0,39.0,"78,315"
8.0,41.0,"91,580"
8.0,43.0,"18,926"
8.0,45.0,"36,970"
,,
8.0,49.0,"7,425"
8.0,51.0,"5,312"
8.0,53.0, (D)
8.0,55.0,"114,296"
8.0,57.0,"29,517"
8.0,59.0,536
8.0,61.0,"348,574"
8.0,63.0,"595,425"
,,
8.0,67.0,"13,387"
8.0,69.0,"24,554"
8.0,71.0,"330,652"
8.0,73.0,"463,880"
8.0,75.0,"310,017"
8.0,77.0,"11,384"
,,
8.0,81.0,"45,661"
8.0,83.0,"20,712"
8.0,85.0,"10,231"
8.0,87.0,"172,611"
8.0,89.0,"201,747"
8.0,91.0,"2,267"
8.0,93.0, (D)
8.0,95.0,"270,178"
,,
8.0,99.0,"283,059"
8.0,101.0,"110,435"
8.0,103.0,"58,468"
8.0,105.0,"49,857"
8.0,107.0,"33,449"
8.0,109.0,"109,593"
,,
8.0,113.0,"5,108"
8.0,115.0,"177,506"
8.0,117.0, (D)
,,
8.0,121.0,"499,703"
8.0,123.0,"398,661"
8.0,125.0,"463,811"
9.0,1.0,798
9.0,3.0,"6,167"
9.0,5.0,"6,334"
9.0,7.0,330
9.0,9.0,"1,702"
9.0,11.0,"3,114"
9.0,13.0,"4,759"
9.0,15.0,"6,533"
10.0,1.0,"119,210"
10.0,3.0,"35,548"
10.0,5.0,"168,518"
12.0,1.0,"14,190"
,,
12.0,3.0, (D)
12.0,5.0, (D)
12.0,7.0,831
12.0,9.0,"21,904"
12.0,11.0,213
12.0,13.0,"17,638"
12.0,15.0,"22,318"
12.0,17.0,"8,219"
12.0,19.0,"3,400"
12.0,21.0,"55,954"
12.0,23.0,"3,718"
12.0,27.0,"88,714"
12.0,29.0,"3,674"
12.0,31.0,93
12.0,33.0,"23,197"
12.0,35.0,"4,589"
12.0,37.0, (D)
12.0,39.0,"3,713"
12.0,41.0,"6,530"
12.0,43.0,"69,999"
,,
12.0,47.0,"10,791"
12.0,49.0,"65,076"
12.0,51.0,"114,575"
12.0,53.0,"1,808"
12.0,55.0,"76,325"
12.0,57.0,"17,700"
12.0,59.0,"15,171"
12.0,61.0,"58,776"
12.0,63.0,"79,363"
12.0,65.0,"5,603"
12.0,67.0,"8,309"
12.0,69.0,"21,488"
12.0,71.0,"12,745"
,,
12.0,75.0,"17,714"
12.0,77.0, (D)
12.0,79.0,"15,246"
12.0,81.0,"34,879"
12.0,83.0,"11,844"
12.0,85.0,"45,189"
12.0,86.0,"21,642"
12.0,87.0, (D)
12.0,89.0, (D)
12.0,91.0,"5,697"
12.0,93.0,"71,808"
12.0,95.0,"3,203"
12.0,97.0,"71,079"
12.0,99.0,"160,558"
12.0,101.0,"15,330"
,,
12.0,105.0,"113,092"
12.0,107.0,"7,286"
12.0,109.0,"9,615"
12.0,111.0,"65,606"
12.0,113.0,"27,839"
12.0,115.0,"1,935"
12.0,117.0,"2,486"
12.0,119.0,"10,282"
12.0,121.0,"14,793"
12.0,123.0, (D)
12.0,125.0,"2,623"
12.0,127.0,"4,421"
,,
12.0,131.0,"3,653"
12.0,133.0,"3,704"
13.0,1.0,"65,985"
13.0,3.0,"27,616"
13.0,5.0,"22,188"
13.0,7.0,"39,660"
,,
13.0,11.0,"4,665"
13.0,13.0,"1,695"
13.0,15.0,"7,178"
13.0,17.0,"15,973"
13.0,19.0,"42,526"
13.0,21.0,"1,398"
13.0,23.0,"9,298"
13.0,25.0,841
13.0,27.0,"61,384"
13.0,29.0, (D)
13.0,31.0,"103,646"
13.0,33.0,"76,823"
13.0,35.0, (D)
13.0,37.0,"44,733"
13.0,39.0, (D)
13.0,43.0,"13,297"
13.0,45.0,"9,382"
13.0,47.0,"1,648"
13.0,49.0, (D)
13.0,51.0,466
,,
13.0,55.0,"1,735"
13.0,57.0,834
13.0,59.0, (D)
13.0,61.0,"15,031"
,,
13.0,65.0,"5,999"
13.0,67.0, (D)
13.0,69.0,"78,007"
13.0,71.0,"77,300"
,,
13.0,75.0,"38,503"
13.0,77.0,836
13.0,79.0,"2,694"
13.0,81.0,"53,942"
,,
13.0,85.0, (D)
13.0,87.0,"93,710"
13.0,89.0, (D)
13.0,91.0,"17,635"
13.0,93.0,"82,641"
13.0,95.0,"18,288"
,,
13.0,99.0,"62,385"
13.0,101.0,"4,840"
13.0,103.0,"17,500"
13.0,105.0,"3,321"
13.0,107.0,"24,153"
13.0,109.0,"7,242"
13.0,111.0,401
13.0,113.0,623
13.0,115.0,"5,339"
13.0,117.0,"1,941"
13.0,119.0,"3,951"
13.0,121.0,58
13.0,123.0,552
13.0,125.0,"2,817"
,,
13.0,129.0,"15,748"
13.0,131.0,"47,199"
13.0,133.0,"2,450"
13.0,135.0,363
13.0,137.0,"2,502"
13.0,139.0,"3,156"
13.0,141.0,483
13.0,143.0,"2,025"
13.0,145.0,337
13.0,147.0,"8,324"
13.0,149.0,"1,048"
13.0,151.0,"1,618"
13.0,153.0,"6,904"
13.0,155.0,"55,916"
13.0,157.0,"10,549"
13.0,159.0,"1,379"
13.0,161.0,"35,696"
13.0,163.0,"37,270"
13.0,165.0,"22,764"
13.0,167.0,"10,807"
13.0,169.0,781
13.0,171.0,"4,059"
13.0,173.0,"16,109"
13.0,175.0,"21,497"
13.0,177.0,"27,480"
13.0,179.0, (D)
13.0,181.0,"1,661"
13.0,183.0, (D)
13.0,185.0,"14,502"
13.0,187.0,"1,842"
13.0,189.0,"1,867"
13.0,191.0, (D)
13.0,193.0,"33,114"
13.0,195.0,"11,213"
13.0,197.0,"5,844"
13.0,199.0,"1,968"
13.0,201.0,"36,916"
13.0,205.0,"87,009"
13.0,207.0,193
13.0,209.0,"15,088"
13.0,211.0,"11,915"
13.0,213.0,"5,578"
,,
13.0,217.0,"1,912"
13.0,219.0,"3,058"
13.0,221.0,"8,180"
13.0,223.0, (D)
13.0,225.0,"24,632"
13.0,227.0,"2,148"
13.0,229.0,"31,776"
13.0,231.0,"5,246"
13.0,233.0,"1,507"
13.0,235.0,"23,286"
13.0,237.0,"3,299"
13.0,239.0,"2,121"
13.0,241.0, (D)
13.0,243.0,"43,035"
13.0,245.0,12
,,
13.0,249.0,"4,446"
13.0,251.0,"62,441"
13.0,253.0,"44,640"
13.0,255.0,581
13.0,257.0,"1,561"
13.0,259.0,"2,763"
13.0,261.0,"66,774"
13.0,263.0,"1,544"
13.0,265.0,"3,383"
13.0,267.0,"20,170"
13.0,269.0,"10,220"
13.0,271.0,"9,802"
13.0,273.0,"63,320"
13.0,275.0,"61,174"
13.0,277.0,"57,690"
13.0,279.0,"21,095"
13.0,281.0, (D)
13.0,283.0,"6,171"
13.0,285.0,759
13.0,287.0,"42,159"
13.0,289.0,"11,469"
13.0,291.0,"1,434"
13.0,293.0,"2,555"
13.0,295.0,"7,754"
13.0,297.0,"3,243"
13.0,299.0,"13,242"
13.0,301.0,"2,647"
13.0,303.0,"14,919"
13.0,305.0,"9,058"
13.0,307.0,"18,686"
13.0,309.0,"2,242"
13.0,311.0,731
13.0,313.0,"3,397"
13.0,315.0,"37,036"
13.0,317.0,"14,947"
13.0,319.0,"2,110"
13.0,321.0,"96,457"
15.0,1.0,"171,334"
15.0,3.0,"2,935"
,,
15.0,7.0,"10,848"
15.0,9.0,"21,055"
16.0,1.0,"19,562"
16.0,3.0, (D)
16.0,5.0,"42,224"
16.0,7.0,"16,525"
16.0,9.0,"51,494"
16.0,11.0,"223,598"
16.0,13.0,"6,228"
,,
16.0,17.0, (D)
16.0,19.0,"80,681"
16.0,21.0,"15,249"
16.0,23.0,"52,987"
16.0,25.0,"15,408"
16.0,27.0,"58,713"
16.0,29.0,"124,250"
16.0,31.0,"162,014"
16.0,33.0,"28,347"
16.0,35.0,"12,627"
16.0,37.0,"7,649"
16.0,39.0,"37,543"
16.0,41.0,"21,329"
16.0,43.0,"82,000"
16.0,45.0,"2,922"
16.0,47.0,"35,587"
16.0,49.0,"108,019"
16.0,51.0,"102,065"
16.0,53.0,"71,332"
16.0,55.0,"29,677"
16.0,57.0,"194,905"
16.0,59.0,"4,860"
16.0,61.0,"130,735"
16.0,63.0,"30,459"
16.0,65.0,"95,477"
16.0,67.0,"120,966"
16.0,69.0,"195,749"
16.0,71.0,"31,710"
16.0,73.0,"20,269"
16.0,75.0,"5,225"
16.0,77.0,"192,725"
,,
16.0,81.0,"39,959"
16.0,83.0,"96,691"
,,
16.0,87.0,"7,297"
17.0,1.0,"324,357"
17.0,3.0,"36,753"
17.0,5.0,"129,775"
17.0,7.0,"90,588"
17.0,9.0,"55,594"
17.0,11.0,"331,590"
17.0,13.0,"44,154"
17.0,15.0,"161,122"
17.0,17.0,"117,651"
17.0,19.0,"476,293"
17.0,21.0,"313,552"
17.0,23.0,"202,305"
17.0,25.0,"222,637"
17.0,27.0,"174,844"
17.0,29.0,"188,339"
17.0,31.0, (D)
17.0,33.0,"164,087"
17.0,35.0,"114,697"
17.0,37.0,"311,573"
17.0,39.0,"148,448"
17.0,41.0,"203,496"
17.0,43.0, (D)
17.0,45.0,"254,458"
17.0,47.0,"85,689"
17.0,49.0,"211,591"
17.0,51.0,"256,407"
17.0,53.0,"238,867"
17.0,55.0,"103,609"
17.0,57.0,"236,924"
17.0,59.0,"144,356"
17.0,61.0,"213,335"
17.0,63.0,"208,961"
17.0,65.0,"127,906"
17.0,67.0,"312,066"
17.0,69.0,"7,529"
17.0,71.0,"139,895"
17.0,73.0,"388,078"
17.0,75.0,"604,011"
17.0,77.0,"131,277"
17.0,79.0,"184,511"
17.0,81.0,"158,011"
17.0,83.0,"121,410"
17.0,85.0,"156,302"
17.0,87.0,"18,859"
17.0,89.0,"139,081"
17.0,91.0,"261,010"
17.0,93.0,"110,826"
17.0,95.0,"286,492"
17.0,97.0,"15,679"
17.0,99.0,"476,819"
17.0,101.0,"183,295"
17.0,103.0,"318,080"
17.0,105.0,"536,169"
17.0,107.0,"304,290"
17.0,109.0,"244,805"
17.0,111.0,"149,409"
17.0,113.0,"532,010"
17.0,115.0,"232,246"
17.0,117.0,"294,460"
17.0,119.0,"231,979"
17.0,121.0,"165,362"
17.0,123.0,"158,841"
17.0,125.0,"216,928"
17.0,127.0,"65,783"
17.0,129.0,"114,115"
17.0,131.0,"212,306"
17.0,133.0,"114,570"
17.0,135.0,"332,589"
17.0,137.0,"221,465"
17.0,139.0,"147,086"
17.0,141.0,"286,888"
17.0,143.0,"161,075"
17.0,145.0,"114,933"
17.0,147.0,"235,494"
17.0,149.0,"249,082"
17.0,151.0,"12,487"
17.0,153.0,"56,892"
17.0,155.0,"36,297"
17.0,157.0,"143,491"
17.0,159.0,"136,607"
17.0,161.0,"106,394"
17.0,163.0,"185,976"
17.0,165.0,"85,643"
17.0,167.0,"377,806"
17.0,169.0,"125,815"
17.0,171.0,"89,449"
17.0,173.0,"281,428"
17.0,175.0,"153,697"
17.0,177.0,"229,131"
17.0,179.0,"227,149"
17.0,181.0,"61,492"
17.0,183.0,"387,477"
17.0,185.0,"93,010"
17.0,187.0,"257,701"
17.0,189.0,"273,744"
17.0,191.0,"261,468"
17.0,193.0,"221,972"
17.0,195.0,"271,263"
17.0,197.0,"174,804"
17.0,199.0,"47,000"
17.0,201.0,"132,465"
17.0,203.0,"223,461"
18.0,1.0,"124,625"
18.0,3.0,"172,949"
18.0,5.0,"116,586"
18.0,7.0,"228,264"
18.0,9.0,"73,511"
18.0,11.0,"191,690"
18.0,13.0,"1,174"
18.0,15.0,"181,680"
18.0,17.0,"126,504"
18.0,19.0,"49,546"
18.0,21.0,"114,495"
18.0,23.0,"197,357"
18.0,25.0,"4,923"
18.0,27.0,"147,129"
18.0,29.0,"12,067"
18.0,31.0,"145,066"
18.0,33.0,"100,091"
18.0,35.0,"136,056"
18.0,37.0,"97,018"
18.0,39.0,"54,902"
18.0,41.0,"58,238"
18.0,43.0,"6,919"
18.0,45.0,"144,403"
18.0,47.0,"63,946"
18.0,49.0,"145,402"
18.0,51.0,"172,530"
18.0,53.0,"151,949"
18.0,55.0,"86,785"
18.0,57.0,"84,520"
18.0,59.0,"141,099"
18.0,61.0,"58,461"
18.0,63.0,"128,110"
18.0,65.0,"120,501"
18.0,67.0,"93,851"
18.0,69.0,"147,888"
18.0,71.0,"106,867"
18.0,73.0,"220,337"
18.0,75.0,"157,667"
18.0,77.0,"44,422"
18.0,79.0,"70,931"
18.0,81.0,"94,283"
18.0,83.0,"250,819"
18.0,85.0,"172,336"
18.0,87.0,"68,938"
18.0,89.0,"80,405"
18.0,91.0,"137,736"
18.0,93.0,"48,083"
18.0,95.0,"132,064"
18.0,97.0,"11,368"
18.0,99.0,"108,754"
18.0,101.0,"25,651"
18.0,103.0,"131,939"
18.0,105.0,"8,524"
18.0,107.0,"231,216"
18.0,109.0,"81,727"
18.0,111.0,"134,675"
18.0,113.0,"95,116"
18.0,115.0,"5,004"
18.0,117.0,"51,897"
18.0,119.0,"52,870"
18.0,121.0,"113,314"
18.0,123.0,"24,818"
18.0,125.0,"44,525"
18.0,127.0,"85,766"
18.0,129.0,"155,363"
18.0,131.0,"176,987"
18.0,133.0,"116,937"
18.0,135.0,"179,102"
18.0,137.0,"93,235"
18.0,139.0,"141,919"
18.0,141.0,"80,735"
18.0,143.0,"32,872"
18.0,145.0,"173,411"
18.0,147.0,"100,661"
18.0,149.0,"89,176"
18.0,151.0,"77,266"
18.0,153.0,"114,124"
18.0,155.0,"12,373"
18.0,157.0,"172,732"
18.0,159.0,"101,599"
18.0,161.0,"57,344"
18.0,163.0,"54,728"
18.0,165.0,"85,392"
18.0,167.0,"72,749"
18.0,169.0,"130,975"
18.0,171.0,"147,040"
18.0,173.0,"71,511"
18.0,175.0,"111,238"
18.0,177.0,"94,434"
18.0,179.0,"172,393"
18.0,181.0,"237,731"
18.0,183.0,"124,940"
19.0,1.0,"202,620"
19.0,3.0,"107,187"
19.0,5.0,"111,160"
19.0,7.0,"55,139"
19.0,9.0,"210,291"
19.0,11.0,"339,333"
19.0,13.0,"252,057"
19.0,15.0,"262,074"
19.0,17.0,"218,607"
19.0,19.0,"282,459"
19.0,21.0,"312,864"
19.0,23.0,"290,599"
19.0,25.0,"302,301"
19.0,27.0,"290,572"
19.0,29.0,"196,264"
19.0,31.0,"275,424"
19.0,33.0,"275,333"
19.0,35.0,"271,590"
19.0,37.0,"239,926"
19.0,39.0,"41,965"
19.0,41.0,"263,511"
19.0,43.0,"213,122"
19.0,45.0,"303,873"
19.0,47.0,"341,496"
19.0,49.0,"209,642"
19.0,51.0,"70,636"
19.0,53.0,"62,812"
19.0,55.0,"281,633"
19.0,57.0,"125,518"
19.0,59.0,"160,058"
19.0,61.0,"197,837"
19.0,63.0,"189,188"
19.0,65.0,"279,519"
19.0,67.0,"251,721"
19.0,69.0,"301,467"
19.0,71.0,"228,898"
19.0,73.0,"300,454"
19.0,75.0,"280,515"
19.0,77.0,"216,196"
19.0,79.0,"272,164"
19.0,81.0,"306,062"
19.0,83.0,"289,329"
19.0,85.0,"282,919"
19.0,87.0,"163,482"
19.0,89.0,"227,127"
19.0,91.0,"203,551"
19.0,93.0,"220,055"
19.0,95.0,"226,025"
19.0,97.0,"162,095"
19.0,99.0,"286,508"
19.0,101.0,"124,596"
19.0,103.0,"208,767"
19.0,105.0,"228,333"
19.0,107.0,"197,910"
19.0,109.0,"514,357"
19.0,111.0,"122,292"
19.0,113.0,"249,937"
19.0,115.0,"140,946"
19.0,117.0,"48,518"
19.0,119.0,"286,287"
19.0,121.0,"122,881"
19.0,123.0,"215,489"
19.0,125.0,"140,584"
19.0,127.0,"256,166"
19.0,129.0,"173,205"
19.0,131.0,"248,052"
19.0,133.0,"237,468"
19.0,135.0,"52,873"
19.0,137.0,"178,217"
19.0,139.0,"160,613"
19.0,141.0,"273,447"
19.0,143.0,"193,924"
19.0,145.0,"230,592"
19.0,147.0,"280,429"
19.0,149.0,"418,438"
19.0,151.0,"287,019"
19.0,153.0,"149,862"
19.0,155.0,"421,833"
19.0,157.0,"239,799"
19.0,159.0,"108,386"
19.0,161.0,"297,387"
19.0,163.0,"172,991"
19.0,165.0,"313,671"
19.0,167.0,"408,013"
19.0,169.0,"246,385"
19.0,171.0,"295,761"
19.0,173.0,"146,536"
19.0,175.0,"133,555"
19.0,177.0,"82,242"
19.0,179.0,"111,257"
19.0,181.0,"127,573"
19.0,183.0,"207,994"
19.0,185.0,"114,096"
19.0,187.0,"365,282"
19.0,189.0,"198,659"
19.0,191.0,"244,398"
19.0,193.0,"342,374"
19.0,195.0,"207,480"
19.0,197.0,"315,842"
20.0,1.0,"88,770"
20.0,3.0,"171,160"
20.0,5.0,"138,432"
20.0,7.0,"177,289"
20.0,9.0,"296,477"
20.0,11.0,"64,762"
20.0,13.0,"222,057"
20.0,15.0,"210,833"
20.0,17.0,"50,143"
20.0,19.0,"14,615"
20.0,21.0,"180,767"
20.0,23.0,"243,828"
20.0,25.0,"105,450"
20.0,27.0,"209,271"
20.0,29.0,"177,547"
20.0,31.0,"125,831"
20.0,33.0,"98,062"
20.0,35.0,"172,309"
20.0,37.0,"146,743"
20.0,39.0,"188,677"
20.0,41.0,"286,312"
20.0,43.0,"126,707"
20.0,45.0,"95,606"
20.0,47.0,"187,785"
20.0,49.0,"23,788"
20.0,51.0,"175,017"
20.0,53.0,"138,820"
20.0,55.0,"465,753"
20.0,57.0,"333,703"
20.0,59.0,"145,319"
20.0,61.0,"40,683"
20.0,63.0,"237,769"
20.0,65.0,"160,645"
20.0,67.0,"199,965"
20.0,69.0,"302,869"
20.0,71.0,"289,460"
20.0,73.0,"57,564"
20.0,75.0,"219,791"
20.0,77.0,"265,320"
20.0,79.0,"250,015"
20.0,81.0,"217,155"
20.0,83.0,"200,388"
20.0,85.0,"99,741"
20.0,87.0,"93,728"
20.0,89.0,"241,132"
20.0,91.0,"31,266"
20.0,93.0,"267,273"
20.0,95.0,"231,760"
20.0,97.0,"157,683"
20.0,99.0,"158,863"
20.0,101.0,"191,383"
20.0,103.0,"59,943"
20.0,105.0,"137,310"
20.0,107.0,"94,739"
20.0,109.0,"284,614"
20.0,111.0,"169,749"
20.0,113.0,"354,365"
20.0,115.0,"245,113"
20.0,117.0,"313,358"
20.0,119.0,"241,654"
20.0,121.0,"105,205"
20.0,123.0,"255,774"
20.0,125.0,"149,306"
20.0,127.0,"101,761"
20.0,129.0,"166,939"
20.0,131.0,"221,964"
20.0,133.0,"105,307"
20.0,135.0,"233,136"
20.0,137.0,"220,336"
20.0,139.0,"156,971"
20.0,141.0,"178,517"
20.0,143.0,"203,260"
20.0,145.0,"248,621"
20.0,147.0,"215,738"
20.0,149.0,"69,215"
20.0,151.0,"306,773"
20.0,153.0,"263,192"
20.0,155.0,"425,678"
20.0,157.0,"222,131"
20.0,159.0,"288,022"
20.0,161.0,"45,396"
20.0,163.0,"212,176"
20.0,165.0,"206,943"
20.0,167.0,"137,565"
20.0,169.0,"186,117"
20.0,171.0,"262,109"
20.0,173.0,"320,013"
20.0,175.0,"173,794"
20.0,177.0,"75,148"
20.0,179.0,"293,934"
20.0,181.0,"353,618"
20.0,183.0,"293,652"
20.0,185.0,"253,447"
20.0,187.0,"220,311"
20.0,189.0,"266,627"
20.0,191.0,"547,983"
20.0,193.0,"403,273"
20.0,195.0,"172,960"
20.0,197.0,"49,812"
20.0,199.0,"189,586"
20.0,201.0,"270,501"
20.0,203.0,"250,881"
20.0,205.0,"141,276"
20.0,207.0,"86,957"
20.0,209.0,"6,554"
21.0,1.0,"16,520"
21.0,3.0,"10,346"
21.0,5.0,"1,332"
21.0,7.0,"61,206"
21.0,9.0,"45,292"
21.0,11.0,"2,222"
21.0,13.0, (D)
21.0,15.0,"6,472"
21.0,17.0,"13,866"
,,
21.0,21.0,"4,552"
21.0,23.0,920
21.0,25.0, (D)
21.0,27.0,"62,891"
21.0,29.0,"7,394"
21.0,31.0,"34,207"
21.0,33.0,"58,794"
21.0,35.0,"78,467"
21.0,37.0,"1,128"
21.0,39.0,"62,001"
21.0,41.0,"4,402"
21.0,43.0,"1,045"
21.0,45.0,"10,677"
21.0,47.0,"178,087"
21.0,49.0,"10,749"
21.0,51.0,392
21.0,53.0,"1,936"
21.0,55.0,"38,942"
21.0,57.0,"4,953"
21.0,59.0,"147,594"
21.0,61.0,"8,972"
21.0,63.0, (D)
21.0,65.0, (D)
21.0,67.0,"7,003"
21.0,69.0,"20,072"
,,
21.0,73.0,"2,214"
21.0,75.0,"70,871"
21.0,77.0,"3,005"
21.0,79.0,"1,270"
21.0,81.0,531
21.0,83.0,"140,979"
21.0,85.0,"33,704"
21.0,87.0,"25,367"
21.0,89.0,"1,274"
21.0,91.0,"11,285"
21.0,93.0,"60,867"
21.0,95.0, (D)
21.0,97.0,"8,580"
21.0,99.0,"15,678"
21.0,101.0,"122,660"
21.0,103.0,"16,658"
21.0,105.0,"83,681"
21.0,107.0,"58,036"
21.0,109.0,259
21.0,111.0,707
21.0,113.0,"2,979"
,,
21.0,117.0,176
,,
21.0,121.0, (D)
21.0,123.0,"43,053"
21.0,125.0,836
21.0,127.0, (D)
,,
,,
,,
21.0,135.0,"9,992"
21.0,137.0,"11,377"
21.0,139.0,"22,349"
21.0,141.0,"125,308"
21.0,143.0,"7,156"
21.0,145.0,"32,560"
21.0,147.0,466
21.0,149.0,"81,745"
21.0,151.0,"2,209"
21.0,153.0, (D)
21.0,155.0,"30,210"
21.0,157.0,"32,862"
,,
21.0,161.0,"14,628"
21.0,163.0,"44,184"
21.0,165.0,105
21.0,167.0,"8,386"
21.0,169.0,"9,397"
21.0,171.0,"16,495"
21.0,173.0,"1,755"
21.0,175.0,"1,075"
21.0,177.0,"40,638"
21.0,179.0,"41,907"
21.0,181.0,"3,421"
21.0,183.0,"50,408"
21.0,185.0,"5,936"
21.0,187.0,"4,668"
21.0,189.0, (D)
21.0,191.0,"2,154"
,,
,,
21.0,197.0,"4,224"
21.0,199.0,"22,507"
21.0,201.0,"1,295"
21.0,203.0,"1,987"
21.0,205.0, (D)
21.0,207.0,"8,789"
21.0,209.0,"8,586"
21.0,211.0,"48,158"
21.0,213.0,"47,780"
21.0,215.0,"13,109"
21.0,217.0,"26,080"
21.0,219.0,"90,315"
21.0,221.0,"51,854"
21.0,223.0,"10,712"
21.0,225.0,"129,832"
21.0,227.0,"74,347"
21.0,229.0,"9,614"
21.0,231.0,"15,738"
21.0,233.0,"78,289"
21.0,235.0,344
21.0,237.0,179
21.0,239.0,"5,739"
22.0,1.0,"123,317"
22.0,3.0,"15,536"
22.0,5.0,"8,711"
22.0,7.0,"59,259"
22.0,9.0,"142,200"
22.0,11.0,"7,072"
22.0,13.0, (D)
22.0,15.0,"20,766"
22.0,17.0,"56,434"
22.0,19.0,"31,789"
22.0,21.0,"9,438"
22.0,23.0,"4,047"
22.0,25.0,"111,735"
22.0,27.0,"5,156"
22.0,29.0,"178,228"
22.0,31.0,"3,612"
22.0,33.0, (D)
22.0,35.0,"161,275"
22.0,37.0,"2,710"
22.0,39.0,"57,840"
22.0,41.0,"127,393"
22.0,43.0,"12,564"
22.0,45.0,"58,412"
22.0,47.0,"56,429"
,,
,,
22.0,53.0,"70,040"
22.0,55.0,"17,040"
22.0,57.0,"27,979"
,,
22.0,61.0,"5,088"
22.0,63.0,202
22.0,65.0,"155,122"
22.0,67.0,"155,519"
22.0,69.0,"54,950"
,,
22.0,73.0,"30,695"
22.0,75.0,688
22.0,77.0,"86,620"
22.0,79.0,"97,424"
22.0,81.0,"13,996"
22.0,83.0,"93,197"
22.0,85.0,920
,,
,,
22.0,91.0,326
22.0,93.0,"14,385"
22.0,95.0, (D)
22.0,97.0,"136,152"
22.0,99.0,"45,460"
22.0,101.0,"54,573"
,,
22.0,105.0,"3,706"
22.0,107.0,"141,952"
22.0,109.0,"22,664"
22.0,111.0,"4,580"
22.0,113.0,"104,727"
22.0,115.0,210
22.0,117.0,"4,123"
22.0,119.0, (D)
22.0,121.0,"25,819"
22.0,123.0,"91,127"
22.0,125.0, (D)
22.0,127.0,814
23.0,1.0,"3,968"
23.0,3.0,"65,314"
23.0,5.0,92
23.0,7.0,608
23.0,9.0,"2,655"
23.0,11.0,"6,964"
23.0,13.0,757
23.0,15.0,90
23.0,17.0,"3,968"
23.0,19.0,"8,866"
23.0,21.0, (D)
23.0,23.0, (D)
23.0,25.0,"3,116"
23.0,27.0,"2,257"
23.0,29.0,"6,723"
23.0,31.0,"1,296"
24.0,1.0,"1,858"
24.0,3.0,"4,374"
24.0,5.0,"19,195"
24.0,9.0,"6,161"
24.0,11.0,"67,873"
24.0,13.0,"45,306"
24.0,15.0,"29,282"
24.0,17.0,"13,631"
24.0,19.0,"47,251"
24.0,21.0,"63,065"
24.0,23.0,"4,028"
24.0,25.0,"19,813"
24.0,27.0,"4,467"
24.0,29.0,"81,552"
24.0,31.0,"28,367"
24.0,33.0,"6,549"
24.0,35.0,"107,406"
24.0,37.0,"22,024"
24.0,39.0,"29,692"
24.0,41.0,"61,170"
24.0,43.0,"21,128"
24.0,45.0,"43,610"
24.0,47.0,"49,044"
,,
25.0,1.0,883
25.0,3.0,"3,743"
25.0,5.0,"2,302"
25.0,7.0, (D)
25.0,9.0,"1,178"
25.0,11.0,"3,922"
25.0,13.0,"2,229"
25.0,15.0,"2,641"
25.0,17.0,733
25.0,19.0, (D)
25.0,21.0,34
25.0,23.0,"11,441"
25.0,25.0, (D)
25.0,27.0,"2,501"
26.0,1.0,"5,721"
26.0,3.0, (D)
26.0,5.0,"103,374"
26.0,7.0,"10,617"
26.0,9.0,"8,981"
26.0,11.0,"50,393"
26.0,13.0,"3,578"
26.0,15.0,"65,493"
26.0,17.0,"151,450"
26.0,19.0,"2,994"
26.0,21.0,"68,319"
26.0,23.0,"112,194"
26.0,25.0,"110,554"
26.0,27.0,"90,932"
26.0,29.0,"1,777"
26.0,31.0,"1,283"
26.0,33.0,"24,653"
26.0,35.0,"8,792"
26.0,37.0,"116,272"
,,
26.0,41.0,"6,237"
26.0,43.0,"1,865"
26.0,45.0,"117,885"
26.0,47.0,"1,180"
26.0,49.0,"71,832"
26.0,51.0,"12,196"
26.0,53.0, (D)
26.0,55.0,"13,450"
26.0,57.0,"187,119"
26.0,59.0,"126,092"
26.0,61.0,"1,353"
26.0,63.0,"352,097"
26.0,65.0,"109,411"
26.0,67.0,"131,848"
26.0,69.0,"8,079"
26.0,71.0, (D)
26.0,73.0,"86,721"
26.0,75.0,"79,173"
26.0,77.0,"64,911"
26.0,79.0,"1,739"
26.0,81.0,"58,395"
,,
26.0,85.0,995
26.0,87.0,"59,510"
26.0,89.0,"13,040"
26.0,91.0,"249,871"
26.0,93.0,"31,975"
26.0,95.0,"2,271"
26.0,97.0,"7,628"
26.0,99.0,"42,430"
26.0,101.0,"5,319"
26.0,103.0,"1,140"
26.0,105.0,"26,855"
26.0,107.0,"30,883"
26.0,109.0,"16,706"
26.0,111.0,"38,228"
26.0,113.0,"36,725"
26.0,115.0,"151,877"
26.0,117.0,"94,814"
26.0,119.0,"3,997"
26.0,121.0,"24,736"
26.0,123.0,"29,414"
26.0,125.0,"3,263"
26.0,127.0,"33,749"
26.0,129.0,"19,154"
26.0,131.0,921
26.0,133.0,"12,393"
,,
26.0,137.0,"1,540"
26.0,139.0,"76,163"
26.0,141.0,"8,789"
,,
26.0,145.0,"224,875"
26.0,147.0,"81,657"
26.0,149.0,"87,678"
26.0,151.0,"252,407"
26.0,153.0, (D)
26.0,155.0,"109,144"
26.0,157.0,"214,572"
26.0,159.0,"77,666"
26.0,161.0,"99,405"
26.0,163.0,"3,935"
26.0,165.0,"3,280"
27.0,1.0,"11,922"
27.0,3.0,"16,806"
27.0,5.0,"177,276"
27.0,7.0,"35,638"
27.0,9.0,"115,369"
27.0,11.0,"221,343"
27.0,13.0,"323,157"
27.0,15.0,"287,297"
27.0,17.0,"2,443"
27.0,19.0,"106,312"
27.0,21.0,"15,945"
27.0,23.0,"285,391"
27.0,25.0,"52,465"
27.0,27.0,"435,444"
27.0,29.0,"33,375"
,,
27.0,33.0,"318,657"
27.0,35.0,"11,943"
27.0,37.0,"175,789"
27.0,39.0,"209,615"
27.0,41.0,"143,822"
27.0,43.0,"364,611"
27.0,45.0,"231,159"
27.0,47.0,"347,296"
27.0,49.0,"269,999"
27.0,51.0,"276,738"
27.0,53.0,"26,458"
27.0,55.0,"62,302"
27.0,57.0,"27,357"
27.0,59.0,"71,732"
27.0,61.0, (D)
27.0,63.0,"317,818"
27.0,65.0,"29,707"
27.0,67.0,"319,105"
27.0,69.0,"292,841"
27.0,71.0,"5,819"
27.0,73.0,"341,887"
,,
27.0,77.0,"38,174"
27.0,79.0,"183,668"
27.0,81.0,"227,760"
27.0,83.0,"332,162"
27.0,85.0,"210,291"
27.0,87.0,"158,229"
27.0,89.0,"630,070"
27.0,91.0,"405,355"
27.0,93.0,"223,568"
27.0,95.0,"59,861"
27.0,97.0,"134,757"
27.0,99.0,"370,897"
27.0,101.0,"334,661"
27.0,103.0,"230,995"
27.0,105.0,"367,878"
27.0,107.0,"432,572"
27.0,109.0,"196,452"
27.0,111.0,"407,539"
27.0,113.0,"200,377"
27.0,115.0,"21,516"
27.0,117.0,"180,239"
27.0,119.0,"793,109"
27.0,121.0,"226,640"
27.0,123.0,13
27.0,125.0,"149,759"
27.0,127.0,"457,349"
27.0,129.0,"543,842"
27.0,131.0,"145,488"
27.0,133.0,"250,334"
27.0,135.0,"315,549"
27.0,137.0, (D)
27.0,139.0,"68,646"
27.0,141.0,"46,847"
27.0,143.0,"286,784"
27.0,145.0,"338,311"
27.0,147.0,"201,590"
27.0,149.0,"275,627"
27.0,151.0,"276,060"
27.0,153.0,"108,646"
27.0,155.0,"306,495"
27.0,157.0,"123,327"
27.0,159.0,"30,868"
27.0,161.0,"203,056"
27.0,163.0,"43,246"
27.0,165.0,"212,409"
27.0,167.0,"372,201"
27.0,169.0,"110,076"
27.0,171.0,"165,331"
27.0,173.0,"312,089"
28.0,1.0,"9,575"
28.0,3.0,"24,202"
28.0,5.0,566
28.0,7.0,"6,022"
28.0,9.0,"15,792"
28.0,11.0,"341,853"
28.0,13.0,"47,449"
28.0,15.0,"48,905"
28.0,17.0,"42,632"
28.0,19.0,"2,293"
28.0,21.0,"8,842"
28.0,23.0,165
28.0,25.0,"6,170"
28.0,27.0,"220,490"
28.0,29.0,"1,731"
28.0,31.0,"1,367"
28.0,33.0,"59,864"
28.0,35.0, (D)
28.0,37.0,390
28.0,39.0,"5,617"
28.0,41.0,96
28.0,43.0,"6,974"
28.0,45.0, (D)
,,
28.0,49.0,"25,856"
28.0,51.0,"88,454"
28.0,53.0,"124,277"
28.0,55.0,"76,225"
28.0,57.0,"10,740"
28.0,59.0, (D)
,,
28.0,63.0,"1,998"
28.0,65.0,302
28.0,67.0, (D)
,,
28.0,71.0,"10,424"
28.0,73.0,120
28.0,75.0, (D)
28.0,77.0, (D)
28.0,79.0, (D)
28.0,81.0,"47,579"
28.0,83.0,"205,732"
28.0,85.0,"2,316"
28.0,87.0,"39,736"
28.0,89.0,"18,996"
28.0,91.0,"1,980"
28.0,93.0,"27,894"
28.0,95.0,"53,034"
28.0,97.0,"10,578"
,,
28.0,101.0,"6,981"
28.0,103.0,"69,156"
28.0,105.0, (D)
28.0,107.0,"66,789"
28.0,109.0,57
28.0,111.0,"1,035"
28.0,113.0,"1,425"
28.0,115.0,"34,094"
28.0,117.0,"23,591"
28.0,119.0,"120,532"
28.0,121.0,"14,810"
28.0,123.0,"6,078"
28.0,125.0,"126,340"
28.0,127.0,323
28.0,129.0, (D)
28.0,131.0, (D)
28.0,133.0,"260,150"
28.0,135.0,"191,576"
28.0,137.0,"28,074"
28.0,139.0,"17,818"
28.0,141.0,"6,358"
28.0,143.0,"157,857"
28.0,145.0,"21,332"
28.0,147.0,"6,451"
28.0,149.0,"34,811"
28.0,151.0,"289,484"
28.0,153.0,"1,517"
28.0,155.0,"16,285"
28.0,157.0,"5,040"
28.0,159.0, (D)
28.0,161.0,"12,945"
28.0,163.0,"126,139"
29.0,1.0,"64,979"
29.0,3.0,"113,798"
29.0,5.0,"250,159"
29.0,7.0,"278,133"
29.0,9.0,"41,542"
29.0,11.0,"161,065"
29.0,13.0,"176,674"
29.0,15.0,"28,034"
29.0,17.0,"24,760"
29.0,19.0,"63,506"
29.0,21.0,"103,778"
29.0,23.0,"132,948"
29.0,25.0,"90,649"
29.0,27.0,"99,731"
29.0,29.0,799
29.0,31.0,"121,011"
29.0,33.0,"237,817"
29.0,35.0,"1,328"
29.0,37.0,"128,782"
29.0,39.0,"17,584"
29.0,41.0,"193,422"
29.0,43.0,"2,171"
29.0,45.0,"146,515"
29.0,47.0,"41,281"
29.0,49.0,"96,999"
29.0,51.0,"18,376"
29.0,53.0,"117,573"
29.0,55.0,"4,396"
29.0,57.0,"64,533"
29.0,59.0,"10,191"
29.0,61.0,"115,350"
29.0,63.0,"78,345"
29.0,65.0,"7,981"
29.0,67.0,"19,845"
29.0,69.0,"208,250"
29.0,71.0,"35,239"
29.0,73.0,"24,533"
29.0,75.0,"80,649"
29.0,77.0,"13,925"
29.0,79.0,"90,750"
29.0,81.0,"150,297"
29.0,83.0,"116,890"
29.0,85.0,"19,254"
29.0,87.0,"165,610"
29.0,89.0,"68,271"
29.0,91.0,"14,616"
,,
29.0,95.0,"50,949"
29.0,97.0,"82,649"
29.0,99.0,"6,517"
29.0,101.0,"123,033"
29.0,103.0,"111,535"
29.0,105.0,"11,044"
29.0,107.0,"217,191"
29.0,109.0,"43,232"
29.0,111.0,"118,086"
29.0,113.0,"105,878"
29.0,115.0,"105,883"
29.0,117.0,"147,979"
29.0,119.0,"7,941"
29.0,121.0,"129,161"
29.0,123.0,"1,365"
29.0,125.0,"13,694"
29.0,127.0,"153,784"
29.0,129.0,"33,072"
29.0,131.0,"11,075"
29.0,133.0,"207,719"
29.0,135.0,"44,382"
29.0,137.0,"156,740"
29.0,139.0,"105,934"
29.0,141.0,"26,121"
29.0,143.0,"303,139"
29.0,145.0,"24,267"
29.0,147.0,"227,121"
29.0,149.0,"24,288"
29.0,151.0,"23,028"
29.0,153.0,"13,147"
29.0,155.0,"238,717"
29.0,157.0,"68,520"
29.0,159.0,"165,845"
29.0,161.0,"9,290"
29.0,163.0,"148,895"
29.0,165.0,"78,457"
29.0,167.0,"28,181"
29.0,169.0,"1,262"
29.0,171.0,"48,968"
29.0,173.0,"131,794"
29.0,175.0,"69,517"
29.0,177.0,"116,242"
29.0,179.0, (D)
29.0,181.0,"11,922"
29.0,183.0,"100,174"
29.0,185.0,"56,544"
29.0,186.0,"35,085"
29.0,187.0,"2,855"
29.0,189.0,"10,819"
29.0,195.0,"292,048"
29.0,197.0,"28,320"
29.0,199.0,"92,811"
29.0,201.0,"109,254"
29.0,203.0,"2,100"
29.0,205.0,"157,051"
29.0,207.0,"313,085"
29.0,209.0,855
29.0,211.0,"67,103"
29.0,213.0,"2,827"
29.0,215.0,"14,604"
29.0,217.0,"165,013"
29.0,219.0,"57,481"
29.0,221.0, (D)
29.0,223.0,"16,172"
29.0,225.0,"11,084"
29.0,227.0,"32,152"
29.0,229.0,"33,800"
,,
30.0,1.0,"70,747"
30.0,3.0,"222,981"
30.0,5.0,"394,024"
30.0,7.0,"34,115"
30.0,9.0,"43,058"
30.0,11.0,"437,963"
30.0,13.0,"235,375"
30.0,15.0,"815,399"
30.0,17.0,"491,692"
30.0,19.0,"316,937"
30.0,21.0,"324,835"
30.0,23.0, (D)
30.0,25.0,"237,959"
30.0,27.0,"384,004"
30.0,29.0,"25,344"
30.0,31.0,"58,162"
30.0,33.0,"339,211"
30.0,35.0,"374,358"
30.0,37.0,"32,950"
30.0,39.0,"1,642"
30.0,41.0,"736,682"
30.0,43.0,"6,569"
30.0,45.0,"147,203"
30.0,47.0,"10,335"
30.0,49.0,"53,124"
30.0,51.0,"414,059"
,,
30.0,55.0,"430,549"
30.0,57.0,"24,874"
30.0,59.0,"20,488"
,,
30.0,63.0, (D)
30.0,65.0,"153,770"
30.0,67.0,"12,326"
30.0,69.0,"29,299"
30.0,71.0,"316,555"
30.0,73.0,"336,993"
30.0,75.0,"405,496"
30.0,77.0, (D)
30.0,79.0,"147,984"
30.0,81.0,"4,916"
30.0,83.0,"307,918"
30.0,85.0,"520,807"
30.0,87.0,"268,849"
30.0,89.0, (D)
30.0,91.0,"670,038"
,,
30.0,95.0,"97,484"
30.0,97.0,"4,580"
30.0,99.0,"260,838"
30.0,101.0,"468,198"
30.0,103.0,"61,461"
30.0,105.0,"613,781"
30.0,107.0,"58,014"
30.0,109.0,"121,388"
30.0,111.0,"256,437"
31.0,1.0,"277,848"
31.0,3.0,"299,636"
31.0,5.0,"4,111"
31.0,7.0,"118,505"
31.0,9.0,"21,309"
31.0,11.0,"212,253"
31.0,13.0,"231,621"
31.0,15.0,"102,232"
31.0,17.0,"58,543"
31.0,19.0,"280,351"
31.0,21.0,"243,328"
31.0,23.0,"285,723"
31.0,25.0,"279,685"
31.0,27.0,"327,036"
31.0,29.0,"249,964"
31.0,31.0,"234,617"
31.0,33.0,"350,728"
31.0,35.0,"239,868"
31.0,37.0,"203,204"
31.0,39.0,"298,415"
31.0,41.0,"389,468"
31.0,43.0,"125,288"
31.0,45.0,"175,891"
31.0,47.0,"275,614"
31.0,49.0,"125,431"
31.0,51.0,"195,446"
31.0,53.0,"279,787"
31.0,55.0,"69,718"
31.0,57.0,"191,010"
31.0,59.0,"288,382"
31.0,61.0,"182,286"
31.0,63.0,"191,302"
31.0,65.0,"243,824"
31.0,67.0,"373,123"
31.0,69.0,"85,029"
31.0,71.0,"63,345"
31.0,73.0,"124,956"
31.0,75.0, (D)
31.0,77.0,"154,042"
31.0,79.0,"243,270"
31.0,81.0,"256,077"
31.0,83.0,"188,938"
31.0,85.0,"162,921"
31.0,87.0,"165,733"
31.0,89.0,"335,305"
31.0,91.0,"27,517"
31.0,93.0,"132,701"
31.0,95.0,"235,023"
31.0,97.0,"98,176"
31.0,99.0,"238,716"
31.0,101.0,"230,349"
31.0,103.0,"38,469"
31.0,105.0,"212,415"
31.0,107.0,"226,335"
31.0,109.0,"301,081"
31.0,111.0,"365,488"
31.0,113.0,"26,953"
31.0,115.0,"31,097"
31.0,117.0,"25,717"
31.0,119.0,"239,610"
31.0,121.0,"167,997"
31.0,123.0,"171,394"
31.0,125.0,"142,084"
31.0,127.0,"205,594"
31.0,129.0,"228,719"
31.0,131.0,"290,688"
31.0,133.0,"145,224"
31.0,135.0,"344,272"
31.0,137.0,"251,048"
31.0,139.0,"222,279"
31.0,141.0,"281,545"
31.0,143.0,"196,872"
31.0,145.0,"177,826"
31.0,147.0,"235,550"
31.0,149.0,"41,696"
31.0,151.0,"257,123"
31.0,153.0,"85,162"
31.0,155.0,"348,537"
31.0,157.0,"147,512"
31.0,159.0,"260,799"
31.0,161.0,"174,108"
31.0,163.0,"117,922"
31.0,165.0,"159,170"
31.0,167.0,"173,434"
31.0,169.0,"226,222"
31.0,171.0, (D)
31.0,173.0,"175,286"
31.0,175.0,"143,830"
31.0,177.0,"189,875"
31.0,179.0,"228,501"
31.0,181.0,"167,964"
31.0,183.0,"117,297"
31.0,185.0,"304,447"
32.0,1.0,"16,714"
32.0,3.0, (D)
32.0,5.0,"1,200"
32.0,7.0,"63,565"
32.0,9.0, (D)
32.0,11.0,"15,380"
32.0,13.0,"104,530"
32.0,15.0,"6,500"
32.0,17.0, (D)
32.0,19.0,"11,622"
32.0,21.0,234
32.0,23.0,"3,426"
32.0,27.0,"34,594"
,,
32.0,31.0,"1,202"
32.0,33.0,"20,800"
,,
33.0,1.0,404
33.0,3.0, (D)
33.0,5.0,"1,851"
33.0,7.0,"2,665"
33.0,9.0,"3,428"
33.0,11.0,"1,158"
33.0,13.0,"1,999"
33.0,15.0,770
33.0,17.0,111
33.0,19.0, (D)
34.0,1.0,"8,047"
34.0,3.0, (D)
34.0,5.0,"19,751"
34.0,7.0,"1,671"
34.0,9.0, (D)
34.0,11.0,"13,531"
,,
34.0,15.0,"21,466"
,,
34.0,19.0,"19,865"
34.0,21.0,"6,579"
34.0,23.0,"3,720"
34.0,25.0,"4,831"
34.0,27.0,"1,565"
34.0,29.0, (D)
34.0,31.0, (D)
34.0,33.0,"37,067"
34.0,35.0,"4,134"
34.0,37.0,"3,607"
,,
34.0,41.0,"27,034"
35.0,1.0,49
35.0,3.0,"113,621"
35.0,5.0,"628,076"
35.0,6.0,"103,609"
35.0,7.0,"217,459"
35.0,9.0,"224,238"
35.0,11.0,"279,635"
35.0,13.0,"55,754"
35.0,15.0,"325,898"
35.0,17.0,"209,544"
35.0,19.0,"267,241"
35.0,21.0,"176,992"
35.0,23.0,"219,655"
35.0,25.0,"681,963"
35.0,27.0,"314,398"
,,
35.0,29.0,"91,271"
35.0,31.0,"78,345"
35.0,33.0,"99,833"
35.0,35.0,"74,823"
35.0,37.0,"319,013"
35.0,39.0,"74,369"
35.0,41.0,"167,476"
35.0,43.0,"35,212"
35.0,45.0,"46,685"
35.0,47.0,"186,690"
35.0,49.0,"65,926"
35.0,51.0,"95,441"
35.0,53.0,"99,920"
35.0,55.0,"17,681"
35.0,57.0,"391,454"
35.0,59.0,"160,426"
35.0,61.0,"43,345"
36.0,1.0,"2,528"
36.0,3.0,"15,003"
,,
36.0,7.0,"3,449"
36.0,9.0,"15,889"
36.0,11.0,"61,052"
36.0,13.0,"34,653"
36.0,15.0,"2,899"
36.0,17.0,"6,491"
36.0,19.0,"16,476"
36.0,21.0,"14,610"
36.0,23.0,"7,273"
36.0,25.0,"3,043"
36.0,27.0,"2,722"
36.0,29.0,"30,963"
36.0,31.0,"2,259"
36.0,33.0,"18,742"
36.0,35.0,521
36.0,37.0,"68,960"
36.0,39.0,"2,398"
,,
36.0,43.0,"5,131"
36.0,45.0,"46,202"
,,
36.0,49.0,"11,230"
36.0,51.0,"75,207"
36.0,53.0,"23,014"
36.0,55.0,"46,747"
36.0,57.0,"14,781"
,,
,,
36.0,63.0,"61,194"
36.0,65.0,"18,017"
36.0,67.0,"52,302"
36.0,69.0,"59,417"
36.0,71.0,"10,913"
36.0,73.0,"67,834"
36.0,75.0,"4,992"
36.0,77.0,"4,405"
36.0,79.0, (D)
,,
36.0,83.0,"11,741"
,,
36.0,87.0, (D)
36.0,89.0,"21,512"
36.0,91.0,"9,940"
36.0,93.0,346
36.0,95.0,"5,290"
36.0,97.0,"1,879"
36.0,99.0,"30,505"
36.0,101.0,"37,931"
36.0,103.0,"1,349"
36.0,105.0, (D)
36.0,107.0,"5,386"
36.0,109.0,"5,326"
36.0,111.0,"4,112"
,,
36.0,115.0,"17,681"
36.0,117.0,"52,332"
36.0,119.0,515
36.0,121.0,"50,419"
36.0,123.0,"17,100"
37.0,1.0,"10,146"
37.0,3.0,"3,508"
37.0,5.0,"4,438"
37.0,7.0,"18,839"
37.0,9.0,"6,437"
37.0,11.0,30
37.0,13.0,"103,426"
37.0,15.0,"78,661"
37.0,17.0,"53,775"
37.0,19.0,"17,254"
37.0,21.0,780
37.0,23.0,"3,870"
37.0,25.0,"12,091"
37.0,27.0,"1,565"
37.0,29.0,"36,857"
37.0,31.0,"43,169"
37.0,33.0,"10,285"
37.0,35.0,"12,404"
37.0,37.0,"5,729"
37.0,39.0,"2,391"
37.0,41.0,"20,417"
37.0,43.0,"1,461"
37.0,45.0,"19,982"
37.0,47.0,"87,559"
37.0,49.0,"45,441"
37.0,51.0,"22,490"
37.0,53.0,"22,619"
37.0,55.0, (D)
37.0,57.0,"14,415"
37.0,59.0,"12,871"
37.0,61.0,"90,727"
37.0,63.0,"2,377"
37.0,65.0,"89,517"
37.0,67.0,"5,156"
37.0,69.0,"24,174"
37.0,71.0,"4,248"
37.0,73.0,"39,185"
37.0,75.0,15
37.0,77.0,"14,157"
37.0,79.0,"44,907"
37.0,81.0,"16,410"
37.0,83.0,"98,663"
37.0,85.0,"44,322"
37.0,87.0,"4,959"
37.0,89.0,"13,139"
37.0,91.0,"44,502"
37.0,93.0,"21,239"
37.0,95.0,"64,741"
37.0,97.0,"22,403"
37.0,99.0,"2,063"
37.0,101.0,"76,617"
37.0,103.0,"31,417"
37.0,105.0,"8,717"
37.0,107.0,"62,922"
37.0,109.0,"9,188"
37.0,111.0, (D)
37.0,113.0,26
37.0,115.0,"1,301"
37.0,117.0,"91,649"
37.0,119.0,"1,991"
37.0,121.0,66
37.0,123.0,796
37.0,125.0,"9,943"
37.0,127.0,"63,414"
37.0,129.0, (D)
37.0,131.0,"94,534"
37.0,133.0,"20,002"
37.0,135.0,"14,797"
37.0,137.0,"31,068"
37.0,139.0,"55,110"
37.0,141.0,"21,250"
37.0,143.0,"54,755"
37.0,145.0,"29,592"
37.0,147.0,"124,356"
37.0,149.0,"1,214"
37.0,151.0,"16,185"
37.0,153.0,"10,996"
37.0,155.0,"154,690"
37.0,157.0,"16,261"
37.0,159.0,"36,145"
37.0,161.0,"4,095"
37.0,163.0,"130,511"
37.0,165.0,"22,824"
37.0,167.0,"29,783"
37.0,169.0,"7,744"
37.0,171.0,"32,235"
37.0,173.0,156
37.0,175.0,677
37.0,177.0,"46,362"
37.0,179.0,"96,193"
37.0,181.0,"8,698"
37.0,183.0,"25,331"
37.0,185.0,"12,965"
37.0,187.0,"62,175"
37.0,189.0,152
37.0,191.0,"92,725"
37.0,193.0,"8,500"
37.0,195.0,"79,223"
37.0,197.0,"21,636"
37.0,199.0,276
38.0,1.0,"313,629"
38.0,3.0,"726,540"
38.0,5.0,"474,343"
38.0,7.0,"120,481"
38.0,9.0,"724,834"
38.0,11.0,"214,606"
38.0,13.0,"275,364"
38.0,15.0,"285,096"
38.0,17.0,"1,019,793"
38.0,19.0,"818,096"
38.0,21.0,"434,932"
38.0,23.0,"420,721"
38.0,25.0,"264,774"
38.0,27.0,"200,123"
38.0,29.0,"440,997"
38.0,31.0,"315,370"
38.0,33.0,"229,107"
38.0,35.0,"634,862"
38.0,37.0,"403,367"
38.0,39.0,"289,304"
38.0,41.0,"437,592"
38.0,43.0,"229,943"
38.0,45.0,"526,534"
38.0,47.0,"260,241"
38.0,49.0,"355,700"
38.0,51.0,"241,686"
38.0,53.0,"282,251"
38.0,55.0,"625,150"
38.0,57.0,"156,587"
38.0,59.0,"427,064"
38.0,61.0,"557,323"
38.0,63.0,"337,647"
38.0,65.0,"108,259"
38.0,67.0,"548,383"
38.0,69.0,"337,962"
38.0,71.0,"516,736"
38.0,73.0,"296,114"
38.0,75.0,"476,946"
38.0,77.0,"740,807"
38.0,79.0,"284,122"
38.0,81.0,"399,859"
38.0,83.0,"323,214"
38.0,85.0,"213,417"
38.0,87.0,"297,055"
38.0,89.0,"414,952"
38.0,91.0,"373,953"
38.0,93.0,"829,122"
38.0,95.0,"447,849"
38.0,97.0,"476,743"
38.0,99.0,"586,648"
38.0,101.0,"810,306"
38.0,103.0,"540,493"
38.0,105.0,"586,702"
39.0,1.0,"31,903"
39.0,3.0,"129,439"
39.0,5.0,"55,831"
39.0,7.0,"46,579"
39.0,9.0,"8,489"
39.0,11.0,"148,038"
39.0,13.0,257
39.0,15.0,"80,431"
39.0,17.0,"69,291"
39.0,19.0,"22,694"
39.0,21.0,"138,812"
39.0,23.0,"127,308"
39.0,25.0,"39,040"
39.0,27.0,"146,826"
39.0,29.0,"34,625"
39.0,31.0,"35,063"
39.0,33.0,"174,233"
39.0,35.0, (D)
39.0,37.0,"235,323"
39.0,39.0,"148,228"
39.0,41.0,"78,931"
39.0,43.0,"31,836"
39.0,45.0,"107,649"
39.0,47.0,"140,717"
39.0,49.0,"33,148"
39.0,51.0,"135,450"
39.0,53.0,"9,224"
39.0,55.0,"10,504"
39.0,57.0,"114,024"
39.0,59.0,"4,962"
39.0,61.0,"1,007"
39.0,63.0,"168,652"
39.0,65.0,"192,245"
39.0,67.0,"7,807"
39.0,69.0,"165,212"
39.0,71.0,"136,558"
39.0,73.0,"4,394"
39.0,75.0,"39,881"
39.0,77.0,"144,206"
39.0,79.0,"5,200"
39.0,81.0,999
39.0,83.0,"84,072"
39.0,85.0,415
39.0,87.0,"1,399"
39.0,89.0,"91,622"
39.0,91.0,"140,936"
39.0,93.0,"61,715"
39.0,95.0,"45,099"
39.0,97.0,"188,787"
39.0,99.0,"17,987"
39.0,101.0,"142,677"
39.0,103.0,"41,039"
39.0,105.0,"8,776"
39.0,107.0,"200,986"
39.0,109.0,"112,781"
39.0,111.0,767
39.0,113.0,"67,014"
39.0,115.0,"3,777"
39.0,117.0,"88,494"
39.0,119.0,"38,671"
39.0,121.0, (D)
39.0,123.0,"93,087"
39.0,125.0,"164,750"
39.0,127.0,"26,842"
39.0,129.0,"228,495"
39.0,131.0,"30,415"
39.0,133.0,"21,784"
39.0,135.0,"140,533"
39.0,137.0,"196,409"
39.0,139.0,"46,919"
39.0,141.0,"98,151"
39.0,143.0,"117,128"
39.0,145.0,"19,312"
39.0,147.0,"182,709"
39.0,149.0,"151,088"
39.0,151.0,"43,147"
39.0,153.0,"1,382"
39.0,155.0,"27,865"
39.0,157.0,"18,686"
39.0,159.0,"140,804"
39.0,161.0,"159,069"
39.0,163.0,"5,107"
39.0,165.0,"53,540"
39.0,167.0,"13,282"
39.0,169.0,"88,468"
39.0,171.0,"136,420"
39.0,173.0,"198,271"
39.0,175.0,"171,586"
40.0,1.0,545
40.0,3.0,"254,361"
40.0,5.0,"93,661"
40.0,7.0,"232,652"
40.0,9.0,"108,326"
40.0,11.0,"211,577"
40.0,13.0,"67,128"
40.0,15.0,"215,560"
40.0,17.0,"130,048"
40.0,19.0,"38,110"
40.0,21.0,"1,824"
40.0,23.0,"34,926"
40.0,25.0,"277,377"
40.0,27.0,"5,033"
40.0,29.0,"26,660"
40.0,31.0,"89,470"
40.0,33.0,"121,914"
40.0,35.0,"16,028"
40.0,37.0,"3,608"
40.0,39.0,"172,715"
40.0,41.0,"12,038"
40.0,43.0,"116,114"
40.0,45.0,"64,737"
40.0,47.0,"316,401"
40.0,49.0,"82,565"
40.0,51.0,"105,647"
40.0,53.0,"320,409"
40.0,55.0,"85,599"
40.0,57.0,"128,364"
40.0,59.0,"107,082"
40.0,61.0,"5,343"
40.0,63.0,"69,677"
40.0,65.0,"272,570"
40.0,67.0,"57,412"
40.0,69.0,"27,213"
40.0,71.0,"261,143"
40.0,73.0,"199,320"
40.0,75.0,"251,478"
40.0,77.0,"34,134"
40.0,79.0,"16,925"
40.0,81.0,"16,997"
40.0,83.0,"44,078"
40.0,85.0,"23,942"
40.0,87.0,"24,496"
40.0,89.0,"56,496"
40.0,91.0,"22,317"
40.0,93.0,"154,014"
40.0,95.0,"5,739"
40.0,97.0,"11,608"
40.0,99.0,"60,350"
40.0,101.0,"44,442"
40.0,103.0,"131,324"
40.0,105.0,"12,940"
40.0,107.0,"27,631"
40.0,109.0,"11,677"
40.0,111.0,"13,823"
40.0,113.0,"63,914"
40.0,115.0,"36,631"
40.0,117.0,"25,611"
40.0,119.0,"30,065"
40.0,121.0,"53,211"
40.0,123.0,"30,060"
40.0,125.0,"7,576"
40.0,127.0,"17,211"
40.0,129.0,"125,057"
40.0,131.0,"1,757"
40.0,133.0,"16,580"
40.0,135.0,"21,064"
40.0,137.0,"64,253"
40.0,139.0,"432,054"
40.0,141.0,"237,094"
40.0,143.0,"11,888"
40.0,145.0,"35,428"
40.0,147.0,"12,863"
40.0,149.0,"275,787"
40.0,151.0,"168,617"
40.0,153.0,"126,538"
41.0,1.0,"26,967"
41.0,3.0,"3,858"
41.0,5.0,"6,958"
41.0,7.0, (D)
41.0,9.0,457
41.0,11.0,"1,536"
41.0,13.0,"6,377"
41.0,15.0,"4,634"
41.0,17.0,"4,571"
41.0,19.0,"2,607"
41.0,21.0,"90,278"
41.0,23.0,"18,490"
41.0,25.0,"118,518"
41.0,27.0,"8,660"
41.0,29.0,"11,785"
41.0,31.0,"23,566"
41.0,33.0, (D)
41.0,35.0,"48,361"
41.0,37.0,"20,082"
41.0,39.0,"18,421"
41.0,41.0, (D)
41.0,43.0,"30,087"
41.0,45.0,"82,369"
41.0,47.0,"21,593"
41.0,49.0,"195,382"
41.0,51.0,543
41.0,53.0,"8,519"
41.0,55.0,"146,849"
,,
41.0,59.0,"344,336"
41.0,61.0,"29,982"
41.0,63.0,"20,713"
41.0,65.0,"104,102"
41.0,67.0,"10,824"
41.0,69.0,"1,086"
41.0,71.0,"23,130"
42.0,1.0,"55,631"
42.0,3.0,"3,244"
42.0,5.0,"20,991"
42.0,7.0,"3,078"
42.0,9.0,"23,928"
42.0,11.0,"55,124"
42.0,13.0,"19,092"
42.0,15.0,"17,144"
42.0,17.0,"27,871"
42.0,19.0,"19,466"
42.0,21.0,"10,425"
,,
42.0,25.0,"2,693"
42.0,27.0,"23,504"
42.0,29.0,"36,920"
42.0,31.0,"8,215"
42.0,33.0,"3,324"
42.0,35.0,"7,426"
42.0,37.0,"35,497"
42.0,39.0,"35,464"
42.0,41.0,"46,930"
42.0,43.0,"27,124"
,,
42.0,47.0,842
42.0,49.0,"32,873"
42.0,51.0,"11,978"
42.0,53.0, (D)
42.0,55.0,"67,285"
42.0,57.0,"10,011"
42.0,59.0,"1,419"
42.0,61.0,"19,078"
42.0,63.0,"25,714"
42.0,65.0,"6,514"
42.0,67.0,"15,434"
42.0,69.0, (D)
42.0,71.0,"84,996"
42.0,73.0,"18,184"
42.0,75.0,"21,897"
42.0,77.0,"30,420"
42.0,79.0,"5,561"
42.0,81.0,"10,411"
42.0,83.0,897
42.0,85.0,"41,396"
42.0,87.0,"9,980"
42.0,89.0,"4,015"
42.0,91.0,"7,252"
42.0,93.0,"6,488"
42.0,95.0,"33,950"
42.0,97.0,"48,573"
42.0,99.0,"22,030"
,,
,,
42.0,105.0,"5,866"
42.0,107.0,"32,315"
42.0,109.0,"25,404"
42.0,111.0,"17,918"
42.0,113.0,"3,004"
42.0,115.0,"2,228"
42.0,117.0,"6,042"
42.0,119.0,"10,904"
42.0,121.0,"5,829"
42.0,123.0,"4,393"
42.0,125.0,"3,743"
42.0,127.0,837
42.0,129.0,"32,832"
42.0,131.0,931
42.0,133.0,"96,063"
44.0,1.0, (D)
44.0,3.0, (D)
44.0,5.0,786
44.0,7.0,735
44.0,9.0, (D)
45.0,1.0,"9,145"
45.0,3.0,"15,163"
45.0,5.0,"24,353"
45.0,7.0,"25,706"
45.0,9.0,"19,713"
45.0,11.0,"20,088"
45.0,13.0,857
45.0,15.0,"7,576"
45.0,17.0,"58,067"
45.0,19.0, (D)
45.0,21.0,"10,585"
45.0,23.0,"8,615"
45.0,25.0,"29,025"
45.0,27.0,"81,226"
45.0,29.0,"16,768"
45.0,31.0,"83,508"
45.0,33.0,"52,782"
45.0,35.0,"23,074"
45.0,37.0,"7,114"
45.0,39.0,888
45.0,41.0,"80,176"
45.0,43.0,"4,887"
45.0,45.0,"2,424"
45.0,47.0,"2,702"
45.0,49.0,"32,049"
45.0,51.0,"80,209"
45.0,53.0, (D)
45.0,55.0,"2,714"
45.0,57.0,"4,469"
45.0,59.0,"18,272"
45.0,61.0,"64,231"
45.0,63.0,"10,613"
45.0,65.0,"1,499"
45.0,67.0,"19,870"
45.0,69.0,"41,160"
45.0,71.0,"16,142"
45.0,73.0,"3,805"
45.0,75.0,"130,512"
45.0,77.0,"1,963"
45.0,79.0,"11,521"
45.0,81.0,"10,629"
45.0,83.0,"9,496"
45.0,85.0,"67,792"
45.0,87.0,"5,030"
45.0,89.0,"73,304"
45.0,91.0,"16,305"
46.0,3.0,"155,173"
46.0,5.0,"448,295"
46.0,7.0,"149,323"
46.0,9.0,"189,933"
46.0,11.0,"245,720"
46.0,13.0,"723,159"
46.0,15.0,"263,243"
46.0,17.0,"99,365"
46.0,19.0,"241,829"
46.0,21.0,"199,826"
46.0,23.0,"351,151"
46.0,25.0,"366,369"
46.0,27.0,"201,358"
46.0,29.0,"189,825"
46.0,31.0,"442,729"
46.0,33.0,"155,151"
46.0,35.0,"144,840"
46.0,37.0,"358,161"
46.0,39.0,"159,608"
46.0,41.0,"244,851"
46.0,43.0,"176,435"
46.0,45.0,"493,880"
46.0,47.0,"137,535"
46.0,49.0,"334,185"
46.0,51.0,"259,641"
46.0,53.0,"185,671"
46.0,55.0,"272,628"
46.0,57.0,"200,360"
46.0,59.0,"488,206"
46.0,61.0,"188,657"
46.0,63.0,"456,022"
46.0,65.0,"236,408"
46.0,67.0,"317,219"
46.0,69.0,"191,812"
46.0,71.0,"289,301"
46.0,73.0,"170,539"
46.0,75.0,"312,236"
46.0,77.0,"315,164"
46.0,79.0,"199,790"
46.0,81.0,"20,300"
46.0,83.0,"240,948"
46.0,85.0,"256,636"
46.0,87.0,"276,506"
46.0,89.0,"261,672"
46.0,91.0,"245,927"
46.0,93.0,"555,705"
46.0,95.0,"187,088"
46.0,97.0,"172,276"
46.0,99.0,"266,119"
46.0,101.0,"191,037"
46.0,102.0,"133,628"
46.0,103.0,"230,962"
46.0,105.0,"479,384"
46.0,107.0,"354,720"
46.0,109.0,"368,565"
46.0,111.0,"143,691"
46.0,115.0,"698,196"
46.0,117.0,"217,709"
46.0,119.0,"415,486"
46.0,121.0,"72,141"
46.0,123.0,"334,590"
46.0,125.0,"292,667"
46.0,127.0,"242,487"
46.0,129.0,"219,329"
46.0,135.0,"194,680"
46.0,137.0,"348,225"
47.0,1.0,449
47.0,3.0,"35,275"
47.0,5.0,"14,498"
47.0,7.0,"6,490"
47.0,9.0,"6,721"
47.0,11.0,"7,676"
47.0,13.0,288
47.0,15.0,"17,476"
47.0,17.0,"68,577"
47.0,19.0, (D)
47.0,21.0,"5,861"
47.0,23.0,"27,736"
47.0,25.0,"1,310"
47.0,27.0,"1,586"
47.0,29.0,"5,112"
47.0,31.0,"44,559"
47.0,33.0,"114,904"
47.0,35.0,"2,965"
47.0,37.0, (D)
47.0,39.0,"8,342"
47.0,41.0,"5,811"
47.0,43.0,"4,311"
47.0,45.0,"194,403"
47.0,47.0,"127,784"
47.0,49.0,"1,611"
47.0,51.0,"30,462"
47.0,53.0,"172,301"
47.0,55.0,"30,041"
47.0,57.0,901
47.0,59.0,"10,274"
47.0,61.0,"4,049"
47.0,63.0,"5,035"
47.0,65.0,"1,067"
47.0,67.0, (D)
47.0,69.0,"52,618"
47.0,71.0,"39,435"
47.0,73.0,"1,872"
47.0,75.0,"124,632"
47.0,77.0,"22,791"
47.0,79.0,"83,499"
47.0,81.0,"13,654"
,,
47.0,85.0,"4,393"
47.0,87.0,544
47.0,89.0,"2,643"
47.0,91.0,340
47.0,93.0,"1,098"
47.0,95.0,"72,440"
47.0,97.0,"100,416"
47.0,99.0,"54,588"
47.0,101.0, (D)
47.0,103.0,"54,980"
47.0,105.0,"7,740"
47.0,107.0,"16,724"
47.0,109.0,"32,282"
47.0,111.0,"13,836"
47.0,113.0,"65,330"
47.0,115.0,"11,225"
47.0,117.0,"15,992"
47.0,119.0,"25,420"
47.0,121.0,"5,108"
47.0,123.0,"25,686"
47.0,125.0,"35,479"
47.0,127.0,533
47.0,129.0,"1,895"
47.0,131.0,"131,603"
47.0,133.0,"4,033"
47.0,135.0,"4,474"
47.0,137.0,"1,381"
47.0,139.0,"6,875"
47.0,141.0,"5,676"
47.0,143.0,"2,456"
47.0,145.0,"2,058"
47.0,147.0,"86,948"
47.0,149.0,"20,965"
47.0,151.0, (D)
47.0,153.0,705
47.0,155.0, (D)
47.0,157.0,"33,356"
47.0,159.0,"14,119"
47.0,161.0,"6,475"
47.0,163.0,"2,733"
47.0,165.0,"14,547"
47.0,167.0,"97,266"
47.0,169.0,701
47.0,171.0, (D)
47.0,173.0,110
47.0,175.0,381
47.0,177.0,"37,523"
47.0,179.0,"4,236"
47.0,181.0,"8,171"
47.0,183.0,"134,835"
47.0,185.0,"6,359"
47.0,187.0,"9,731"
47.0,189.0,"4,086"
48.0,1.0,"14,907"
48.0,3.0,"322,066"
48.0,5.0,"1,204"
,,
48.0,9.0,"99,591"
48.0,11.0,"86,308"
48.0,13.0,"67,072"
48.0,15.0,"34,580"
48.0,17.0,"190,257"
48.0,19.0,"47,111"
48.0,21.0,"33,419"
48.0,23.0,"351,575"
48.0,25.0,"85,741"
48.0,27.0,"115,850"
48.0,29.0,"37,952"
48.0,31.0,"39,787"
48.0,33.0,"112,345"
48.0,35.0,"55,889"
48.0,37.0,"26,790"
48.0,39.0,"81,081"
48.0,41.0,"38,005"
48.0,43.0,"271,613"
48.0,45.0,"159,417"
48.0,47.0, (D)
48.0,49.0,"40,292"
48.0,51.0,"38,103"
48.0,53.0,"27,128"
48.0,55.0,"61,503"
48.0,57.0,"48,828"
48.0,59.0,"51,145"
48.0,61.0,"191,781"
48.0,63.0,"2,276"
48.0,65.0,"248,913"
48.0,67.0,"12,573"
48.0,69.0,"200,859"
48.0,71.0,"30,162"
48.0,73.0,"33,752"
48.0,75.0,"84,601"
48.0,77.0,"106,724"
48.0,79.0,"296,564"
48.0,81.0,"84,745"
48.0,83.0,"123,591"
48.0,85.0,"71,673"
48.0,87.0,"101,964"
48.0,89.0,"101,168"
48.0,91.0,"15,936"
48.0,93.0,"34,133"
48.0,95.0,"118,828"
48.0,97.0,"54,474"
48.0,99.0,"49,178"
48.0,101.0,"116,943"
48.0,103.0, (D)
48.0,105.0,"251,187"
48.0,107.0,"229,272"
48.0,109.0,"28,742"
48.0,111.0,"247,389"
48.0,113.0,"6,086"
48.0,115.0,"311,836"
48.0,117.0,"349,510"
48.0,119.0,"51,780"
48.0,121.0,"59,810"
48.0,123.0,"35,107"
48.0,125.0,"103,861"
48.0,127.0,"28,692"
48.0,129.0,"94,105"
48.0,131.0,"74,756"
48.0,133.0,"55,983"
48.0,135.0, (D)
48.0,137.0,"145,110"
48.0,139.0,"139,582"
48.0,141.0,"20,151"
48.0,143.0,"22,947"
48.0,145.0,"150,261"
48.0,147.0,"105,519"
48.0,149.0,"65,802"
48.0,151.0,"199,765"
48.0,153.0,"322,116"
48.0,155.0,"114,860"
48.0,157.0,"103,634"
48.0,159.0,"7,491"
48.0,161.0,"7,644"
48.0,163.0,"66,625"
48.0,165.0,"428,596"
48.0,167.0,"1,874"
48.0,169.0,"75,214"
48.0,171.0,"114,291"
48.0,173.0,"239,678"
48.0,175.0,"43,767"
48.0,177.0,"99,785"
48.0,179.0,"72,084"
48.0,181.0,"121,953"
48.0,183.0, (D)
48.0,185.0,"27,942"
48.0,187.0,"61,363"
48.0,189.0,"309,113"
48.0,191.0,"180,543"
48.0,193.0,"40,726"
48.0,195.0,"291,045"
48.0,197.0,"58,219"
48.0,199.0, (D)
48.0,201.0,"32,511"
48.0,203.0,"6,420"
48.0,205.0,"213,050"
48.0,207.0,"263,712"
48.0,209.0,"19,024"
48.0,211.0,"93,828"
48.0,213.0,"40,101"
48.0,215.0,"265,096"
48.0,217.0,"214,747"
48.0,219.0,"275,980"
48.0,221.0,"1,343"
48.0,223.0,"19,492"
48.0,225.0,"6,408"
48.0,227.0,"195,151"
48.0,229.0,"179,974"
48.0,231.0,"79,401"
48.0,233.0,"93,641"
48.0,235.0,"143,095"
48.0,237.0,"70,355"
48.0,239.0,"185,441"
48.0,241.0,46
48.0,243.0,"347,588"
48.0,245.0,"28,674"
48.0,247.0,"33,236"
48.0,249.0,"138,069"
48.0,251.0,"52,005"
48.0,253.0,"205,697"
48.0,255.0,"43,133"
48.0,257.0,"63,545"
48.0,259.0,"30,735"
48.0,261.0, (D)
48.0,263.0,"58,253"
48.0,265.0,"38,879"
48.0,267.0,"191,553"
48.0,269.0,"3,683"
48.0,271.0,"149,995"
48.0,273.0,"70,189"
48.0,275.0,"123,397"
48.0,277.0,"93,536"
48.0,279.0,"314,937"
48.0,281.0,"48,191"
48.0,283.0,"17,012"
48.0,285.0,"32,833"
48.0,287.0,"20,571"
48.0,289.0,"13,119"
48.0,291.0,"18,064"
48.0,293.0,"25,746"
48.0,295.0,"67,862"
48.0,297.0,"124,676"
48.0,299.0,"111,647"
48.0,301.0, (D)
48.0,303.0,"378,276"
48.0,305.0,"389,092"
48.0,307.0,"98,526"
48.0,309.0,"189,172"
48.0,311.0,"66,138"
48.0,313.0,"26,969"
48.0,315.0,900
48.0,317.0,"238,259"
48.0,319.0,"153,051"
48.0,321.0,"164,257"
48.0,323.0, (D)
48.0,325.0,"145,651"
48.0,327.0,"106,942"
48.0,329.0,"68,740"
48.0,331.0,"103,116"
48.0,333.0,"70,741"
48.0,335.0,"109,604"
48.0,337.0,"42,621"
48.0,339.0,"2,844"
48.0,341.0,"164,494"
48.0,343.0,"2,987"
48.0,345.0,"122,380"
48.0,347.0,"1,474"
48.0,349.0,"82,926"
48.0,351.0,39
48.0,353.0,"124,725"
48.0,355.0,"291,026"
48.0,357.0,"284,866"
48.0,359.0,"70,967"
,,
48.0,363.0,"42,304"
48.0,365.0,839
48.0,367.0,"22,297"
48.0,369.0,"238,795"
48.0,371.0,"405,864"
48.0,373.0,"1,440"
48.0,375.0,"44,163"
48.0,377.0,"209,718"
48.0,379.0,"2,735"
48.0,381.0,"132,890"
48.0,383.0,"114,658"
48.0,385.0,"3,310"
48.0,387.0,"68,702"
48.0,389.0,"279,323"
48.0,391.0,"76,636"
48.0,393.0,"21,781"
48.0,395.0,"65,902"
48.0,397.0, (D)
48.0,399.0,"216,621"
48.0,401.0,"1,905"
48.0,403.0, (D)
48.0,405.0,444
48.0,407.0,"2,850"
48.0,409.0,"206,308"
48.0,411.0,"63,182"
48.0,413.0,"211,686"
48.0,415.0,"160,174"
48.0,417.0,"68,619"
48.0,419.0,"5,501"
48.0,421.0,"317,184"
48.0,423.0,530
48.0,425.0,934
48.0,427.0,"73,556"
48.0,429.0,"41,170"
48.0,431.0, (D)
48.0,433.0,"66,959"
48.0,435.0,"201,110"
48.0,437.0,"237,293"
48.0,439.0, (D)
48.0,441.0,"66,913"
48.0,443.0,"130,220"
48.0,445.0,"340,309"
48.0,447.0,"120,786"
48.0,449.0,"3,630"
48.0,451.0,"178,820"
48.0,453.0,"43,720"
48.0,455.0,"2,042"
48.0,457.0, (D)
48.0,459.0,895
48.0,461.0,"135,538"
48.0,463.0,"138,470"
48.0,465.0,"248,379"
48.0,467.0,"14,838"
48.0,469.0,"152,764"
48.0,471.0,"15,251"
48.0,473.0,"31,995"
48.0,475.0, (D)
48.0,477.0,"16,485"
48.0,479.0,"428,161"
48.0,481.0,"252,992"
48.0,483.0,"87,883"
48.0,485.0,"114,886"
48.0,487.0,"177,446"
48.0,489.0,"189,375"
48.0,491.0,"217,212"
48.0,493.0,"32,281"
48.0,495.0, (D)
48.0,497.0,"25,101"
48.0,499.0,"1,662"
48.0,501.0,"227,212"
48.0,503.0,"49,404"
48.0,505.0,"21,736"
48.0,507.0,"57,149"
49.0,1.0,"3,340"
49.0,3.0,"102,034"
49.0,5.0,"38,938"
49.0,7.0,"2,040"
49.0,9.0, (D)
49.0,11.0,775
49.0,13.0,"16,140"
49.0,15.0,"5,382"
49.0,17.0, (D)
49.0,19.0, (D)
49.0,21.0,"40,570"
49.0,23.0,"10,763"
49.0,25.0,"3,340"
49.0,27.0,"27,125"
49.0,29.0,"2,088"
49.0,31.0,"3,751"
49.0,33.0,"7,077"
49.0,35.0,"2,100"
49.0,37.0,"52,433"
49.0,39.0,"30,923"
49.0,41.0,"4,446"
49.0,43.0,"2,071"
49.0,45.0,"1,130"
49.0,47.0,"10,755"
49.0,49.0,"26,157"
49.0,51.0, (D)
49.0,53.0,"7,732"
49.0,55.0,"1,755"
49.0,57.0,"1,162"
50.0,1.0,"40,272"
50.0,3.0,"2,174"
50.0,5.0,"5,192"
50.0,7.0,"3,981"
50.0,9.0,"1,100"
50.0,11.0,"28,367"
50.0,13.0,"1,670"
50.0,15.0,"2,222"
50.0,17.0,"4,152"
50.0,19.0,"10,237"
50.0,21.0,"7,264"
50.0,23.0,"2,139"
50.0,25.0,"1,627"
50.0,27.0,"1,006"
51.0,1.0,"46,395"
51.0,3.0,"10,013"
51.0,5.0,431
51.0,7.0,"17,073"
51.0,9.0, (D)
51.0,11.0,"2,868"
,,
51.0,15.0,"23,126"
51.0,17.0,160
51.0,19.0,"6,232"
51.0,21.0,"1,215"
51.0,23.0,"5,380"
51.0,25.0,"12,498"
,,
51.0,29.0,"6,957"
51.0,31.0,"6,935"
51.0,33.0,"37,989"
51.0,35.0,879
51.0,36.0,"19,300"
51.0,37.0,"15,615"
51.0,41.0,"3,128"
51.0,43.0,"4,964"
51.0,45.0,"1,277"
51.0,47.0,"15,270"
51.0,49.0,"3,349"
,,
51.0,53.0,"24,988"
51.0,57.0,"40,270"
,,
51.0,61.0,"19,473"
51.0,63.0,923
51.0,65.0,"1,960"
51.0,67.0,"24,751"
51.0,69.0,"8,253"
51.0,71.0,"1,979"
51.0,73.0,"11,181"
51.0,75.0,"8,859"
51.0,77.0,"1,313"
51.0,79.0, (D)
51.0,81.0,"26,860"
51.0,83.0,"12,679"
51.0,85.0,"38,580"
51.0,87.0,"3,627"
51.0,89.0,830
51.0,91.0, (D)
51.0,93.0,"37,294"
51.0,95.0,"2,342"
51.0,97.0,"25,160"
51.0,99.0,"7,450"
51.0,101.0,"18,220"
51.0,103.0,"9,913"
51.0,105.0,"2,416"
51.0,107.0,"7,978"
51.0,109.0,"7,993"
51.0,111.0,"7,246"
51.0,113.0,"12,091"
51.0,115.0,"3,288"
51.0,117.0,"19,821"
51.0,119.0,"12,961"
51.0,121.0,"2,356"
51.0,125.0,"3,040"
51.0,127.0,"9,394"
51.0,131.0,"25,478"
51.0,133.0,"29,481"
51.0,135.0,"4,739"
51.0,137.0,"15,066"
51.0,139.0,"5,964"
51.0,141.0,"2,832"
51.0,143.0,"38,941"
51.0,145.0,"4,433"
51.0,147.0,"4,922"
51.0,149.0,"17,731"
51.0,153.0,"4,469"
51.0,155.0,"1,021"
51.0,157.0,334
51.0,159.0,"21,629"
51.0,161.0, (D)
51.0,163.0,"4,704"
51.0,165.0,"24,821"
51.0,167.0,"4,901"
51.0,169.0,"3,278"
51.0,171.0,"19,702"
51.0,173.0,"1,273"
51.0,175.0,"76,832"
51.0,177.0,"2,824"
51.0,179.0,"5,005"
51.0,181.0,"21,559"
51.0,183.0,"33,006"
51.0,185.0,"2,963"
51.0,187.0, (D)
51.0,191.0,"1,826"
51.0,193.0,"24,121"
,,
51.0,197.0,"9,326"
51.0,199.0,17
,,
,,
,,
,,
51.0,550.0,"21,692"
,,
,,
,,
,,
,,
,,
,,
,,
,,
,,
,,
,,
,,
,,
,,
,,
,,
,,
,,
,,
,,
,,
,,
,,
,,
,,
,,
,,
51.0,800.0,"41,943"
51.0,810.0,"12,040"
,,
,,
,,
53.0,1.0,"343,076"
53.0,3.0,"35,836"
53.0,5.0,"248,135"
53.0,7.0,"14,756"
,,
53.0,11.0,178
53.0,13.0,"95,430"
53.0,15.0, (D)
53.0,17.0,"204,359"
53.0,19.0, (D)
53.0,21.0,"123,661"
53.0,23.0,"118,757"
53.0,25.0,"359,452"
53.0,27.0,"3,510"
53.0,29.0,"1,611"
,,
53.0,33.0,974
,,
53.0,37.0,"8,664"
53.0,39.0,"117,916"
53.0,41.0,"2,008"
53.0,43.0,"414,110"
53.0,45.0, (D)
53.0,47.0,"27,407"
53.0,49.0,450
53.0,51.0, (D)
53.0,53.0,755
53.0,55.0, (D)
53.0,57.0,"12,150"
,,
53.0,61.0,"6,423"
53.0,63.0,"256,441"
53.0,65.0,"4,735"
53.0,67.0,"1,375"
53.0,69.0, (D)
53.0,71.0,"250,068"
53.0,73.0,"3,852"
53.0,75.0,"728,334"
53.0,77.0,"159,821"
54.0,1.0,332
54.0,3.0,"6,204"
54.0,5.0,3
54.0,7.0, (D)
54.0,9.0, (D)
54.0,11.0,367
,,
,,
,,
,,
,,
54.0,23.0,946
54.0,25.0,95
54.0,27.0,"1,658"
54.0,29.0,105
54.0,31.0,"6,657"
54.0,33.0, (D)
54.0,35.0,320
54.0,37.0,"23,262"
54.0,39.0, (D)
,,
54.0,43.0,375
,,
,,
54.0,49.0,226
,,
54.0,53.0,"6,171"
54.0,55.0, (D)
54.0,57.0,"1,117"
,,
54.0,61.0,99
54.0,63.0,642
54.0,65.0,62
54.0,67.0,4
54.0,69.0, (D)
54.0,71.0,"2,730"
,,
54.0,75.0,299
54.0,77.0,"1,733"
54.0,79.0,253
,,
54.0,83.0,603
,,
54.0,87.0,568
54.0,89.0, (D)
,,
,,
,,
54.0,97.0,384
54.0,99.0,556
54.0,101.0, (D)
,,
54.0,105.0,400
54.0,107.0,313
,,
55.0,1.0,"58,244"
55.0,3.0,"3,756"
55.0,5.0,"149,929"
55.0,7.0,"4,360"
55.0,9.0,"105,004"
55.0,11.0,"81,351"
55.0,13.0,"28,572"
55.0,15.0,"58,639"
55.0,17.0,"152,972"
55.0,19.0,"121,179"
55.0,21.0,"172,892"
55.0,23.0,"46,364"
55.0,25.0,"280,399"
55.0,27.0,"176,306"
55.0,29.0,"54,232"
55.0,31.0,"3,274"
55.0,33.0,"151,464"
55.0,35.0,"59,471"
55.0,37.0, (D)
55.0,39.0,"129,059"
55.0,41.0,"2,538"
55.0,43.0,"211,243"
55.0,45.0,"159,305"
55.0,47.0,"49,214"
55.0,49.0,"129,923"
55.0,51.0, (D)
55.0,53.0,"70,589"
55.0,55.0,"122,088"
55.0,57.0,"78,211"
55.0,59.0,"49,324"
55.0,61.0,"76,594"
55.0,63.0,"35,212"
55.0,65.0,"183,143"
55.0,67.0,"38,005"
55.0,69.0,"12,196"
55.0,71.0,"91,862"
55.0,73.0,"156,616"
55.0,75.0,"46,718"
55.0,77.0,"55,636"
,,
55.0,79.0,"2,981"
55.0,81.0,"66,883"
55.0,83.0,"65,840"
55.0,85.0,"7,226"
55.0,87.0,"129,253"
55.0,89.0,"21,455"
55.0,91.0,"43,159"
55.0,93.0,"112,028"
55.0,95.0,"104,581"
55.0,97.0,"67,932"
55.0,99.0,"5,272"
55.0,101.0,"81,803"
55.0,103.0,"50,376"
55.0,105.0,"227,407"
55.0,107.0,"23,620"
55.0,109.0,"153,008"
55.0,111.0,"88,926"
55.0,113.0,"9,970"
55.0,115.0,"94,892"
55.0,117.0,"74,545"
55.0,119.0,"62,250"
55.0,121.0,"112,739"
55.0,123.0,"81,168"
55.0,125.0, (D)
55.0,127.0,"124,072"
55.0,129.0,"16,660"
55.0,131.0,"53,318"
55.0,133.0,"47,942"
55.0,135.0,"61,026"
55.0,137.0,"48,616"
55.0,139.0,"82,375"
55.0,141.0,"59,141"
56.0,1.0,"27,052"
56.0,3.0,"52,002"
56.0,5.0,"680,764"
56.0,7.0,"25,402"
56.0,9.0,"389,119"
56.0,11.0,"302,059"
56.0,13.0,"62,042"
56.0,15.0,"145,840"
56.0,17.0,"14,072"
56.0,19.0,"358,635"
56.0,21.0,"226,331"
56.0,23.0,"23,281"
56.0,25.0,"291,119"
56.0,27.0,"278,750"
56.0,29.0,"53,549"
56.0,31.0,"63,868"
56.0,33.0,"90,592"
56.0,35.0,"30,560"
56.0,37.0,"21,135"
56.0,39.0, (D)
56.0,41.0, (D)
56.0,43.0,"10,497"
56.0,45.0,"281,768"
