State ANSI,County ANSI,"AG LAND, CROPLAND - ACRES"
1.0,1.0,"36,890"
1.0,3.0,"110,438"
1.0,5.0,"37,304"
1.0,7.0,"15,823"
1.0,9.0,"43,793"
1.0,11.0,"19,969"
1.0,13.0,"17,717"
1.0,15.0,"28,470"
1.0,17.0,"12,486"
1.0,19.0,"72,801"
1.0,21.0,"21,995"
1.0,23.0,"6,618"
1.0,25.0,"11,181"
1.0,27.0,"12,210"
1.0,29.0,"8,949"
1.0,31.0,"64,258"
1.0,33.0,"85,790"
1.0,35.0,"26,654"
1.0,37.0,"5,157"
1.0,39.0,"54,263"
1.0,41.0,"23,616"
1.0,43.0,"60,878"
1.0,45.0,"52,506"
1.0,47.0,"76,697"
1.0,49.0,"91,495"
1.0,51.0,"34,857"
1.0,53.0,"55,335"
1.0,55.0,"24,753"
1.0,57.0,"20,950"
1.0,59.0,"32,410"
1.0,61.0,"81,700"
1.0,63.0,"20,423"
1.0,65.0,"20,732"
1.0,67.0,"74,181"
1.0,69.0,"85,934"
1.0,71.0,"95,474"
1.0,73.0,"6,991"
1.0,75.0,"12,006"
1.0,77.0,"108,970"
1.0,79.0,"120,799"
1.0,81.0,"8,981"
1.0,83.0,"151,108"
1.0,85.0,"46,465"
1.0,87.0,"40,813"
1.0,89.0,"131,529"
1.0,91.0,"28,043"
1.0,93.0,"20,310"
1.0,95.0,"44,894"
1.0,97.0,"37,655"
1.0,99.0,"42,062"
1.0,101.0,"56,953"
1.0,103.0,"45,885"
1.0,105.0,"41,229"
1.0,107.0,"27,117"
1.0,109.0,"40,591"
1.0,111.0,"19,723"
1.0,113.0,"31,151"
1.0,115.0,"14,424"
1.0,117.0,"26,226"
1.0,119.0,"31,110"
1.0,121.0,"29,984"
1.0,123.0,"8,540"
1.0,125.0,"23,491"
1.0,127.0,"15,954"
1.0,129.0,"22,306"
1.0,131.0,"26,871"
1.0,133.0,"11,895"
2.0,13.0,"1,074"
,,
2.0,20.0,"15,585"
,,
,,
,,
,,
2.0,90.0,"63,226"
,,
,,
2.0,110.0,51
2.0,122.0,"3,796"
,,
,,
,,
,,
,,
,,
,,
,,
,,
,,
,,
,,
,,
,,
,,
,,
,,
4.0,1.0,"30,354"
4.0,3.0,"152,855"
4.0,5.0,"6,914"
4.0,7.0,"2,312"
4.0,9.0,"52,368"
4.0,11.0,"4,954"
4.0,12.0,"102,644"
4.0,13.0,"257,187"
4.0,15.0,"30,724"
4.0,17.0,"66,007"
4.0,19.0,"40,729"
4.0,21.0,"294,103"
4.0,23.0,"3,182"
4.0,25.0,"8,037"
4.0,27.0,"234,278"
5.0,1.0,"358,999"
5.0,3.0,"103,931"
5.0,5.0,"13,279"
5.0,7.0,"72,902"
5.0,9.0,"42,283"
5.0,11.0,"6,188"
5.0,13.0,"3,078"
5.0,15.0,"54,566"
5.0,17.0,"273,282"
5.0,19.0,"29,620"
5.0,21.0,"258,170"
5.0,23.0,"29,223"
5.0,25.0,"6,685"
5.0,27.0,"12,110"
5.0,29.0,"79,868"
5.0,31.0,"293,501"
5.0,33.0,"52,158"
5.0,35.0,"292,544"
5.0,37.0,"251,765"
5.0,39.0,"4,165"
5.0,41.0,"279,098"
5.0,43.0,"77,019"
5.0,45.0,"69,964"
5.0,47.0,"56,457"
5.0,49.0,"27,524"
5.0,51.0,"8,214"
5.0,53.0,"7,563"
5.0,55.0,"214,664"
5.0,57.0,"51,514"
5.0,59.0,"20,390"
5.0,61.0,"34,498"
5.0,63.0,"83,433"
5.0,65.0,"31,737"
5.0,67.0,"243,413"
5.0,69.0,"253,355"
5.0,71.0,"38,837"
5.0,73.0,"67,718"
5.0,75.0,"204,129"
5.0,77.0,"246,706"
5.0,79.0,"161,489"
5.0,81.0,"58,160"
5.0,83.0,"63,009"
5.0,85.0,"284,946"
5.0,87.0,"60,717"
5.0,89.0,"23,208"
5.0,91.0,"58,178"
5.0,93.0,"469,286"
5.0,95.0,"188,960"
5.0,97.0,"22,436"
5.0,99.0,"21,507"
5.0,101.0,"14,597"
5.0,103.0,"5,437"
5.0,105.0,"31,676"
5.0,107.0,"355,288"
5.0,109.0,"23,054"
5.0,111.0,"298,820"
5.0,113.0,"37,600"
5.0,115.0,"56,802"
5.0,117.0,"213,099"
5.0,119.0,"44,595"
5.0,121.0,"104,279"
5.0,123.0,"231,511"
5.0,125.0,"12,805"
5.0,127.0,"25,942"
5.0,129.0,"30,075"
5.0,131.0,"29,063"
5.0,133.0,"30,023"
5.0,135.0,"30,101"
5.0,137.0,"31,226"
5.0,139.0,"8,178"
5.0,141.0,"21,616"
5.0,143.0,"85,129"
5.0,145.0,"153,217"
5.0,147.0,"227,979"
5.0,149.0,"57,389"
6.0,1.0,"17,276"
6.0,3.0, (D)
6.0,5.0,"14,646"
6.0,7.0,"214,211"
6.0,9.0,"14,848"
6.0,11.0,"277,474"
6.0,13.0,"41,481"
6.0,15.0,"7,878"
6.0,17.0,"8,420"
6.0,19.0,"1,142,664"
6.0,21.0,"265,050"
6.0,23.0,"20,618"
6.0,25.0,"504,037"
6.0,27.0,"13,579"
6.0,29.0,"954,059"
6.0,31.0,"488,461"
6.0,33.0,"20,079"
6.0,35.0,"56,281"
6.0,37.0,"29,624"
6.0,39.0,"346,133"
6.0,41.0,"13,744"
6.0,43.0,"5,824"
6.0,45.0,"64,296"
6.0,47.0,"546,460"
6.0,49.0,"159,907"
6.0,51.0,"7,913"
6.0,53.0,"366,709"
6.0,55.0,"67,701"
6.0,57.0,"4,816"
6.0,59.0,"9,564"
6.0,61.0,"28,496"
6.0,63.0,"29,207"
6.0,65.0,"179,739"
6.0,67.0,"118,773"
6.0,69.0,"35,577"
6.0,71.0,"29,305"
6.0,73.0,"64,080"
6.0,75.0, (D)
6.0,77.0,"524,356"
6.0,79.0,"246,361"
6.0,81.0,"6,891"
6.0,83.0,"146,259"
6.0,85.0,"34,273"
6.0,87.0,"23,470"
6.0,89.0,"38,941"
6.0,91.0,"3,697"
6.0,93.0,"142,837"
6.0,95.0,"152,139"
6.0,97.0,"129,883"
6.0,99.0,"404,702"
6.0,101.0,"257,339"
6.0,103.0,"77,153"
6.0,105.0,"1,737"
6.0,107.0,"721,368"
6.0,109.0,"1,519"
6.0,111.0,"123,361"
6.0,113.0,"312,775"
6.0,115.0,"79,314"
8.0,1.0,"586,828"
8.0,3.0,"81,082"
8.0,5.0,"136,849"
8.0,7.0,"12,532"
8.0,9.0,"742,370"
8.0,11.0,"93,280"
8.0,13.0,"38,128"
8.0,14.0,"7,695"
8.0,15.0,"17,150"
8.0,17.0,"599,063"
8.0,19.0,924
8.0,21.0,"131,453"
8.0,23.0,"50,567"
8.0,25.0,"30,995"
8.0,27.0,"28,989"
8.0,29.0,"69,393"
8.0,31.0,43
8.0,33.0,"69,871"
8.0,35.0,"26,536"
8.0,37.0,"15,360"
8.0,39.0,"189,920"
8.0,41.0,"51,531"
8.0,43.0,"15,097"
8.0,45.0,"77,405"
8.0,47.0,484
8.0,49.0,"36,525"
8.0,51.0,"49,344"
8.0,53.0,"1,067"
8.0,55.0,"19,449"
8.0,57.0,"67,437"
8.0,59.0,"5,446"
8.0,61.0,"676,329"
8.0,63.0,"890,703"
8.0,65.0,530
8.0,67.0,"89,669"
8.0,69.0,"98,639"
8.0,71.0,"75,578"
8.0,73.0,"588,312"
8.0,75.0,"562,650"
8.0,77.0,"79,815"
8.0,79.0,742
8.0,81.0,"123,447"
8.0,83.0,"117,243"
8.0,85.0,"65,605"
8.0,87.0,"340,373"
8.0,89.0,"78,064"
8.0,91.0,"8,624"
8.0,93.0,"11,163"
8.0,95.0,"384,426"
8.0,97.0,"5,902"
8.0,99.0,"525,180"
8.0,101.0,"72,025"
8.0,103.0,"43,663"
8.0,105.0,"109,145"
8.0,107.0,"80,958"
8.0,109.0,"132,699"
,,
8.0,113.0,"14,259"
8.0,115.0,"228,063"
8.0,117.0,"6,768"
8.0,119.0,"5,573"
8.0,121.0,"836,159"
8.0,123.0,"922,979"
8.0,125.0,"628,161"
9.0,1.0,"4,562"
9.0,3.0,"26,209"
9.0,5.0,"37,395"
9.0,7.0,"6,474"
9.0,9.0,"11,448"
9.0,11.0,"23,921"
9.0,13.0,"16,231"
9.0,15.0,"22,369"
10.0,1.0,"155,657"
10.0,3.0,"53,732"
10.0,5.0,"242,822"
12.0,1.0,"55,874"
,,
12.0,3.0,"3,600"
12.0,5.0,"4,583"
12.0,7.0,"12,883"
12.0,9.0,"20,987"
12.0,11.0,"1,634"
12.0,13.0,"25,439"
12.0,15.0,"18,547"
12.0,17.0,"9,558"
12.0,19.0,"4,669"
12.0,21.0,"82,705"
12.0,23.0,"33,561"
12.0,27.0,"73,476"
12.0,29.0,"16,254"
12.0,31.0,"5,925"
12.0,33.0,"33,121"
12.0,35.0,"5,796"
12.0,37.0,63
12.0,39.0,"19,417"
12.0,41.0,"42,045"
12.0,43.0,"43,938"
12.0,45.0,"1,569"
12.0,47.0,"33,599"
12.0,49.0,"68,273"
12.0,51.0,"203,451"
12.0,53.0,"8,193"
12.0,55.0,"87,556"
12.0,57.0,"76,318"
12.0,59.0,"36,298"
12.0,61.0,"55,459"
12.0,63.0,"152,326"
12.0,65.0,"35,584"
12.0,67.0,"32,441"
12.0,69.0,"43,456"
12.0,71.0,"22,181"
12.0,73.0,"7,582"
12.0,75.0,"79,050"
12.0,77.0,"1,414"
12.0,79.0,"47,450"
12.0,81.0,"71,172"
12.0,83.0,"79,343"
12.0,85.0,"49,573"
12.0,86.0,"55,206"
12.0,87.0,92
12.0,89.0,"4,624"
12.0,91.0,"13,694"
12.0,93.0,"42,198"
12.0,95.0,"15,660"
12.0,97.0,"40,202"
12.0,99.0,"438,911"
12.0,101.0,"25,873"
12.0,103.0,684
12.0,105.0,"131,034"
12.0,107.0,"13,525"
12.0,109.0,"17,460"
12.0,111.0,"68,697"
12.0,113.0,"52,828"
12.0,115.0,"11,042"
12.0,117.0,"7,057"
12.0,119.0,"21,260"
12.0,121.0,"78,454"
12.0,123.0,"4,511"
12.0,125.0,"10,268"
12.0,127.0,"25,088"
12.0,129.0,"1,959"
12.0,131.0,"23,103"
12.0,133.0,"16,010"
13.0,1.0,"85,107"
13.0,3.0,"40,785"
13.0,5.0,"38,596"
13.0,7.0,"53,208"
13.0,9.0,"7,951"
13.0,11.0,"12,063"
13.0,13.0,"6,122"
13.0,15.0,"16,941"
13.0,17.0,"22,431"
13.0,19.0,"61,152"
13.0,21.0,"4,073"
13.0,23.0,"23,187"
13.0,25.0,"5,735"
13.0,27.0,"91,645"
13.0,29.0,"3,541"
13.0,31.0,"126,113"
13.0,33.0,"123,258"
13.0,35.0,"6,406"
13.0,37.0,"66,325"
13.0,39.0,"2,114"
13.0,43.0,"24,505"
13.0,45.0,"18,238"
13.0,47.0,"7,493"
13.0,49.0,"2,297"
13.0,51.0,"1,707"
13.0,53.0,59
13.0,55.0,"15,857"
13.0,57.0,"6,567"
13.0,59.0,"1,557"
13.0,61.0,"23,015"
13.0,63.0,165
13.0,65.0,"8,927"
13.0,67.0,444
13.0,69.0,"103,480"
13.0,71.0,"120,809"
13.0,73.0,"3,378"
13.0,75.0,"48,891"
13.0,77.0,"12,525"
13.0,79.0,"10,739"
13.0,81.0,"66,925"
13.0,83.0,"4,772"
13.0,85.0,"3,898"
13.0,87.0,"133,418"
13.0,89.0,35
13.0,91.0,"36,331"
13.0,93.0,"121,172"
13.0,95.0,"24,049"
13.0,97.0,"1,918"
13.0,99.0,"79,977"
13.0,101.0,"9,160"
13.0,103.0,"28,416"
13.0,105.0,"19,190"
13.0,107.0,"45,685"
13.0,109.0,"14,389"
13.0,111.0,"3,967"
13.0,113.0,"3,483"
13.0,115.0,"21,712"
13.0,117.0,"5,292"
13.0,119.0,"21,007"
13.0,121.0,"2,171"
13.0,123.0,"6,890"
13.0,125.0,"6,066"
13.0,127.0,203
13.0,129.0,"29,771"
13.0,131.0,"69,647"
13.0,133.0,"9,002"
13.0,135.0,"3,005"
13.0,137.0,"9,748"
13.0,139.0,"13,751"
13.0,141.0,"5,720"
13.0,143.0,"7,735"
13.0,145.0,"12,213"
13.0,147.0,"26,126"
13.0,149.0,"7,635"
13.0,151.0,"3,385"
13.0,153.0,"18,278"
13.0,155.0,"73,332"
13.0,157.0,"19,808"
13.0,159.0,"7,983"
13.0,161.0,"46,327"
13.0,163.0,"69,677"
13.0,165.0,"33,403"
13.0,167.0,"25,041"
13.0,169.0,"7,132"
13.0,171.0,"10,155"
13.0,173.0,"25,387"
13.0,175.0,"42,701"
13.0,177.0,"60,112"
13.0,179.0,997
13.0,181.0,"3,311"
13.0,183.0,"3,025"
13.0,185.0,"24,409"
13.0,187.0,"6,908"
13.0,189.0,"10,955"
13.0,191.0,"1,038"
13.0,193.0,"59,515"
13.0,195.0,"23,012"
13.0,197.0,"14,414"
13.0,199.0,"13,851"
13.0,201.0,"54,579"
13.0,205.0,"121,814"
13.0,207.0,"5,587"
13.0,209.0,"22,490"
13.0,211.0,"25,986"
13.0,213.0,"11,879"
13.0,215.0,"2,915"
13.0,217.0,"8,549"
13.0,219.0,"7,913"
13.0,221.0,"17,913"
13.0,223.0,"4,066"
13.0,225.0,"33,818"
13.0,227.0,"4,047"
13.0,229.0,"47,611"
13.0,231.0,"8,568"
13.0,233.0,"28,651"
13.0,235.0,"28,818"
13.0,237.0,"14,721"
13.0,239.0,"4,196"
13.0,241.0,"3,101"
13.0,243.0,"66,272"
13.0,245.0,"4,145"
13.0,247.0,978
13.0,249.0,"8,489"
13.0,251.0,"80,867"
13.0,253.0,"79,458"
13.0,255.0,"4,812"
13.0,257.0,"4,780"
13.0,259.0,"7,635"
13.0,261.0,"96,717"
13.0,263.0,"4,830"
13.0,265.0,"2,157"
13.0,267.0,"52,461"
13.0,269.0,"20,198"
13.0,271.0,"17,520"
13.0,273.0,"88,184"
13.0,275.0,"85,294"
13.0,277.0,"76,987"
13.0,279.0,"39,400"
13.0,281.0,"2,037"
13.0,283.0,"11,506"
13.0,285.0,"6,420"
13.0,287.0,"58,168"
13.0,289.0,"14,002"
13.0,291.0,"7,332"
13.0,293.0,"9,496"
13.0,295.0,"26,126"
13.0,297.0,"13,445"
13.0,299.0,"22,592"
13.0,301.0,"11,325"
13.0,303.0,"35,138"
13.0,305.0,"20,289"
13.0,307.0,"33,284"
13.0,309.0,"7,293"
13.0,311.0,"6,215"
13.0,313.0,"9,093"
13.0,315.0,"54,132"
13.0,317.0,"18,851"
13.0,319.0,"11,044"
13.0,321.0,"129,899"
15.0,1.0,"82,295"
15.0,3.0,"23,067"
,,
15.0,7.0,"29,262"
15.0,9.0,"56,551"
16.0,1.0,"62,860"
16.0,3.0,"16,912"
16.0,5.0,"181,486"
16.0,7.0,"108,279"
16.0,9.0,"82,097"
16.0,11.0,"397,718"
16.0,13.0,"52,106"
16.0,15.0,"1,740"
16.0,17.0,"32,849"
16.0,19.0,"260,589"
16.0,21.0,"44,491"
16.0,23.0,"78,610"
16.0,25.0,"98,550"
16.0,27.0,"219,414"
16.0,29.0,"217,111"
16.0,31.0,"385,007"
16.0,33.0,"40,726"
16.0,35.0,"24,789"
16.0,37.0,"49,688"
16.0,39.0,"148,873"
16.0,41.0,"132,085"
16.0,43.0,"171,002"
16.0,45.0,"28,323"
16.0,47.0,"125,264"
16.0,49.0,"180,642"
16.0,51.0,"228,278"
16.0,53.0,"134,555"
16.0,55.0,"62,242"
16.0,57.0,"254,711"
16.0,59.0,"46,419"
16.0,61.0,"151,108"
16.0,63.0,"84,910"
16.0,65.0,"159,995"
16.0,67.0,"242,569"
16.0,69.0,"233,792"
16.0,71.0,"151,329"
16.0,73.0,"137,780"
16.0,75.0,"57,361"
16.0,77.0,"381,427"
16.0,79.0,633
16.0,81.0,"84,385"
16.0,83.0,"257,344"
16.0,85.0,"4,276"
16.0,87.0,"80,351"
17.0,1.0,"382,809"
17.0,3.0,"43,073"
17.0,5.0,"149,841"
17.0,7.0,"106,043"
17.0,9.0,"88,173"
17.0,11.0,"408,184"
17.0,13.0,"68,694"
17.0,15.0,"210,029"
17.0,17.0,"169,820"
17.0,19.0,"566,389"
17.0,21.0,"382,573"
17.0,23.0,"227,699"
17.0,25.0,"258,700"
17.0,27.0,"214,880"
17.0,29.0,"219,856"
17.0,31.0,"10,763"
17.0,33.0,"193,454"
17.0,35.0,"145,698"
17.0,37.0,"362,602"
17.0,39.0,"177,076"
17.0,41.0,"236,634"
17.0,43.0,"1,643"
17.0,45.0,"299,471"
17.0,47.0,"98,585"
17.0,49.0,"260,693"
17.0,51.0,"297,846"
17.0,53.0,"262,743"
17.0,55.0,"148,811"
17.0,57.0,"305,497"
17.0,59.0,"161,336"
17.0,61.0,"257,831"
17.0,63.0,"224,916"
17.0,65.0,"174,396"
17.0,67.0,"378,185"
17.0,69.0,"21,201"
17.0,71.0,"165,133"
17.0,73.0,"440,794"
17.0,75.0,"655,873"
17.0,77.0,"176,757"
17.0,79.0,"218,747"
17.0,81.0,"222,563"
17.0,83.0,"152,145"
17.0,85.0,"202,143"
17.0,87.0,"55,766"
17.0,89.0,"161,894"
17.0,91.0,"300,446"
17.0,93.0,"133,626"
17.0,95.0,"355,450"
17.0,97.0,"23,883"
17.0,99.0,"545,372"
17.0,101.0,"205,546"
17.0,103.0,"374,374"
17.0,105.0,"581,336"
17.0,107.0,"338,070"
17.0,109.0,"272,539"
17.0,111.0,"189,679"
17.0,113.0,"599,923"
17.0,115.0,"267,950"
17.0,117.0,"355,347"
17.0,119.0,"287,787"
17.0,121.0,"203,675"
17.0,123.0,"180,681"
17.0,125.0,"289,261"
17.0,127.0,"95,531"
17.0,129.0,"139,020"
17.0,131.0,"247,317"
17.0,133.0,"151,019"
17.0,135.0,"398,142"
17.0,137.0,"265,152"
17.0,139.0,"194,929"
17.0,141.0,"326,755"
17.0,143.0,"216,260"
17.0,145.0,"153,514"
17.0,147.0,"251,190"
17.0,149.0,"342,907"
17.0,151.0,"30,878"
17.0,153.0,"83,055"
17.0,155.0,"43,680"
17.0,157.0,"216,508"
17.0,159.0,"158,227"
17.0,161.0,"132,355"
17.0,163.0,"218,849"
17.0,165.0,"122,313"
17.0,167.0,"496,785"
17.0,169.0,"153,839"
17.0,171.0,"131,814"
17.0,173.0,"325,665"
17.0,175.0,"169,228"
17.0,177.0,"277,856"
17.0,179.0,"282,185"
17.0,181.0,"110,655"
17.0,183.0,"443,698"
17.0,185.0,"105,575"
17.0,187.0,"301,432"
17.0,189.0,"325,708"
17.0,191.0,"319,637"
17.0,193.0,"256,757"
17.0,195.0,"340,355"
17.0,197.0,"208,158"
17.0,199.0,"73,251"
17.0,201.0,"161,005"
17.0,203.0,"258,978"
18.0,1.0,"194,386"
18.0,3.0,"249,509"
18.0,5.0,"142,214"
18.0,7.0,"246,360"
18.0,9.0,"86,315"
18.0,11.0,"219,906"
18.0,13.0,"5,737"
18.0,15.0,"213,426"
18.0,17.0,"182,729"
18.0,19.0,"68,601"
18.0,21.0,"139,110"
18.0,23.0,"238,786"
18.0,25.0,"18,660"
18.0,27.0,"193,193"
18.0,29.0,"29,826"
18.0,31.0,"179,208"
18.0,33.0,"140,136"
18.0,35.0,"157,627"
18.0,37.0,"133,395"
18.0,39.0,"146,466"
18.0,41.0,"72,207"
18.0,43.0,"13,838"
18.0,45.0,"187,354"
18.0,47.0,"92,172"
18.0,49.0,"197,481"
18.0,51.0,"203,091"
18.0,53.0,"181,399"
18.0,55.0,"124,174"
18.0,57.0,"117,445"
18.0,59.0,"161,238"
18.0,61.0,"100,679"
18.0,63.0,"141,477"
18.0,65.0,"151,901"
18.0,67.0,"138,046"
18.0,69.0,"181,427"
18.0,71.0,"155,928"
18.0,73.0,"251,565"
18.0,75.0,"190,321"
18.0,77.0,"66,906"
18.0,79.0,"91,142"
18.0,81.0,"121,977"
18.0,83.0,"289,932"
18.0,85.0,"229,746"
18.0,87.0,"144,137"
18.0,89.0,"106,022"
18.0,91.0,"229,986"
18.0,93.0,"82,331"
18.0,95.0,"197,962"
18.0,97.0,"15,479"
18.0,99.0,"177,259"
18.0,101.0,"35,275"
18.0,103.0,"175,101"
18.0,105.0,"22,246"
18.0,107.0,"260,005"
18.0,109.0,"111,382"
18.0,111.0,"161,348"
18.0,113.0,"172,337"
18.0,115.0,"11,079"
18.0,117.0,"72,223"
18.0,119.0,"73,571"
18.0,121.0,"139,945"
18.0,123.0,"42,161"
18.0,125.0,"63,345"
18.0,127.0,"114,702"
18.0,129.0,"175,222"
18.0,131.0,"217,733"
18.0,133.0,"140,435"
18.0,135.0,"224,483"
18.0,137.0,"132,104"
18.0,139.0,"195,497"
18.0,141.0,"133,830"
18.0,143.0,"45,693"
18.0,145.0,"207,442"
18.0,147.0,"133,517"
18.0,149.0,"130,583"
18.0,151.0,"101,665"
18.0,153.0,"139,558"
18.0,155.0,"27,797"
18.0,157.0,"196,970"
18.0,159.0,"155,938"
18.0,161.0,"70,965"
18.0,163.0,"60,995"
18.0,165.0,"104,367"
18.0,167.0,"100,878"
18.0,169.0,"190,281"
18.0,171.0,"167,915"
18.0,173.0,"86,405"
18.0,175.0,"147,048"
18.0,177.0,"131,488"
18.0,179.0,"215,386"
18.0,181.0,"266,451"
18.0,183.0,"154,095"
19.0,1.0,"261,525"
19.0,3.0,"174,101"
19.0,5.0,"188,834"
19.0,7.0,"108,260"
19.0,9.0,"253,353"
19.0,11.0,"384,167"
19.0,13.0,"275,599"
19.0,15.0,"288,726"
19.0,17.0,"240,844"
19.0,19.0,"309,532"
19.0,21.0,"334,859"
19.0,23.0,"333,476"
19.0,25.0,"334,002"
19.0,27.0,"319,539"
19.0,29.0,"241,915"
19.0,31.0,"307,849"
19.0,33.0,"305,223"
19.0,35.0,"299,429"
19.0,37.0,"269,201"
19.0,39.0,"112,241"
19.0,41.0,"306,817"
19.0,43.0,"305,462"
19.0,45.0,"358,889"
19.0,47.0,"391,027"
19.0,49.0,"257,558"
19.0,51.0,"121,756"
19.0,53.0,"142,639"
19.0,55.0,"321,560"
19.0,57.0,"143,857"
19.0,59.0,"176,488"
19.0,61.0,"258,498"
19.0,63.0,"211,870"
19.0,65.0,"337,560"
19.0,67.0,"286,289"
19.0,69.0,"330,040"
19.0,71.0,"247,195"
19.0,73.0,"322,982"
19.0,75.0,"296,252"
19.0,77.0,"268,434"
19.0,79.0,"296,211"
19.0,81.0,"334,932"
19.0,83.0,"310,618"
19.0,85.0,"336,227"
19.0,87.0,"213,754"
19.0,89.0,"273,650"
19.0,91.0,"230,807"
19.0,93.0,"239,250"
19.0,95.0,"283,425"
19.0,97.0,"228,436"
19.0,99.0,"319,993"
19.0,101.0,"170,391"
19.0,103.0,"264,857"
19.0,105.0,"285,948"
19.0,107.0,"262,909"
19.0,109.0,"573,419"
19.0,111.0,"166,439"
19.0,113.0,"284,575"
19.0,115.0,"165,329"
19.0,117.0,"106,942"
19.0,119.0,"318,213"
19.0,121.0,"179,266"
19.0,123.0,"262,888"
19.0,125.0,"195,722"
19.0,127.0,"289,604"
19.0,129.0,"188,905"
19.0,131.0,"271,963"
19.0,133.0,"293,163"
19.0,135.0,"113,909"
19.0,137.0,"213,191"
19.0,139.0,"187,423"
19.0,141.0,"294,015"
19.0,143.0,"224,969"
19.0,145.0,"272,595"
19.0,147.0,"329,418"
19.0,149.0,"452,619"
19.0,151.0,"319,496"
19.0,153.0,"173,854"
19.0,155.0,"465,156"
19.0,157.0,"293,662"
19.0,159.0,"208,921"
19.0,161.0,"330,692"
19.0,163.0,"201,724"
19.0,165.0,"343,507"
19.0,167.0,"453,455"
19.0,169.0,"284,215"
19.0,171.0,"362,156"
19.0,173.0,"225,275"
19.0,175.0,"176,619"
19.0,177.0,"139,752"
19.0,179.0,"152,967"
19.0,181.0,"181,717"
19.0,183.0,"263,705"
19.0,185.0,"201,810"
19.0,187.0,"387,112"
19.0,189.0,"234,470"
19.0,191.0,"322,614"
19.0,193.0,"395,591"
19.0,195.0,"223,105"
19.0,197.0,"340,562"
20.0,1.0,"133,036"
20.0,3.0,"242,149"
20.0,5.0,"174,297"
20.0,7.0,"236,520"
20.0,9.0,"425,271"
20.0,11.0,"132,043"
20.0,13.0,"258,601"
20.0,15.0,"323,535"
20.0,17.0,"65,273"
20.0,19.0,"41,580"
20.0,21.0,"234,945"
20.0,23.0,"340,729"
20.0,25.0,"156,196"
20.0,27.0,"259,735"
20.0,29.0,"203,186"
20.0,31.0,"218,978"
20.0,33.0,"152,257"
20.0,35.0,"232,858"
20.0,37.0,"208,447"
20.0,39.0,"254,299"
20.0,41.0,"364,449"
20.0,43.0,"144,927"
20.0,45.0,"159,261"
20.0,47.0,"275,129"
20.0,49.0,"56,854"
20.0,51.0,"270,447"
20.0,53.0,"200,028"
20.0,55.0,"679,472"
20.0,57.0,"529,171"
20.0,59.0,"222,549"
20.0,61.0,"65,137"
20.0,63.0,"362,338"
20.0,65.0,"278,664"
20.0,67.0,"304,628"
20.0,69.0,"439,359"
20.0,71.0,"437,185"
20.0,73.0,"112,385"
20.0,75.0,"435,412"
20.0,77.0,"337,055"
20.0,79.0,"297,922"
20.0,81.0,"320,883"
20.0,83.0,"319,917"
20.0,85.0,"168,631"
20.0,87.0,"153,276"
20.0,89.0,"293,527"
20.0,91.0,"56,386"
20.0,93.0,"415,995"
20.0,95.0,"316,502"
20.0,97.0,"256,307"
20.0,99.0,"220,245"
20.0,101.0,"311,408"
20.0,103.0,"112,032"
20.0,105.0,"199,561"
20.0,107.0,"156,904"
20.0,109.0,"340,074"
20.0,111.0,"267,510"
20.0,113.0,"415,521"
20.0,115.0,"334,705"
20.0,117.0,"361,473"
20.0,119.0,"331,600"
20.0,121.0,"181,564"
20.0,123.0,"297,836"
20.0,125.0,"202,893"
20.0,127.0,"170,721"
20.0,129.0,"330,988"
20.0,131.0,"286,088"
20.0,133.0,"169,925"
20.0,135.0,"404,621"
20.0,137.0,"284,007"
20.0,139.0,"252,612"
20.0,141.0,"228,625"
20.0,143.0,"242,208"
20.0,145.0,"397,884"
20.0,147.0,"254,143"
20.0,149.0,"158,694"
20.0,151.0,"366,455"
20.0,153.0,"355,965"
20.0,155.0,"590,749"
20.0,157.0,"269,090"
20.0,159.0,"366,052"
20.0,161.0,"106,110"
20.0,163.0,"320,219"
20.0,165.0,"323,167"
20.0,167.0,"263,324"
20.0,169.0,"223,309"
20.0,171.0,"365,676"
20.0,173.0,"408,872"
20.0,175.0,"263,690"
20.0,177.0,"126,486"
20.0,179.0,"358,454"
20.0,181.0,"491,609"
20.0,183.0,"363,167"
20.0,185.0,"392,975"
20.0,187.0,"396,108"
20.0,189.0,"369,963"
20.0,191.0,"630,322"
20.0,193.0,"569,530"
20.0,195.0,"276,338"
20.0,197.0,"114,241"
20.0,199.0,"303,121"
20.0,201.0,"336,673"
20.0,203.0,"367,854"
20.0,205.0,"180,178"
20.0,207.0,"135,418"
20.0,209.0,"8,817"
21.0,1.0,"76,836"
21.0,3.0,"74,231"
21.0,5.0,"29,055"
21.0,7.0,"75,295"
21.0,9.0,"141,417"
21.0,11.0,"46,737"
21.0,13.0,"3,409"
21.0,15.0,"36,559"
21.0,17.0,"74,887"
21.0,19.0,"3,528"
21.0,21.0,"36,759"
21.0,23.0,"32,444"
21.0,25.0,"3,590"
21.0,27.0,"126,792"
21.0,29.0,"19,329"
21.0,31.0,"75,630"
21.0,33.0,"86,529"
21.0,35.0,"102,529"
21.0,37.0,"15,878"
21.0,39.0,"73,119"
21.0,41.0,"17,857"
21.0,43.0,"23,391"
21.0,45.0,"65,377"
21.0,47.0,"245,761"
21.0,49.0,"66,359"
21.0,51.0,"8,283"
21.0,53.0,"23,805"
21.0,55.0,"79,223"
21.0,57.0,"22,566"
21.0,59.0,"190,812"
21.0,61.0,"38,095"
21.0,63.0,"15,122"
21.0,65.0,"14,247"
21.0,67.0,"33,687"
21.0,69.0,"77,301"
21.0,71.0,"2,053"
21.0,73.0,"29,350"
21.0,75.0,"86,622"
21.0,77.0,"14,213"
21.0,79.0,"56,763"
21.0,81.0,"35,465"
21.0,83.0,"194,771"
21.0,85.0,"95,299"
21.0,87.0,"76,140"
21.0,89.0,"18,966"
21.0,91.0,"21,398"
21.0,93.0,"109,575"
21.0,95.0,465
21.0,97.0,"71,208"
21.0,99.0,"73,759"
21.0,101.0,"156,797"
21.0,103.0,"65,247"
21.0,105.0,"103,868"
21.0,107.0,"91,022"
21.0,109.0,"26,110"
21.0,111.0,"7,572"
21.0,113.0,"32,354"
21.0,115.0,"3,802"
21.0,117.0,"15,921"
21.0,119.0,568
21.0,121.0,"11,986"
21.0,123.0,"67,671"
21.0,125.0,"35,086"
21.0,127.0,"7,943"
21.0,129.0,"8,531"
21.0,131.0,218
21.0,133.0,418
21.0,135.0,"41,746"
21.0,137.0,"68,970"
21.0,139.0,"61,645"
21.0,141.0,"195,196"
21.0,143.0,"17,625"
21.0,145.0,"50,591"
21.0,147.0,"3,782"
21.0,149.0,"108,090"
21.0,151.0,"74,790"
21.0,153.0,"7,072"
21.0,155.0,"85,208"
21.0,157.0,"52,889"
21.0,159.0,"2,308"
21.0,161.0,"68,700"
21.0,163.0,"80,352"
21.0,165.0,"8,188"
21.0,167.0,"59,668"
21.0,169.0,"58,573"
21.0,171.0,"61,118"
21.0,173.0,"41,024"
21.0,175.0,"23,194"
21.0,177.0,"69,285"
21.0,179.0,"114,006"
21.0,181.0,"39,376"
21.0,183.0,"86,351"
21.0,185.0,"21,330"
21.0,187.0,"61,679"
21.0,189.0,"10,276"
21.0,191.0,"38,222"
21.0,193.0,"5,587"
21.0,195.0,"3,353"
21.0,197.0,"9,577"
21.0,199.0,"100,251"
21.0,201.0,"14,510"
21.0,203.0,"27,756"
21.0,205.0,"13,145"
21.0,207.0,"42,215"
21.0,209.0,"56,109"
21.0,211.0,"124,417"
21.0,213.0,"88,257"
21.0,215.0,"34,840"
21.0,217.0,"61,098"
21.0,219.0,"127,476"
21.0,221.0,"75,939"
21.0,223.0,"30,365"
21.0,225.0,"172,754"
21.0,227.0,"156,648"
21.0,229.0,"67,509"
21.0,231.0,"34,528"
21.0,233.0,"122,953"
21.0,235.0,"20,172"
21.0,237.0,"10,172"
21.0,239.0,"41,963"
22.0,1.0,"207,897"
22.0,3.0,"46,358"
22.0,5.0,"26,281"
22.0,7.0,"86,503"
22.0,9.0,"201,126"
22.0,11.0,"39,078"
22.0,13.0,"10,023"
22.0,15.0,"34,046"
22.0,17.0,"84,727"
22.0,19.0,"77,529"
22.0,21.0,"21,841"
22.0,23.0,"50,879"
22.0,25.0,"145,703"
22.0,27.0,"12,938"
22.0,29.0,"206,498"
22.0,31.0,"28,282"
22.0,33.0,"13,428"
22.0,35.0,"193,359"
22.0,37.0,"24,671"
22.0,39.0,"113,543"
22.0,41.0,"178,360"
22.0,43.0,"16,961"
22.0,45.0,"88,195"
22.0,47.0,"76,832"
22.0,49.0,"3,176"
22.0,51.0,511
22.0,53.0,"167,734"
22.0,55.0,"29,857"
22.0,57.0,"58,597"
22.0,59.0,"4,499"
22.0,61.0,"14,845"
22.0,63.0,"5,824"
22.0,65.0,"190,876"
22.0,67.0,"196,091"
22.0,69.0,"81,120"
22.0,71.0,43
22.0,73.0,"48,988"
22.0,75.0,"8,004"
22.0,77.0,"132,747"
22.0,79.0,"131,761"
22.0,81.0,"26,765"
22.0,83.0,"135,508"
22.0,85.0,"14,856"
22.0,87.0,"2,825"
22.0,89.0,"2,899"
22.0,91.0,"12,210"
22.0,93.0,"45,016"
22.0,95.0,"18,002"
22.0,97.0,"195,211"
22.0,99.0,"63,726"
22.0,101.0,"72,158"
22.0,103.0,"7,742"
22.0,105.0,"29,589"
22.0,107.0,"165,992"
22.0,109.0,"35,769"
22.0,111.0,"19,458"
22.0,113.0,"217,006"
22.0,115.0,"8,133"
22.0,117.0,"30,797"
22.0,119.0,"11,721"
22.0,121.0,"29,838"
22.0,123.0,"111,101"
22.0,125.0,"24,715"
22.0,127.0,"5,075"
23.0,1.0,"24,563"
23.0,3.0,"174,043"
23.0,5.0,"15,275"
23.0,7.0,"11,095"
23.0,9.0,"15,180"
23.0,11.0,"36,537"
23.0,13.0,"9,893"
23.0,15.0,"6,497"
23.0,17.0,"17,451"
23.0,19.0,"41,147"
23.0,21.0,"8,728"
23.0,23.0,"5,223"
23.0,25.0,"35,840"
23.0,27.0,"21,545"
23.0,29.0,"31,204"
23.0,31.0,"18,287"
24.0,1.0,"13,245"
24.0,3.0,"14,551"
24.0,5.0,"50,468"
24.0,9.0,"12,655"
24.0,11.0,"108,968"
24.0,13.0,"109,398"
24.0,15.0,"54,575"
24.0,17.0,"25,990"
24.0,19.0,"96,971"
24.0,21.0,"140,698"
24.0,23.0,"42,660"
24.0,25.0,"51,743"
24.0,27.0,"17,846"
24.0,29.0,"109,188"
24.0,31.0,"48,711"
24.0,33.0,"17,716"
24.0,35.0,"135,821"
24.0,37.0,"36,993"
24.0,39.0,"37,979"
24.0,41.0,"81,105"
24.0,43.0,"82,229"
24.0,45.0,"65,589"
24.0,47.0,"71,572"
,,
25.0,1.0,"1,642"
25.0,3.0,"19,054"
25.0,5.0,"13,005"
25.0,7.0,810
25.0,9.0,"10,958"
25.0,11.0,"24,556"
25.0,13.0,"12,035"
25.0,15.0,"20,237"
25.0,17.0,"12,984"
25.0,19.0,462
25.0,21.0,"3,053"
25.0,23.0,"18,221"
25.0,25.0,17
25.0,27.0,"34,462"
26.0,1.0,"24,086"
26.0,3.0,"9,937"
26.0,5.0,"196,870"
26.0,7.0,"42,206"
26.0,9.0,"34,179"
26.0,11.0,"72,958"
26.0,13.0,"9,511"
26.0,15.0,"119,174"
26.0,17.0,"197,074"
26.0,19.0,"8,706"
26.0,21.0,"123,529"
26.0,23.0,"204,344"
26.0,25.0,"174,553"
26.0,27.0,"163,681"
26.0,29.0,"14,110"
26.0,31.0,"22,124"
26.0,33.0,"53,245"
26.0,35.0,"30,407"
26.0,37.0,"200,898"
26.0,39.0,334
26.0,41.0,"29,049"
26.0,43.0,"8,748"
26.0,45.0,"177,091"
26.0,47.0,"20,548"
26.0,49.0,"104,329"
26.0,51.0,"36,517"
26.0,53.0,"1,825"
26.0,55.0,"36,096"
26.0,57.0,"272,446"
26.0,59.0,"212,346"
26.0,61.0,"13,353"
26.0,63.0,"458,761"
26.0,65.0,"152,247"
26.0,67.0,"200,122"
26.0,69.0,"22,913"
26.0,71.0,"10,638"
26.0,73.0,"174,203"
26.0,75.0,"125,804"
26.0,77.0,"111,842"
26.0,79.0,"16,318"
26.0,81.0,"124,769"
26.0,83.0,84
26.0,85.0,"11,844"
26.0,87.0,"128,679"
26.0,89.0,"29,946"
26.0,91.0,"345,221"
26.0,93.0,"67,218"
26.0,95.0,"4,037"
26.0,97.0,"13,204"
26.0,99.0,"66,628"
26.0,101.0,"19,323"
26.0,103.0,"11,318"
26.0,105.0,"62,996"
26.0,107.0,"81,522"
26.0,109.0,"47,190"
26.0,111.0,"69,899"
26.0,113.0,"88,669"
26.0,115.0,"194,088"
26.0,117.0,"191,937"
26.0,119.0,"16,313"
26.0,121.0,"45,758"
26.0,123.0,"96,749"
26.0,125.0,"17,417"
26.0,127.0,"93,641"
26.0,129.0,"47,739"
26.0,131.0,"12,519"
26.0,133.0,"67,390"
26.0,135.0,"6,516"
26.0,137.0,"17,534"
26.0,139.0,"145,207"
26.0,141.0,"41,011"
26.0,143.0,"2,949"
26.0,145.0,"300,464"
26.0,147.0,"160,322"
26.0,149.0,"212,343"
26.0,151.0,"400,979"
26.0,153.0,"5,892"
26.0,155.0,"187,115"
26.0,157.0,"298,460"
26.0,159.0,"118,101"
26.0,161.0,"150,403"
26.0,163.0,"7,800"
26.0,165.0,"26,164"
27.0,1.0,"54,095"
27.0,3.0,"29,420"
27.0,5.0,"255,999"
27.0,7.0,"79,842"
27.0,9.0,"155,769"
27.0,11.0,"246,358"
27.0,13.0,"355,453"
27.0,15.0,"330,839"
27.0,17.0,"41,339"
27.0,19.0,"136,071"
27.0,21.0,"57,910"
27.0,23.0,"320,528"
27.0,25.0,"82,706"
27.0,27.0,"538,136"
27.0,29.0,"76,106"
27.0,31.0,181
27.0,33.0,"345,460"
27.0,35.0,"41,839"
27.0,37.0,"205,444"
27.0,39.0,"231,948"
27.0,41.0,"205,324"
27.0,43.0,"388,946"
27.0,45.0,"287,633"
27.0,47.0,"374,911"
27.0,49.0,"325,761"
27.0,51.0,"302,999"
27.0,53.0,"36,623"
27.0,55.0,"125,785"
27.0,57.0,"53,391"
27.0,59.0,"96,253"
27.0,61.0,"36,637"
27.0,63.0,"335,524"
27.0,65.0,"66,162"
27.0,67.0,"402,756"
27.0,69.0,"408,591"
27.0,71.0,"28,160"
27.0,73.0,"375,245"
27.0,75.0,"1,407"
27.0,77.0,"67,779"
27.0,79.0,"224,188"
27.0,81.0,"269,765"
27.0,83.0,"366,313"
27.0,85.0,"248,863"
27.0,87.0,"186,284"
27.0,89.0,"824,103"
27.0,91.0,"434,319"
27.0,93.0,"262,081"
27.0,95.0,"86,918"
27.0,97.0,"232,790"
27.0,99.0,"420,938"
27.0,101.0,"362,578"
27.0,103.0,"249,513"
27.0,105.0,"392,313"
27.0,107.0,"498,943"
27.0,109.0,"239,087"
27.0,111.0,"576,163"
27.0,113.0,"249,201"
27.0,115.0,"81,694"
27.0,117.0,"210,561"
27.0,119.0,"938,528"
27.0,121.0,"280,326"
27.0,123.0,434
27.0,125.0,"189,347"
27.0,127.0,"494,893"
27.0,129.0,"598,247"
27.0,131.0,"192,613"
27.0,133.0,"266,434"
27.0,135.0,"463,108"
27.0,137.0,"67,103"
27.0,139.0,"97,972"
27.0,141.0,"78,462"
27.0,143.0,"326,640"
27.0,145.0,"515,928"
27.0,147.0,"233,482"
27.0,149.0,"308,002"
27.0,151.0,"316,378"
27.0,153.0,"210,494"
27.0,155.0,"350,906"
27.0,157.0,"175,836"
27.0,159.0,"75,336"
27.0,161.0,"231,047"
27.0,163.0,"57,763"
27.0,165.0,"241,120"
27.0,167.0,"414,596"
27.0,169.0,"180,797"
27.0,171.0,"203,685"
27.0,173.0,"355,334"
28.0,1.0,"21,757"
28.0,3.0,"39,407"
28.0,5.0,"19,314"
28.0,7.0,"22,115"
28.0,9.0,"25,579"
28.0,11.0,"374,606"
28.0,13.0,"73,774"
28.0,15.0,"71,934"
28.0,17.0,"92,417"
28.0,19.0,"10,532"
28.0,21.0,"18,760"
28.0,23.0,"9,472"
28.0,25.0,"30,613"
28.0,27.0,"237,455"
28.0,29.0,"22,498"
28.0,31.0,"17,031"
28.0,33.0,"74,183"
28.0,35.0,"10,709"
28.0,37.0,"6,873"
28.0,39.0,"24,461"
28.0,41.0,"8,974"
28.0,43.0,"21,169"
28.0,45.0,"7,251"
28.0,47.0,"4,105"
28.0,49.0,"54,075"
28.0,51.0,"118,623"
28.0,53.0,"134,082"
28.0,55.0,"87,151"
28.0,57.0,"25,661"
28.0,59.0,"8,431"
28.0,61.0,"15,110"
28.0,63.0,"11,437"
28.0,65.0,"12,618"
28.0,67.0,"22,656"
28.0,69.0,"15,532"
28.0,71.0,"28,953"
28.0,73.0,"10,958"
28.0,75.0,"18,077"
28.0,77.0,"17,532"
28.0,79.0,"27,244"
28.0,81.0,"72,894"
28.0,83.0,"243,786"
28.0,85.0,"14,873"
28.0,87.0,"64,621"
28.0,89.0,"50,149"
28.0,91.0,"18,808"
28.0,93.0,"72,435"
28.0,95.0,"90,396"
28.0,97.0,"20,863"
28.0,99.0,"25,942"
28.0,101.0,"25,130"
28.0,103.0,"98,109"
28.0,105.0,"21,001"
28.0,107.0,"113,202"
28.0,109.0,"17,789"
28.0,111.0,"10,620"
28.0,113.0,"15,719"
28.0,115.0,"65,120"
28.0,117.0,"41,468"
28.0,119.0,"150,360"
28.0,121.0,"37,326"
28.0,123.0,"30,710"
28.0,125.0,"140,796"
28.0,127.0,"21,795"
28.0,129.0,"23,962"
28.0,131.0,"10,378"
28.0,133.0,"325,937"
28.0,135.0,"234,453"
28.0,137.0,"67,536"
28.0,139.0,"39,035"
28.0,141.0,"19,519"
28.0,143.0,"177,086"
28.0,145.0,"45,351"
28.0,147.0,"30,127"
28.0,149.0,"40,391"
28.0,151.0,"349,210"
28.0,153.0,"27,849"
28.0,155.0,"29,633"
28.0,157.0,"11,684"
28.0,159.0,"17,432"
28.0,161.0,"26,453"
28.0,163.0,"167,543"
29.0,1.0,"141,865"
29.0,3.0,"158,586"
29.0,5.0,"275,095"
29.0,7.0,"334,624"
29.0,9.0,"96,865"
29.0,11.0,"221,538"
29.0,13.0,"281,704"
29.0,15.0,"77,410"
29.0,17.0,"77,926"
29.0,19.0,"128,476"
29.0,21.0,"146,293"
29.0,23.0,"206,991"
29.0,25.0,"168,146"
29.0,27.0,"166,621"
29.0,29.0,"25,931"
29.0,31.0,"208,542"
29.0,33.0,"333,151"
29.0,35.0,"9,131"
29.0,37.0,"201,744"
29.0,39.0,"62,178"
29.0,41.0,"273,919"
29.0,43.0,"43,919"
29.0,45.0,"193,841"
29.0,47.0,"64,391"
29.0,49.0,"150,161"
29.0,51.0,"70,467"
29.0,53.0,"167,345"
29.0,55.0,"37,660"
29.0,57.0,"113,513"
29.0,59.0,"57,917"
29.0,61.0,"192,784"
29.0,63.0,"133,512"
29.0,65.0,"27,292"
29.0,67.0,"46,623"
29.0,69.0,"277,935"
29.0,71.0,"120,059"
29.0,73.0,"75,437"
29.0,75.0,"151,954"
29.0,77.0,"78,313"
29.0,79.0,"160,152"
29.0,81.0,"259,278"
29.0,83.0,"213,405"
29.0,85.0,"50,893"
29.0,87.0,"188,278"
29.0,89.0,"133,284"
29.0,91.0,"54,749"
29.0,93.0,"12,944"
29.0,95.0,"73,339"
29.0,97.0,"141,162"
29.0,99.0,"34,561"
29.0,101.0,"227,465"
29.0,103.0,"161,661"
29.0,105.0,"75,010"
29.0,107.0,"265,309"
29.0,109.0,"124,118"
29.0,111.0,"152,958"
29.0,113.0,"156,995"
29.0,115.0,"206,744"
29.0,117.0,"215,060"
29.0,119.0,"44,812"
29.0,121.0,"236,861"
29.0,123.0,"22,343"
29.0,125.0,"64,298"
29.0,127.0,"182,528"
29.0,129.0,"99,511"
29.0,131.0,"68,121"
29.0,133.0,"243,071"
29.0,135.0,"104,649"
29.0,137.0,"226,760"
29.0,139.0,"144,729"
29.0,141.0,"85,431"
29.0,143.0,"410,493"
29.0,145.0,"91,255"
29.0,147.0,"325,374"
29.0,149.0,"27,331"
29.0,151.0,"101,496"
29.0,153.0,"30,419"
29.0,155.0,"286,670"
29.0,157.0,"124,608"
29.0,159.0,"240,028"
29.0,161.0,"29,437"
29.0,163.0,"207,835"
29.0,165.0,"126,910"
29.0,167.0,"103,448"
29.0,169.0,"24,240"
29.0,171.0,"132,591"
29.0,173.0,"181,391"
29.0,175.0,"123,692"
29.0,177.0,"179,454"
29.0,179.0,"13,224"
29.0,181.0,"41,053"
29.0,183.0,"124,188"
29.0,185.0,"115,957"
29.0,186.0,"77,082"
29.0,187.0,"37,602"
29.0,189.0,"13,642"
29.0,195.0,"355,844"
29.0,197.0,"80,762"
29.0,199.0,"181,480"
29.0,201.0,"203,368"
29.0,203.0,"29,099"
29.0,205.0,"204,812"
29.0,207.0,"437,876"
29.0,209.0,"20,917"
29.0,211.0,"159,731"
29.0,213.0,"18,763"
29.0,215.0,"82,131"
29.0,217.0,"272,229"
29.0,219.0,"81,751"
29.0,221.0,"20,432"
29.0,223.0,"33,167"
29.0,225.0,"76,980"
29.0,227.0,"72,806"
29.0,229.0,"67,540"
,,
30.0,1.0,"162,767"
30.0,3.0,"223,799"
30.0,5.0,"599,000"
30.0,7.0,"112,503"
30.0,9.0,"134,972"
30.0,11.0,"247,524"
30.0,13.0,"419,999"
30.0,15.0,"1,309,653"
30.0,17.0,"118,537"
30.0,19.0,"533,740"
30.0,21.0,"368,144"
30.0,23.0,"11,772"
30.0,25.0,"191,780"
30.0,27.0,"623,933"
30.0,29.0,"92,483"
30.0,31.0,"208,482"
30.0,33.0,"294,179"
30.0,35.0,"493,782"
30.0,37.0,"108,004"
30.0,39.0,"28,910"
30.0,41.0,"1,222,312"
30.0,43.0,"57,864"
30.0,45.0,"278,940"
30.0,47.0,"93,368"
30.0,49.0,"78,688"
30.0,51.0,"698,794"
30.0,53.0,"12,546"
30.0,55.0,"591,961"
30.0,57.0,"151,196"
30.0,59.0,"85,231"
30.0,61.0,"5,441"
30.0,63.0,"21,550"
30.0,65.0,"145,144"
30.0,67.0,"110,716"
30.0,69.0,"84,845"
30.0,71.0,"508,821"
30.0,73.0,"551,139"
30.0,75.0,"145,709"
30.0,77.0,"57,950"
30.0,79.0,"129,818"
30.0,81.0,"52,117"
30.0,83.0,"479,538"
30.0,85.0,"757,316"
30.0,87.0,"169,766"
30.0,89.0,"43,265"
30.0,91.0,"786,144"
30.0,93.0,"3,664"
30.0,95.0,"175,693"
30.0,97.0,"57,171"
30.0,99.0,"460,072"
30.0,101.0,"734,547"
30.0,103.0,"55,761"
30.0,105.0,"779,166"
30.0,107.0,"138,771"
30.0,109.0,"98,328"
30.0,111.0,"298,985"
31.0,1.0,"300,549"
31.0,3.0,"364,429"
31.0,5.0,"31,693"
31.0,7.0,"191,224"
31.0,9.0,"28,818"
31.0,11.0,"319,202"
31.0,13.0,"346,638"
31.0,15.0,"135,575"
31.0,17.0,"108,102"
31.0,19.0,"324,488"
31.0,21.0,"275,222"
31.0,23.0,"319,085"
31.0,25.0,"306,383"
31.0,27.0,"393,200"
31.0,29.0,"322,955"
31.0,31.0,"383,698"
31.0,33.0,"528,751"
31.0,35.0,"259,454"
31.0,37.0,"240,401"
31.0,39.0,"330,140"
31.0,41.0,"481,876"
31.0,43.0,"151,099"
31.0,45.0,"174,531"
31.0,47.0,"303,662"
31.0,49.0,"226,814"
31.0,51.0,"221,799"
31.0,53.0,"312,456"
31.0,55.0,"81,581"
31.0,57.0,"210,461"
31.0,59.0,"305,326"
31.0,61.0,"187,011"
31.0,63.0,"203,805"
31.0,65.0,"291,461"
31.0,67.0,"449,429"
31.0,69.0,"166,330"
31.0,71.0,"66,383"
31.0,73.0,"150,248"
31.0,75.0,"50,552"
31.0,77.0,"156,471"
31.0,79.0,"272,034"
31.0,81.0,"286,661"
31.0,83.0,"220,639"
31.0,85.0,"195,667"
31.0,87.0,"228,336"
31.0,89.0,"607,954"
31.0,91.0,"6,797"
31.0,93.0,"177,984"
31.0,95.0,"283,739"
31.0,97.0,"137,665"
31.0,99.0,"244,933"
31.0,101.0,"226,675"
31.0,103.0,"95,619"
31.0,105.0,"410,680"
31.0,107.0,"323,551"
31.0,109.0,"362,935"
31.0,111.0,"421,610"
31.0,113.0,"41,865"
31.0,115.0,"24,049"
31.0,117.0,"22,733"
31.0,119.0,"312,084"
31.0,121.0,"201,497"
31.0,123.0,"242,450"
31.0,125.0,"158,833"
31.0,127.0,"229,970"
31.0,129.0,"248,692"
31.0,131.0,"331,038"
31.0,133.0,"183,745"
31.0,135.0,"432,062"
31.0,137.0,"277,090"
31.0,139.0,"275,201"
31.0,141.0,"336,411"
31.0,143.0,"224,983"
31.0,145.0,"248,186"
31.0,147.0,"272,419"
31.0,149.0,"121,374"
31.0,151.0,"305,041"
31.0,153.0,"92,986"
31.0,155.0,"436,188"
31.0,157.0,"218,126"
31.0,159.0,"310,452"
31.0,161.0,"301,456"
31.0,163.0,"158,959"
31.0,165.0,"97,637"
31.0,167.0,"203,713"
31.0,169.0,"251,004"
31.0,171.0,"7,406"
31.0,173.0,"206,766"
31.0,175.0,"172,629"
31.0,177.0,"215,935"
31.0,179.0,"253,645"
31.0,181.0,"206,158"
31.0,183.0,"87,779"
31.0,185.0,"327,256"
32.0,1.0,"47,403"
32.0,3.0,"4,017"
32.0,5.0,"21,983"
32.0,7.0,"215,013"
32.0,9.0,"14,447"
32.0,11.0,"59,784"
32.0,13.0,"158,260"
32.0,15.0,"46,670"
32.0,17.0,"20,634"
32.0,19.0,"65,109"
32.0,21.0,"2,168"
32.0,23.0,"22,362"
32.0,27.0,"56,790"
,,
32.0,31.0,"22,240"
32.0,33.0,"37,189"
32.0,510.0,630
33.0,1.0,"5,233"
33.0,3.0,"4,435"
33.0,5.0,"10,708"
33.0,7.0,"15,354"
33.0,9.0,"16,323"
33.0,11.0,"11,660"
33.0,13.0,"17,503"
33.0,15.0,"10,285"
33.0,17.0,"5,560"
33.0,19.0,"10,935"
34.0,1.0,"17,756"
34.0,3.0,323
34.0,5.0,"49,736"
34.0,7.0,"5,017"
34.0,9.0,"3,847"
34.0,11.0,"49,614"
34.0,13.0,60
34.0,15.0,"35,602"
34.0,17.0, (D)
34.0,19.0,"65,601"
34.0,21.0,"15,790"
34.0,23.0,"11,246"
34.0,25.0,"23,801"
34.0,27.0,"6,659"
34.0,29.0,"4,395"
34.0,31.0,308
34.0,33.0,"80,905"
34.0,35.0,"19,869"
34.0,37.0,"25,671"
34.0,39.0, (D)
34.0,41.0,"46,772"
35.0,1.0,"6,476"
35.0,3.0,"5,067"
35.0,5.0,"62,174"
35.0,6.0,"5,433"
35.0,7.0,"19,216"
35.0,9.0,"428,364"
35.0,11.0,"10,065"
35.0,13.0,"93,128"
35.0,15.0,"49,319"
35.0,17.0,"6,494"
35.0,19.0,"13,311"
35.0,21.0,"14,837"
35.0,23.0,"25,540"
35.0,25.0,"111,913"
35.0,27.0,"6,654"
,,
35.0,29.0,"30,007"
35.0,31.0,"38,747"
35.0,33.0,"21,176"
35.0,35.0,"8,639"
35.0,37.0,"199,623"
35.0,39.0,"41,685"
35.0,41.0,"317,093"
35.0,43.0,"17,476"
35.0,45.0,"107,866"
35.0,47.0,"22,353"
35.0,49.0,"23,682"
35.0,51.0,"8,479"
35.0,53.0,"17,733"
35.0,55.0,"16,603"
35.0,57.0,"29,776"
35.0,59.0,"48,850"
35.0,61.0,"18,048"
36.0,1.0,"34,535"
36.0,3.0,"88,713"
,,
36.0,7.0,"33,459"
36.0,9.0,"88,742"
36.0,11.0,"177,867"
36.0,13.0,"126,949"
36.0,15.0,"34,970"
36.0,17.0,"77,079"
36.0,19.0,"85,139"
36.0,21.0,"64,478"
36.0,23.0,"58,481"
36.0,25.0,"67,885"
36.0,27.0,"40,133"
36.0,29.0,"96,445"
36.0,31.0,"22,670"
36.0,33.0,"74,842"
36.0,35.0,"12,803"
36.0,37.0,"148,586"
36.0,39.0,"13,719"
36.0,41.0,51
36.0,43.0,"69,513"
36.0,45.0,"168,757"
36.0,47.0,23
36.0,49.0,"104,960"
36.0,51.0,"145,878"
36.0,53.0,"105,455"
36.0,55.0,"85,728"
36.0,57.0,"84,494"
36.0,59.0,177
36.0,61.0,7
36.0,63.0,"116,167"
36.0,65.0,"119,220"
36.0,67.0,"113,129"
36.0,69.0,"163,807"
36.0,71.0,"49,127"
36.0,73.0,"107,659"
36.0,75.0,"40,278"
36.0,77.0,"81,471"
36.0,79.0,"2,624"
36.0,81.0, (D)
36.0,83.0,"46,753"
36.0,85.0, (D)
36.0,87.0,310
36.0,89.0,"176,716"
36.0,91.0,"41,621"
36.0,93.0,"9,234"
36.0,95.0,"61,130"
36.0,97.0,"48,430"
36.0,99.0,"96,663"
36.0,101.0,"240,356"
36.0,103.0,"23,139"
36.0,105.0,"26,175"
36.0,107.0,"54,847"
36.0,109.0,"62,086"
36.0,111.0,"24,131"
36.0,113.0,882
36.0,115.0,"103,030"
36.0,117.0,"115,483"
36.0,119.0,"4,060"
36.0,121.0,"167,330"
36.0,123.0,"82,963"
37.0,1.0,"33,802"
37.0,3.0,"22,740"
37.0,5.0,"26,232"
37.0,7.0,"33,625"
37.0,9.0,"36,360"
37.0,11.0,"11,946"
37.0,13.0,"118,626"
37.0,15.0,"112,281"
37.0,17.0,"76,833"
37.0,19.0,"22,774"
37.0,21.0,"17,847"
37.0,23.0,"17,468"
37.0,25.0,"32,796"
37.0,27.0,"14,400"
37.0,29.0,"53,847"
37.0,31.0,"44,670"
37.0,33.0,"32,343"
37.0,35.0,"34,226"
37.0,37.0,"30,864"
37.0,39.0,"7,591"
37.0,41.0,"43,852"
37.0,43.0,"4,746"
37.0,45.0,"45,554"
37.0,47.0,"113,028"
37.0,49.0,"61,929"
37.0,51.0,"35,504"
37.0,53.0,"36,395"
37.0,55.0,"4,702"
37.0,57.0,"45,492"
37.0,59.0,"37,541"
37.0,61.0,"165,054"
37.0,63.0,"6,755"
37.0,65.0,"106,769"
37.0,67.0,"15,669"
37.0,69.0,"42,824"
37.0,71.0,"15,354"
37.0,73.0,"45,502"
37.0,75.0,"2,992"
37.0,77.0,"42,681"
37.0,79.0,"69,373"
37.0,81.0,"40,864"
37.0,83.0,"138,125"
37.0,85.0,"69,700"
37.0,87.0,"11,049"
37.0,89.0,"25,029"
37.0,91.0,"60,041"
37.0,93.0,"32,881"
37.0,95.0,"93,145"
37.0,97.0,"68,766"
37.0,99.0,"5,250"
37.0,101.0,"129,847"
37.0,103.0,"49,174"
37.0,105.0,"19,534"
37.0,107.0,"85,158"
37.0,109.0,"30,095"
37.0,111.0,"6,216"
37.0,113.0,"5,202"
37.0,115.0,"11,073"
37.0,117.0,"105,406"
37.0,119.0,"5,602"
37.0,121.0,"4,204"
37.0,123.0,"9,381"
37.0,125.0,"29,025"
37.0,127.0,"96,823"
37.0,129.0,231
37.0,131.0,"110,589"
37.0,133.0,"35,571"
37.0,135.0,"32,094"
37.0,137.0,"37,403"
37.0,139.0,"68,849"
37.0,141.0,"41,162"
37.0,143.0,"74,508"
37.0,145.0,"45,610"
37.0,147.0,"149,811"
37.0,149.0,"7,857"
37.0,151.0,"61,710"
37.0,153.0,"18,908"
37.0,155.0,"212,804"
37.0,157.0,"51,251"
37.0,159.0,"67,910"
37.0,161.0,"18,563"
37.0,163.0,"209,571"
37.0,165.0,"28,620"
37.0,167.0,"54,226"
37.0,169.0,"34,430"
37.0,171.0,"72,974"
37.0,173.0,"1,100"
37.0,175.0,"4,509"
37.0,177.0,"51,033"
37.0,179.0,"142,276"
37.0,181.0,"20,638"
37.0,183.0,"46,261"
37.0,185.0,"29,208"
37.0,187.0,"71,291"
37.0,189.0,"14,352"
37.0,191.0,"130,530"
37.0,193.0,"41,397"
37.0,195.0,"100,339"
37.0,197.0,"48,318"
37.0,199.0,"10,204"
38.0,1.0,"388,019"
38.0,3.0,"819,825"
38.0,5.0,"586,721"
38.0,7.0,"125,728"
38.0,9.0,"865,610"
38.0,11.0,"334,867"
38.0,13.0,"393,351"
38.0,15.0,"423,352"
38.0,17.0,"1,085,430"
38.0,19.0,"877,208"
38.0,21.0,"541,941"
38.0,23.0,"538,723"
38.0,25.0,"417,815"
38.0,27.0,"285,628"
38.0,29.0,"500,409"
38.0,31.0,"342,911"
38.0,33.0,"274,099"
38.0,35.0,"744,093"
38.0,37.0,"429,013"
38.0,39.0,"364,840"
38.0,41.0,"586,003"
38.0,43.0,"423,945"
38.0,45.0,"632,944"
38.0,47.0,"347,661"
38.0,49.0,"629,415"
38.0,51.0,"298,286"
38.0,53.0,"433,255"
38.0,55.0,"807,311"
38.0,57.0,"232,831"
38.0,59.0,"562,846"
38.0,61.0,"697,242"
38.0,63.0,"475,351"
38.0,65.0,"148,539"
38.0,67.0,"640,772"
38.0,69.0,"435,295"
38.0,71.0,"626,350"
38.0,73.0,"389,053"
38.0,75.0,"523,440"
38.0,77.0,"822,988"
38.0,79.0,"373,089"
38.0,81.0,"489,203"
38.0,83.0,"397,900"
38.0,85.0,"226,064"
38.0,87.0,"286,479"
38.0,89.0,"493,631"
38.0,91.0,"398,585"
38.0,93.0,"1,048,238"
38.0,95.0,"552,379"
38.0,97.0,"526,077"
38.0,99.0,"720,275"
38.0,101.0,"967,455"
38.0,103.0,"664,776"
38.0,105.0,"754,415"
39.0,1.0,"89,226"
39.0,3.0,"172,699"
39.0,5.0,"120,812"
39.0,7.0,"101,081"
39.0,9.0,"30,432"
39.0,11.0,"194,575"
39.0,13.0,"41,431"
39.0,15.0,"154,673"
39.0,17.0,"92,146"
39.0,19.0,"64,345"
39.0,21.0,"168,701"
39.0,23.0,"151,402"
39.0,25.0,"65,529"
39.0,27.0,"190,717"
39.0,29.0,"95,927"
39.0,31.0,"97,155"
39.0,33.0,"220,942"
39.0,35.0,639
39.0,37.0,"316,123"
39.0,39.0,"205,771"
39.0,41.0,"117,539"
39.0,43.0,"77,112"
39.0,45.0,"153,607"
39.0,47.0,"189,877"
39.0,49.0,"45,000"
39.0,51.0,"182,198"
39.0,53.0,"37,576"
39.0,55.0,"33,577"
39.0,57.0,"149,590"
39.0,59.0,"59,132"
39.0,61.0,"8,405"
39.0,63.0,"226,730"
39.0,65.0,"243,997"
39.0,67.0,"41,043"
39.0,69.0,"225,208"
39.0,71.0,"224,722"
39.0,73.0,"14,069"
39.0,75.0,"104,215"
39.0,77.0,"213,866"
39.0,79.0,"27,257"
39.0,81.0,"32,970"
39.0,83.0,"139,999"
39.0,85.0,"8,267"
39.0,87.0,"15,978"
39.0,89.0,"160,705"
39.0,91.0,"183,851"
39.0,93.0,"105,149"
39.0,95.0,"61,938"
39.0,97.0,"235,321"
39.0,99.0,"56,429"
39.0,101.0,"190,282"
39.0,103.0,"78,627"
39.0,105.0,"31,354"
39.0,107.0,"248,544"
39.0,109.0,"158,306"
39.0,111.0,"31,103"
39.0,113.0,"91,369"
39.0,115.0,"40,318"
39.0,117.0,"139,079"
39.0,119.0,"88,133"
39.0,121.0,"24,365"
39.0,123.0,"115,059"
39.0,125.0,"208,175"
39.0,127.0,"58,863"
39.0,129.0,"274,958"
39.0,131.0,"54,339"
39.0,133.0,"59,464"
39.0,135.0,"188,287"
39.0,137.0,"291,173"
39.0,139.0,"113,080"
39.0,141.0,"168,173"
39.0,143.0,"166,414"
39.0,145.0,"45,142"
39.0,147.0,"242,837"
39.0,149.0,"197,251"
39.0,151.0,"101,697"
39.0,153.0,"10,653"
39.0,155.0,"82,006"
39.0,157.0,"80,075"
39.0,159.0,"196,063"
39.0,161.0,"240,762"
39.0,163.0,"14,006"
39.0,165.0,"71,243"
39.0,167.0,"56,999"
39.0,169.0,"204,037"
39.0,171.0,"189,883"
39.0,173.0,"253,839"
39.0,175.0,"205,093"
40.0,1.0,"47,565"
40.0,3.0,"343,240"
40.0,5.0,"66,844"
40.0,7.0,"296,108"
40.0,9.0,"175,710"
40.0,11.0,"320,877"
40.0,13.0,"104,491"
40.0,15.0,"326,657"
40.0,17.0,"255,606"
40.0,19.0,"64,340"
40.0,21.0,"41,426"
40.0,23.0,"66,180"
40.0,25.0,"402,669"
40.0,27.0,"31,627"
40.0,29.0,"54,373"
40.0,31.0,"157,705"
40.0,33.0,"202,734"
40.0,35.0,"100,674"
40.0,37.0,"62,652"
40.0,39.0,"253,583"
40.0,41.0,"69,448"
40.0,43.0,"185,425"
40.0,45.0,"127,303"
40.0,47.0,"442,856"
40.0,49.0,"122,084"
40.0,51.0,"200,913"
40.0,53.0,"414,846"
40.0,55.0,"132,296"
40.0,57.0,"167,284"
40.0,59.0,"180,682"
40.0,61.0,"45,859"
40.0,63.0,"63,194"
40.0,65.0,"335,454"
40.0,67.0,"92,634"
40.0,69.0,"43,956"
40.0,71.0,"346,743"
40.0,73.0,"353,494"
40.0,75.0,"301,976"
40.0,77.0,"38,802"
40.0,79.0,"116,179"
40.0,81.0,"132,180"
40.0,83.0,"154,814"
40.0,85.0,"41,990"
40.0,87.0,"85,428"
40.0,89.0,"84,899"
40.0,91.0,"54,209"
40.0,93.0,"218,577"
40.0,95.0,"31,867"
40.0,97.0,"90,632"
40.0,99.0,"28,289"
40.0,101.0,"95,792"
40.0,103.0,"193,600"
40.0,105.0,"60,515"
40.0,107.0,"75,082"
40.0,109.0,"38,873"
40.0,111.0,"72,376"
40.0,113.0,"99,994"
40.0,115.0,"92,775"
40.0,117.0,"66,881"
40.0,119.0,"95,536"
40.0,121.0,"92,023"
40.0,123.0,"69,328"
40.0,125.0,"83,702"
40.0,127.0,"34,021"
40.0,129.0,"123,417"
40.0,131.0,"70,534"
40.0,133.0,"50,748"
40.0,135.0,"67,966"
40.0,137.0,"85,072"
40.0,139.0,"680,006"
40.0,141.0,"353,453"
40.0,143.0,"45,910"
40.0,145.0,"100,563"
40.0,147.0,"50,512"
40.0,149.0,"379,053"
40.0,151.0,"284,982"
40.0,153.0,"173,629"
41.0,1.0,"130,460"
41.0,3.0,"68,994"
41.0,5.0,"83,738"
41.0,7.0,"4,367"
41.0,9.0,"12,646"
41.0,11.0,"16,349"
41.0,13.0,"49,167"
41.0,15.0,"6,260"
41.0,17.0,"30,997"
41.0,19.0,"52,338"
41.0,21.0,"249,673"
41.0,23.0,"62,964"
41.0,25.0,"233,480"
41.0,27.0,"19,288"
41.0,29.0,"40,667"
41.0,31.0,"77,811"
41.0,33.0,"8,350"
41.0,35.0,"147,514"
41.0,37.0,"166,708"
41.0,39.0,"97,988"
41.0,41.0,"3,639"
41.0,43.0,"242,627"
41.0,45.0,"210,779"
41.0,47.0,"237,434"
41.0,49.0,"511,874"
41.0,51.0,"15,623"
41.0,53.0,"107,580"
41.0,55.0,"340,948"
41.0,57.0,"12,014"
41.0,59.0,"815,962"
41.0,61.0,"121,085"
41.0,63.0,"94,650"
41.0,65.0,"237,719"
41.0,67.0,"75,670"
41.0,69.0,"25,373"
41.0,71.0,"113,373"
42.0,1.0,"128,436"
42.0,3.0,"15,504"
42.0,5.0,"73,655"
42.0,7.0,"30,082"
42.0,9.0,"119,520"
42.0,11.0,"184,514"
42.0,13.0,"55,797"
42.0,15.0,"183,299"
42.0,17.0,"60,015"
42.0,19.0,"86,232"
42.0,21.0,"50,486"
42.0,23.0,"1,452"
42.0,25.0,"13,099"
42.0,27.0,"88,338"
42.0,29.0,"105,752"
42.0,31.0,"52,458"
42.0,33.0,"30,998"
42.0,35.0,"26,531"
42.0,37.0,"78,936"
42.0,39.0,"120,986"
42.0,41.0,"140,836"
42.0,43.0,"63,353"
42.0,45.0,733
42.0,47.0,"9,344"
42.0,49.0,"93,529"
42.0,51.0,"59,117"
42.0,53.0,"1,709"
42.0,55.0,"213,922"
42.0,57.0,"52,861"
42.0,59.0,"37,513"
42.0,61.0,"67,488"
42.0,63.0,"95,169"
42.0,65.0,"46,632"
42.0,67.0,"55,725"
42.0,69.0,"20,276"
42.0,71.0,"314,913"
42.0,73.0,"55,136"
42.0,75.0,"86,697"
42.0,77.0,"63,121"
42.0,79.0,"27,625"
42.0,81.0,"78,970"
42.0,83.0,"17,532"
42.0,85.0,"98,360"
42.0,87.0,"49,932"
42.0,89.0,"13,380"
42.0,91.0,"20,460"
42.0,93.0,"29,379"
42.0,95.0,"51,560"
42.0,97.0,"92,664"
42.0,99.0,"77,198"
42.0,101.0,117
42.0,103.0,"1,360"
42.0,105.0,"45,547"
42.0,107.0,"69,745"
42.0,109.0,"71,419"
42.0,111.0,"136,257"
42.0,113.0,"20,931"
42.0,115.0,"71,720"
42.0,117.0,"123,246"
42.0,119.0,"49,804"
42.0,121.0,"30,117"
42.0,123.0,"30,447"
42.0,125.0,"90,941"
42.0,127.0,"46,257"
42.0,129.0,"93,364"
42.0,131.0,"29,479"
42.0,133.0,"199,235"
44.0,1.0,691
44.0,3.0,"1,142"
44.0,5.0,"5,292"
44.0,7.0,"4,236"
44.0,9.0,"6,293"
45.0,1.0,"18,796"
45.0,3.0,"62,880"
45.0,5.0,"35,299"
45.0,7.0,"69,888"
45.0,9.0,"53,499"
45.0,11.0,"33,271"
45.0,13.0,"7,101"
45.0,15.0,"18,053"
45.0,17.0,"79,945"
45.0,19.0,"9,661"
45.0,21.0,"20,866"
45.0,23.0,"25,029"
45.0,25.0,"50,720"
45.0,27.0,"102,832"
45.0,29.0,"40,731"
45.0,31.0,"97,077"
45.0,33.0,"71,846"
45.0,35.0,"32,381"
45.0,37.0,"23,223"
45.0,39.0,"10,767"
45.0,41.0,"103,479"
45.0,43.0,"13,401"
45.0,45.0,"17,035"
45.0,47.0,"15,078"
45.0,49.0,"42,283"
45.0,51.0,"117,524"
45.0,53.0,"11,938"
45.0,55.0,"19,849"
45.0,57.0,"17,176"
45.0,59.0,"40,898"
45.0,61.0,"75,196"
45.0,63.0,"47,761"
45.0,65.0,"3,857"
45.0,67.0,"27,864"
45.0,69.0,"55,825"
45.0,71.0,"31,591"
45.0,73.0,"18,908"
45.0,75.0,"165,516"
45.0,77.0,"12,245"
45.0,79.0,"22,226"
45.0,81.0,"33,307"
45.0,83.0,"34,338"
45.0,85.0,"91,362"
45.0,87.0,"7,268"
45.0,89.0,"107,657"
45.0,91.0,"37,882"
46.0,3.0,"228,778"
46.0,5.0,"548,456"
46.0,7.0,"214,299"
46.0,9.0,"228,354"
46.0,11.0,"345,429"
46.0,13.0,"884,554"
46.0,15.0,"277,869"
46.0,17.0,"85,435"
46.0,19.0,"150,243"
46.0,21.0,"250,820"
46.0,23.0,"451,000"
46.0,25.0,"444,844"
46.0,27.0,"221,206"
46.0,29.0,"268,043"
46.0,31.0,"398,555"
46.0,33.0,"49,435"
46.0,35.0,"212,393"
46.0,37.0,"456,455"
46.0,39.0,"223,776"
46.0,41.0,"195,586"
46.0,43.0,"214,714"
46.0,45.0,"569,487"
46.0,47.0,"68,739"
46.0,49.0,"408,359"
46.0,51.0,"307,747"
46.0,53.0,"226,113"
46.0,55.0,"323,940"
46.0,57.0,"249,634"
46.0,59.0,"578,039"
46.0,61.0,"225,992"
46.0,63.0,"184,604"
46.0,65.0,"262,987"
46.0,67.0,"363,750"
46.0,69.0,"219,914"
46.0,71.0,"185,533"
46.0,73.0,"219,801"
46.0,75.0,"233,783"
46.0,77.0,"391,197"
46.0,79.0,"225,644"
46.0,81.0,"33,608"
46.0,83.0,"267,866"
46.0,85.0,"419,157"
46.0,87.0,"294,253"
46.0,89.0,"383,940"
46.0,91.0,"343,430"
46.0,93.0,"394,758"
46.0,95.0,"131,081"
46.0,97.0,"239,830"
46.0,99.0,"317,964"
46.0,101.0,"223,522"
46.0,102.0,"88,929"
46.0,103.0,"207,236"
46.0,105.0,"347,672"
46.0,107.0,"386,454"
46.0,109.0,"451,658"
46.0,111.0,"200,379"
46.0,115.0,"832,799"
46.0,117.0,"195,706"
46.0,119.0,"505,654"
46.0,121.0,"113,678"
46.0,123.0,"438,142"
46.0,125.0,"350,342"
46.0,127.0,"266,743"
46.0,129.0,"273,828"
46.0,135.0,"252,592"
46.0,137.0,"256,789"
47.0,1.0,"14,728"
47.0,3.0,"92,584"
47.0,5.0,"30,323"
47.0,7.0,"34,745"
47.0,9.0,"40,596"
47.0,11.0,"28,289"
47.0,13.0,"10,238"
47.0,15.0,"38,909"
47.0,17.0,"106,179"
47.0,19.0,"11,956"
47.0,21.0,"31,820"
47.0,23.0,"42,413"
47.0,25.0,"35,429"
47.0,27.0,"24,777"
47.0,29.0,"23,392"
47.0,31.0,"79,915"
47.0,33.0,"134,105"
47.0,35.0,"46,300"
47.0,37.0,"13,034"
47.0,39.0,"24,848"
47.0,41.0,"29,651"
47.0,43.0,"46,862"
47.0,45.0,"257,566"
47.0,47.0,"185,654"
47.0,49.0,"25,707"
47.0,51.0,"61,485"
47.0,53.0,"248,882"
47.0,55.0,"78,848"
47.0,57.0,"25,768"
47.0,59.0,"97,207"
47.0,61.0,"13,250"
47.0,63.0,"24,382"
47.0,65.0,"14,037"
47.0,67.0,"16,512"
47.0,69.0,"83,913"
47.0,71.0,"76,159"
47.0,73.0,"47,801"
47.0,75.0,"178,584"
47.0,77.0,"63,654"
47.0,79.0,"127,493"
47.0,81.0,"43,949"
47.0,83.0,"11,688"
47.0,85.0,"33,381"
47.0,87.0,"18,601"
47.0,89.0,"37,153"
47.0,91.0,"16,412"
47.0,93.0,"26,653"
47.0,95.0,"81,986"
47.0,97.0,"134,331"
47.0,99.0,"105,692"
47.0,101.0,"10,377"
47.0,103.0,"102,619"
47.0,105.0,"28,357"
47.0,107.0,"49,905"
47.0,109.0,"65,470"
47.0,111.0,"51,949"
47.0,113.0,"107,562"
47.0,115.0,"23,069"
47.0,117.0,"56,990"
47.0,119.0,"80,204"
47.0,121.0,"16,291"
47.0,123.0,"50,438"
47.0,125.0,"65,823"
47.0,127.0,"17,475"
47.0,129.0,"16,864"
47.0,131.0,"186,681"
47.0,133.0,"33,723"
47.0,135.0,"15,692"
47.0,137.0,"11,616"
47.0,139.0,"16,550"
47.0,141.0,"35,145"
47.0,143.0,"16,775"
47.0,145.0,"15,165"
47.0,147.0,"132,139"
47.0,149.0,"60,705"
47.0,151.0,"10,188"
47.0,153.0,"9,534"
47.0,155.0,"16,955"
47.0,157.0,"49,941"
47.0,159.0,"44,940"
47.0,161.0,"22,956"
47.0,163.0,"31,813"
47.0,165.0,"70,580"
47.0,167.0,"147,588"
47.0,169.0,"10,849"
47.0,171.0,"2,609"
47.0,173.0,"12,481"
47.0,175.0,"14,663"
47.0,177.0,"83,924"
47.0,179.0,"53,859"
47.0,181.0,"34,650"
47.0,183.0,"171,096"
47.0,185.0,"41,823"
47.0,187.0,"54,774"
47.0,189.0,"55,673"
48.0,1.0,"63,774"
48.0,3.0,"78,257"
48.0,5.0,"21,632"
48.0,7.0,"1,597"
48.0,9.0,"124,111"
48.0,11.0,"105,701"
48.0,13.0,"107,128"
48.0,15.0,"74,067"
48.0,17.0,"332,857"
48.0,19.0,"15,432"
48.0,21.0,"49,904"
48.0,23.0,"175,129"
48.0,25.0,"77,180"
48.0,27.0,"152,593"
48.0,29.0,"91,021"
48.0,31.0,"18,448"
48.0,33.0,"90,753"
48.0,35.0,"81,212"
48.0,37.0,"75,149"
48.0,39.0,"131,802"
48.0,41.0,"50,016"
48.0,43.0,"57,059"
48.0,45.0,"151,703"
48.0,47.0,"11,612"
48.0,49.0,"76,623"
48.0,51.0,"67,888"
48.0,53.0,"25,186"
48.0,55.0,"67,906"
48.0,57.0,"48,206"
48.0,59.0,"85,494"
48.0,61.0,"212,474"
48.0,63.0,"20,806"
48.0,65.0,"322,566"
48.0,67.0,"35,130"
48.0,69.0,"394,612"
48.0,71.0,"98,953"
48.0,73.0,"58,303"
48.0,75.0,"121,369"
48.0,77.0,"100,823"
48.0,79.0,"373,604"
48.0,81.0,"42,989"
48.0,83.0,"146,339"
48.0,85.0,"140,348"
48.0,87.0,"168,000"
48.0,89.0,"132,275"
48.0,91.0,"23,613"
48.0,93.0,"137,619"
48.0,95.0,"108,538"
48.0,97.0,"135,648"
48.0,99.0,"92,075"
48.0,101.0,"104,426"
48.0,103.0,222
48.0,105.0,"6,266"
48.0,107.0,"272,856"
48.0,109.0,"13,541"
48.0,111.0,"393,567"
48.0,113.0,"26,100"
48.0,115.0,"408,574"
48.0,117.0,"617,307"
48.0,119.0,"80,494"
48.0,121.0,"143,967"
48.0,123.0,"50,842"
48.0,125.0,"166,132"
48.0,127.0,"67,969"
48.0,129.0,"57,206"
48.0,131.0,"45,424"
48.0,133.0,"80,149"
48.0,135.0,"1,891"
48.0,137.0,"12,511"
48.0,139.0,"221,498"
48.0,141.0,"39,915"
48.0,143.0,"134,317"
48.0,145.0,"203,819"
48.0,147.0,"212,366"
48.0,149.0,"99,794"
48.0,151.0,"248,701"
48.0,153.0,"437,731"
48.0,155.0,"92,374"
48.0,157.0,"140,694"
48.0,159.0,"28,355"
48.0,161.0,"55,720"
48.0,163.0,"90,864"
48.0,165.0,"680,021"
48.0,167.0,"16,984"
48.0,169.0,"68,341"
48.0,171.0,"73,897"
48.0,173.0,"180,347"
48.0,175.0,"36,182"
48.0,177.0,"58,483"
48.0,179.0,"124,836"
48.0,181.0,"207,019"
48.0,183.0,"14,472"
48.0,185.0,"54,265"
48.0,187.0,"102,458"
48.0,189.0,"458,945"
48.0,191.0,"236,485"
48.0,193.0,"86,099"
48.0,195.0,"301,066"
48.0,197.0,"114,175"
48.0,199.0,"13,124"
48.0,201.0,"52,722"
48.0,203.0,"38,511"
48.0,205.0,"296,414"
48.0,207.0,"292,993"
48.0,209.0,"52,955"
48.0,211.0,"32,085"
48.0,213.0,"86,645"
48.0,215.0,"356,866"
48.0,217.0,"256,384"
48.0,219.0,"394,104"
48.0,221.0,"39,738"
48.0,223.0,"127,863"
48.0,225.0,"70,772"
48.0,227.0,"148,291"
48.0,229.0,"20,473"
48.0,231.0,"154,950"
48.0,233.0,"81,695"
48.0,235.0,"4,349"
48.0,237.0,"34,218"
48.0,239.0,"176,881"
48.0,241.0,"13,375"
48.0,243.0,626
48.0,245.0,"137,267"
48.0,247.0,"10,433"
48.0,249.0,"158,142"
48.0,251.0,"136,697"
48.0,253.0,"313,784"
48.0,255.0,"75,016"
48.0,257.0,"133,585"
48.0,259.0,"32,446"
48.0,261.0,"1,907"
48.0,263.0,"45,233"
48.0,265.0,"15,997"
48.0,267.0,"11,315"
48.0,269.0,"9,995"
48.0,271.0,"15,824"
48.0,273.0,"65,637"
48.0,275.0,"207,442"
48.0,277.0,"170,676"
48.0,279.0,"489,331"
48.0,281.0,"40,422"
48.0,283.0,"19,824"
48.0,285.0,"74,216"
48.0,287.0,"41,365"
48.0,289.0,"71,219"
48.0,291.0,"68,327"
48.0,293.0,"72,996"
48.0,295.0,"115,721"
48.0,297.0,"47,392"
48.0,299.0,"21,622"
48.0,301.0, (D)
48.0,303.0,"451,370"
48.0,305.0,"456,269"
48.0,307.0,"83,660"
48.0,309.0,"262,493"
48.0,311.0,"26,654"
48.0,313.0,"33,964"
48.0,315.0,"13,624"
48.0,317.0,"298,913"
48.0,319.0,"21,761"
48.0,321.0,"176,200"
48.0,323.0,"21,265"
48.0,325.0,"153,499"
48.0,327.0,"10,541"
48.0,329.0,"75,819"
48.0,331.0,"168,032"
48.0,333.0,"44,611"
48.0,335.0,"153,108"
48.0,337.0,"82,945"
48.0,339.0,"25,345"
48.0,341.0,"207,601"
48.0,343.0,"16,108"
48.0,345.0,"100,252"
48.0,347.0,"29,502"
48.0,349.0,"178,564"
48.0,351.0,"5,484"
48.0,353.0,"161,878"
48.0,355.0,"332,346"
48.0,357.0,"343,751"
48.0,359.0,"105,292"
48.0,361.0,"4,685"
48.0,363.0,"72,990"
48.0,365.0,"39,766"
48.0,367.0,"95,080"
48.0,369.0,"399,208"
48.0,371.0,"50,780"
48.0,373.0,"22,586"
48.0,375.0,"49,596"
48.0,377.0,"17,997"
48.0,379.0,"27,708"
48.0,381.0,"233,934"
48.0,383.0,"55,572"
48.0,385.0,"1,316"
48.0,387.0,"103,062"
48.0,389.0,"54,659"
48.0,391.0,"56,253"
48.0,393.0,"36,063"
48.0,395.0,"107,261"
48.0,397.0,"20,980"
48.0,399.0,"256,203"
48.0,401.0,"46,094"
48.0,403.0,"5,553"
48.0,405.0,"9,196"
48.0,407.0,"16,910"
48.0,409.0,"235,845"
48.0,411.0,"81,303"
48.0,413.0,"30,559"
48.0,415.0,"201,705"
48.0,417.0,"49,374"
48.0,419.0,"28,551"
48.0,421.0,"355,226"
48.0,423.0,"64,308"
48.0,425.0,"15,692"
48.0,427.0,"74,097"
48.0,429.0,"37,077"
48.0,431.0,"9,421"
48.0,433.0,"113,441"
48.0,435.0,"12,412"
48.0,437.0,"399,832"
48.0,439.0,"43,487"
48.0,441.0,"159,183"
48.0,443.0,"9,440"
48.0,445.0,"436,790"
48.0,447.0,"157,174"
48.0,449.0,"33,844"
48.0,451.0,"125,014"
48.0,453.0,"55,095"
48.0,455.0,"20,051"
48.0,457.0,"18,847"
48.0,459.0,"36,926"
48.0,461.0,"74,922"
48.0,463.0,"111,259"
48.0,465.0,"7,232"
48.0,467.0,"98,967"
48.0,469.0,"83,196"
48.0,471.0,"27,459"
48.0,473.0,"71,422"
48.0,475.0,"6,457"
48.0,477.0,"68,726"
48.0,479.0,"34,996"
48.0,481.0,"325,849"
48.0,483.0,"121,662"
48.0,485.0,"153,049"
48.0,487.0,"235,107"
48.0,489.0,"197,432"
48.0,491.0,"231,511"
48.0,493.0,"87,877"
48.0,495.0, (D)
48.0,497.0,"110,550"
48.0,499.0,"60,528"
48.0,501.0,"317,961"
48.0,503.0,"114,482"
48.0,505.0,"18,856"
48.0,507.0,"76,046"
49.0,1.0,"44,416"
49.0,3.0,"308,292"
49.0,5.0,"159,356"
49.0,7.0,"15,829"
49.0,9.0,"6,556"
49.0,11.0,"7,718"
49.0,13.0,"77,299"
49.0,15.0,"36,880"
49.0,17.0,"16,297"
49.0,19.0,"14,561"
49.0,21.0,"83,441"
49.0,23.0,"56,608"
49.0,25.0,"4,862"
49.0,27.0,"145,965"
49.0,29.0,"16,629"
49.0,31.0,"14,909"
49.0,33.0,"70,648"
49.0,35.0,"10,909"
49.0,37.0,"130,173"
49.0,39.0,"71,661"
49.0,41.0,"50,453"
49.0,43.0,"26,278"
49.0,45.0,"21,726"
49.0,47.0,"70,742"
49.0,49.0,"118,125"
49.0,51.0,"8,845"
49.0,53.0,"22,347"
49.0,55.0,"14,587"
49.0,57.0,"28,259"
50.0,1.0,"107,751"
50.0,3.0,"11,048"
50.0,5.0,"31,338"
50.0,7.0,"26,828"
50.0,9.0,"7,951"
50.0,11.0,"83,162"
50.0,13.0,"12,631"
50.0,15.0,"14,581"
50.0,17.0,"32,583"
50.0,19.0,"58,570"
50.0,21.0,"34,628"
50.0,23.0,"21,620"
50.0,25.0,"14,354"
50.0,27.0,"22,635"
51.0,1.0,"57,743"
51.0,3.0,"51,782"
51.0,5.0,"8,913"
51.0,7.0,"34,764"
51.0,9.0,"17,321"
51.0,11.0,"20,860"
,,
51.0,15.0,"116,776"
51.0,17.0,"15,347"
51.0,19.0,"65,908"
51.0,21.0,"17,286"
51.0,23.0,"26,983"
51.0,25.0,"24,393"
51.0,27.0,"1,231"
51.0,29.0,"30,515"
51.0,31.0,"42,863"
51.0,33.0,"42,380"
51.0,35.0,"32,237"
51.0,36.0,"20,587"
51.0,37.0,"46,111"
51.0,41.0,"7,171"
51.0,43.0,"24,743"
51.0,45.0,"11,996"
51.0,47.0,"60,079"
51.0,49.0,"15,411"
51.0,51.0,"1,804"
51.0,53.0,"42,803"
51.0,57.0,"42,286"
51.0,59.0,791
51.0,61.0,"83,845"
51.0,63.0,"32,268"
51.0,65.0,"13,302"
51.0,67.0,"72,754"
51.0,69.0,"45,189"
51.0,71.0,"12,958"
51.0,73.0,"14,193"
51.0,75.0,"23,985"
51.0,77.0,"34,365"
51.0,79.0,"9,996"
51.0,81.0,"33,510"
51.0,83.0,"57,508"
51.0,85.0,"61,331"
51.0,87.0,"7,319"
51.0,89.0,"11,687"
51.0,91.0,"15,649"
51.0,93.0,"51,545"
51.0,95.0,"3,591"
51.0,97.0,"33,635"
51.0,99.0,"13,028"
51.0,101.0,"26,255"
51.0,103.0,"11,275"
51.0,105.0,"25,209"
51.0,107.0,"60,178"
51.0,109.0,"24,791"
51.0,111.0,"25,729"
51.0,113.0,"45,100"
51.0,115.0,"4,183"
51.0,117.0,"62,884"
51.0,119.0,"14,663"
51.0,121.0,"28,751"
51.0,125.0,"20,163"
51.0,127.0,"11,129"
51.0,131.0,"37,829"
51.0,133.0,"33,763"
51.0,135.0,"20,103"
51.0,137.0,"39,802"
51.0,139.0,"30,449"
51.0,141.0,"21,621"
51.0,143.0,"83,413"
51.0,145.0,"11,380"
51.0,147.0,"20,082"
51.0,149.0,"21,992"
51.0,153.0,"14,121"
51.0,155.0,"23,792"
51.0,157.0,"25,168"
51.0,159.0,"26,192"
51.0,161.0,"6,190"
51.0,163.0,"36,522"
51.0,165.0,"121,863"
51.0,167.0,"32,705"
51.0,169.0,"30,463"
51.0,171.0,"61,237"
51.0,173.0,"25,680"
51.0,175.0,"97,580"
51.0,177.0,"16,725"
51.0,179.0,"10,076"
51.0,181.0,"25,420"
51.0,183.0,"44,918"
51.0,185.0,"24,666"
51.0,187.0,"13,929"
51.0,191.0,"58,266"
51.0,193.0,"32,030"
51.0,195.0,"5,045"
51.0,197.0,"49,064"
51.0,199.0,93
,,
,,
,,
,,
51.0,550.0,"32,325"
,,
,,
,,
,,
,,
,,
,,
,,
,,
,,
,,
,,
,,
,,
,,
,,
,,
,,
,,
,,
,,
,,
,,
,,
,,
,,
,,
,,
51.0,800.0,"57,921"
51.0,810.0,"18,590"
,,
,,
,,
53.0,1.0,"745,850"
53.0,3.0,"79,863"
53.0,5.0,"473,064"
53.0,7.0,"29,078"
53.0,9.0,"7,375"
53.0,11.0,"24,336"
53.0,13.0,"149,535"
53.0,15.0,"10,959"
53.0,17.0,"544,444"
53.0,19.0,"19,359"
53.0,21.0,"446,820"
53.0,23.0,"182,849"
53.0,25.0,"800,870"
53.0,27.0,"17,112"
53.0,29.0,"6,877"
53.0,31.0,"3,715"
53.0,33.0,"18,691"
53.0,35.0,"2,310"
53.0,37.0,"71,053"
53.0,39.0,"229,473"
53.0,41.0,"50,497"
53.0,43.0,"816,982"
53.0,45.0,"3,638"
53.0,47.0,"98,680"
53.0,49.0,"15,479"
53.0,51.0,"19,013"
53.0,53.0,"12,058"
53.0,55.0,"5,839"
53.0,57.0,"65,721"
53.0,59.0,"2,335"
53.0,61.0,"33,575"
53.0,63.0,"378,778"
53.0,65.0,"77,108"
53.0,67.0,"22,109"
53.0,69.0,"5,148"
53.0,71.0,"565,806"
53.0,73.0,"75,555"
53.0,75.0,"1,032,718"
53.0,77.0,"343,953"
54.0,1.0,"26,717"
54.0,3.0,"37,590"
54.0,5.0,506
54.0,7.0,"17,918"
54.0,9.0,"4,286"
54.0,11.0,"7,331"
54.0,13.0,"12,439"
54.0,15.0,"3,167"
54.0,17.0,"11,790"
54.0,19.0,"6,176"
54.0,21.0,"11,076"
54.0,23.0,"26,204"
54.0,25.0,"44,086"
54.0,27.0,"36,935"
54.0,29.0,"3,419"
54.0,31.0,"40,482"
54.0,33.0,"27,979"
54.0,35.0,"33,421"
54.0,37.0,"44,517"
54.0,39.0,"4,143"
54.0,41.0,"22,441"
54.0,43.0,"4,166"
54.0,45.0, (D)
54.0,47.0,129
54.0,49.0,"13,490"
54.0,51.0,"22,622"
54.0,53.0,"37,631"
54.0,55.0,"12,390"
54.0,57.0,"29,573"
54.0,59.0, (D)
54.0,61.0,"18,609"
54.0,63.0,"31,883"
54.0,65.0,"7,175"
54.0,67.0,"11,804"
54.0,69.0,"10,944"
54.0,71.0,"29,596"
54.0,73.0,"5,260"
54.0,75.0,"26,366"
54.0,77.0,"48,194"
54.0,79.0,"13,737"
54.0,81.0,"11,151"
54.0,83.0,"26,703"
54.0,85.0,"22,615"
54.0,87.0,"27,821"
54.0,89.0,"11,971"
54.0,91.0,"14,049"
54.0,93.0,"6,526"
54.0,95.0,"12,310"
54.0,97.0,"16,274"
54.0,99.0,"5,900"
54.0,101.0,"2,383"
54.0,103.0,"8,766"
54.0,105.0,"9,300"
54.0,107.0,"25,036"
54.0,109.0,671
55.0,1.0,"84,544"
55.0,3.0,"24,712"
55.0,5.0,"208,784"
55.0,7.0,"42,610"
55.0,9.0,"166,639"
55.0,11.0,"164,341"
55.0,13.0,"48,965"
55.0,15.0,"131,510"
55.0,17.0,"243,035"
55.0,19.0,"323,806"
55.0,21.0,"243,906"
55.0,23.0,"98,951"
55.0,25.0,"410,309"
55.0,27.0,"340,487"
55.0,29.0,"90,126"
55.0,31.0,"26,792"
55.0,33.0,"240,765"
55.0,35.0,"113,983"
55.0,37.0,"8,040"
55.0,39.0,"270,370"
55.0,41.0,"13,136"
55.0,43.0,"379,967"
55.0,45.0,"239,493"
55.0,47.0,"99,674"
55.0,49.0,"216,441"
55.0,51.0,"5,377"
55.0,53.0,"135,568"
55.0,55.0,"183,898"
55.0,57.0,"113,995"
55.0,59.0,"65,214"
55.0,61.0,"146,229"
55.0,63.0,"85,863"
55.0,65.0,"265,418"
55.0,67.0,"75,817"
55.0,69.0,"43,032"
55.0,71.0,"187,956"
55.0,73.0,"322,853"
55.0,75.0,"88,578"
55.0,77.0,"81,970"
55.0,78.0, (D)
55.0,79.0, (D)
55.0,81.0,"165,234"
55.0,83.0,"142,869"
55.0,85.0,"11,519"
55.0,87.0,"206,163"
55.0,89.0,"48,306"
55.0,91.0,"69,294"
55.0,93.0,"166,265"
55.0,95.0,"164,959"
55.0,97.0,"207,120"
55.0,99.0,"34,273"
55.0,101.0,"109,772"
55.0,103.0,"118,484"
55.0,105.0,"302,797"
55.0,107.0,"70,661"
55.0,109.0,"216,465"
55.0,111.0,"197,736"
55.0,113.0,"26,032"
55.0,115.0,"186,192"
55.0,117.0,"164,302"
55.0,119.0,"133,702"
55.0,121.0,"215,632"
55.0,123.0,"196,566"
55.0,125.0,"3,326"
55.0,127.0,"167,725"
55.0,129.0,"34,098"
55.0,131.0,"108,874"
55.0,133.0,"71,502"
55.0,135.0,"142,570"
55.0,137.0,"100,239"
55.0,139.0,"136,192"
55.0,141.0,"128,114"
56.0,1.0,"106,924"
56.0,3.0,"117,850"
56.0,5.0,"184,280"
56.0,7.0,"143,863"
56.0,9.0,"106,652"
56.0,11.0,"175,527"
56.0,13.0,"125,861"
56.0,15.0,"234,304"
56.0,17.0,"22,740"
56.0,19.0,"40,970"
56.0,21.0,"382,266"
56.0,23.0,"94,026"
56.0,25.0,"55,654"
56.0,27.0,"54,646"
56.0,29.0,"140,520"
56.0,31.0,"134,849"
56.0,33.0,"95,916"
56.0,35.0,"143,517"
56.0,37.0,"35,586"
56.0,39.0,"15,791"
56.0,41.0,"84,769"
56.0,43.0,"53,438"
56.0,45.0,"37,507"
