State ANSI,County ANSI,"AG LAND, WOODLAND - ACRES"
1,1,"44,621"
1,11,"55,293"
1,47,"109,080"
1,51,"34,751"
1,63,"79,986"
1,65,"55,474"
1,85,"48,482"
1,87,"49,246"
1,91,"60,505"
1,101,"59,477"
1,105,"70,155"
1,119,"85,100"
1,3,"34,376"
1,13,"46,802"
1,23,"63,104"
1,25,"38,244"
1,35,"58,961"
1,53,"33,314"
1,97,"33,652"
1,99,"77,063"
1,129,"78,377"
1,131,"95,441"
1,9,"38,544"
1,15,"25,100"
1,19,"24,601"
1,29,"19,478"
1,43,"62,355"
1,49,"55,416"
1,55,"28,649"
1,71,"55,700"
1,95,"36,097"
1,115,"20,105"
1,33,"31,598"
1,59,"43,558"
1,77,"43,719"
1,79,"29,041"
1,83,"24,828"
1,89,"24,212"
1,93,"29,093"
1,103,"34,736"
1,133,"21,069"
1,7,"16,936"
1,17,"72,115"
1,21,"28,330"
1,27,"23,206"
1,37,"22,603"
1,57,"31,044"
1,73,"14,121"
1,75,"47,181"
1,81,"34,193"
1,107,"49,159"
1,111,"46,086"
1,117,"18,988"
1,121,"18,314"
1,123,"33,394"
1,125,"46,117"
1,127,"28,093"
1,5,"73,551"
1,31,"67,847"
1,39,"66,092"
1,41,"55,768"
1,45,"59,485"
1,61,"58,519"
1,67,"69,504"
1,69,"30,709"
1,109,"78,129"
1,113,"50,759"
2,122,"2,358"
2,20,"9,771"
2,110,216
2,13,191
2,90,"22,615"
4,1,"98,456"
4,5,"13,861"
4,7, (D)
4,15, (D)
4,17,"314,968"
4,25,"4,440"
4,3,"9,696"
4,9, (D)
4,11,490
4,13,488
4,19,"2,047"
4,21,115
4,23,"2,699"
5,29,"30,075"
5,45,"48,588"
5,51,"9,450"
5,53,"24,499"
5,59,"24,757"
5,105,"19,278"
5,119,"17,583"
5,125,"12,336"
5,1,"34,419"
5,35,"18,464"
5,37,"10,216"
5,77,"6,490"
5,85,"35,093"
5,95,"10,354"
5,107,"5,021"
5,117,"29,072"
5,123,"19,654"
5,147,"19,397"
5,5,"37,756"
5,23,"42,699"
5,49,"62,359"
5,65,"67,401"
5,89,"50,061"
5,129,"62,957"
5,135,"58,177"
5,137,"65,274"
5,141,"52,699"
5,21,"11,994"
5,31,"8,217"
5,55,"19,787"
5,63,"77,665"
5,67,"14,755"
5,75,"25,641"
5,93,"3,261"
5,111,"7,444"
5,121,"43,471"
5,145,"89,870"
5,7,"40,813"
5,9,"77,068"
5,15,"80,711"
5,87,"83,875"
5,101,"37,338"
5,143,"84,242"
5,11,"12,480"
5,13,"6,576"
5,19,"39,142"
5,25,"12,456"
5,27,"21,259"
5,39,"16,894"
5,99,"19,585"
5,103,"13,262"
5,139,"15,617"
5,3,"16,910"
5,17,"14,250"
5,41,"20,331"
5,43,"35,844"
5,69,"25,799"
5,79,"29,040"
5,57,"29,799"
5,61,"46,877"
5,73,"19,423"
5,81,"33,182"
5,91,"21,979"
5,97,"15,058"
5,109,"18,945"
5,133,"38,461"
5,33,"24,248"
5,47,"29,820"
5,71,"21,057"
5,83,"34,434"
5,113,"31,791"
5,115,"36,517"
5,127,"19,328"
5,131,"21,880"
5,149,"47,956"
6,1,"2,524"
6,13, (D)
6,33,"39,872"
6,41,"18,785"
6,53,"65,570"
6,55,"52,514"
6,69,"34,063"
6,75, (D)
6,79,"106,452"
6,81,"7,155"
6,85,"26,611"
6,87,"10,030"
6,97,"129,601"
6,35,"28,308"
6,49,"16,294"
6,63, (D)
6,15,"1,349"
6,23,"166,733"
6,45,"270,526"
6,7,"13,577"
6,11,"12,150"
6,21,"9,127"
6,67,"4,294"
6,95,"11,650"
6,101,"6,660"
6,103,"71,620"
6,113,"15,457"
6,115,"30,116"
6,19,"31,281"
6,29,"39,517"
6,31, (D)
6,39,"15,327"
6,47,"3,968"
6,77,"3,189"
6,99,"4,167"
6,107,"17,737"
6,3, (D)
6,5,"30,797"
6,9,"39,135"
6,17,"26,624"
6,27,"8,660"
6,43,"23,102"
6,51,780
6,57,"9,151"
6,61,"33,051"
6,91,"4,704"
6,109,"12,635"
6,89,"96,061"
6,93,"122,742"
6,105,"19,020"
6,37,"3,967"
6,59,991
6,65,"2,300"
6,71,"1,112"
6,73,"14,414"
6,83,"49,947"
6,111,"7,156"
8,1,923
8,5,749
8,17,"3,958"
8,35,"7,709"
8,41,"4,740"
8,39,"7,390"
8,61,341
8,63,198
8,73, (D)
8,95,930
8,121,"1,367"
8,125,9
8,13,"6,053"
8,14, (D)
8,59,"28,489"
8,69,"32,373"
8,75, (D)
8,87,"1,808"
8,115,50
8,123,"7,918"
8,15,"4,758"
8,19,"6,693"
8,37,"37,817"
8,47,"1,816"
8,49,"25,498"
8,51,"34,181"
8,57,"34,101"
8,65,219
8,81,"50,502"
8,93,"11,804"
8,97,"4,114"
8,103,"14,619"
8,107,"71,808"
8,117,"3,573"
8,119,"16,102"
8,3,"3,014"
8,21,"16,909"
8,23, (D)
8,79, (D)
8,105,"2,654"
8,109,"10,734"
8,9, (D)
8,11, (D)
8,25, (D)
8,27,"14,655"
8,43,"20,925"
8,55,"24,534"
8,71,"130,813"
8,89,824
8,99,"3,091"
8,101,"9,138"
8,7,"33,595"
8,29,"27,966"
8,33,"15,783"
8,45,"65,289"
8,53,"4,579"
8,67,"124,204"
8,77,"31,910"
8,83,"31,933"
8,85,"34,260"
8,91,"17,365"
8,113,"10,697"
9,1,"4,363"
9,3,"10,967"
9,5,"32,148"
9,7,"4,287"
9,9,"5,623"
9,11,"23,492"
9,13,"12,635"
9,15,"19,840"
10,1,"17,347"
10,3,"6,501"
10,5,"19,730"
12,1,"40,788"
12,7,"18,828"
12,17,"16,985"
12,19, (D)
12,35,"55,892"
12,41,"9,909"
12,53,"10,572"
12,57,"19,554"
12,69,"31,799"
12,75,"46,526"
12,83,"77,334"
12,95,"27,627"
12,97,"122,319"
12,101,"42,103"
12,103, (D)
12,105,"67,995"
12,107,"35,316"
12,117,"3,111"
12,109,"7,169"
12,119,"67,135"
12,125,"15,074"
12,127,"33,418"
12,3,"20,436"
12,23,"25,815"
12,29,"20,415"
12,31,"12,946"
12,47,"31,309"
12,67,"26,475"
12,79,"51,502"
12,89,"38,300"
12,121,"37,536"
12,123,"34,665"
12,5,"64,185"
12,13,"77,524"
12,33,"16,052"
12,37, (D)
12,39,"26,374"
12,45, (D)
12,59,"32,313"
12,63,"57,576"
12,65,"90,215"
12,73,"63,318"
12,77,"28,665"
12,91,"19,210"
12,113,"16,857"
12,129,"17,195"
12,131,"38,168"
12,133,"16,287"
12,9,"73,382"
12,11,"1,170"
12,15,"45,162"
12,21,"26,453"
12,27,"37,457"
12,43,"181,575"
12,49,"62,030"
12,51,"31,869"
12,55,"56,248"
12,61,"31,662"
12,71,"17,586"
12,81,"25,921"
12,85,"23,298"
12,86,"2,273"
12,87, (D)
12,93,"33,023"
12,99,"5,172"
12,115,"9,494"
12,111,"22,699"
13,9,"18,385"
13,21,"1,726"
13,23,"19,806"
13,35,"13,521"
13,79,"16,057"
13,91,"48,768"
13,133,"45,499"
13,141,"21,581"
13,153,"15,106"
13,159,"17,848"
13,167,"36,288"
13,169,"18,954"
13,175,"92,124"
13,207,"31,962"
13,209,"27,871"
13,211,"23,030"
13,217,"17,981"
13,225,"17,457"
13,235,"19,102"
13,237,"8,530"
13,247,"1,403"
13,265,"10,238"
13,283,"14,769"
13,289,"20,219"
13,303,"46,147"
13,309,"41,964"
13,319,"13,596"
13,31,"56,246"
13,33,"64,107"
13,43,"21,111"
13,73,"14,439"
13,103,"17,855"
13,107,"74,594"
13,125,"9,832"
13,163,"43,110"
13,165,"38,968"
13,189,"19,844"
13,245,"7,737"
13,251,"88,010"
13,301,"17,789"
13,13,"5,836"
13,57,"8,007"
13,59,"2,952"
13,67,784
13,85,"8,342"
13,89,112
13,111,"5,920"
13,117,"3,929"
13,121,"6,133"
13,123,"10,115"
13,135,"2,115"
13,139,"8,872"
13,157,"16,842"
13,187,"11,604"
13,219,"14,908"
13,227,"3,850"
13,281,"1,879"
13,291,"6,017"
13,297,"16,294"
13,311,"4,985"
13,11,"14,628"
13,105,"31,911"
13,119,"18,164"
13,137,"4,836"
13,147,"12,863"
13,181,"9,208"
13,195,"14,275"
13,221,"29,844"
13,241,"2,081"
13,257,"4,365"
13,317,"50,077"
13,15,"28,921"
13,47,"3,704"
13,55,"21,310"
13,83,"17,148"
13,115,"23,602"
13,129,"12,292"
13,213,"18,646"
13,223,"4,529"
13,233,"16,114"
13,295,"28,290"
13,313,"7,463"
13,3,"19,111"
13,17,"22,256"
13,19,"36,370"
13,27,"63,244"
13,65,"13,147"
13,69,"60,122"
13,71,"47,781"
13,75,"16,246"
13,81,"26,881"
13,93,"58,713"
13,101,"10,026"
13,155,"33,607"
13,161,"18,963"
13,173,"13,299"
13,185,"24,100"
13,271,"26,990"
13,277,"31,401"
13,287,"21,442"
13,315,"25,732"
13,321,"68,080"
13,1,"24,945"
13,5,"14,029"
13,25,"13,423"
13,29,"20,270"
13,39,"2,216"
13,49,"13,926"
13,51,"1,192"
13,109,"12,835"
13,127,897
13,179,"3,210"
13,183,"4,714"
13,191,"1,374"
13,229,"26,290"
13,267,"41,147"
13,279,"28,063"
13,299,"34,372"
13,305,"31,621"
13,7,"66,868"
13,37,"42,352"
13,61,"17,264"
13,87,"41,967"
13,95,"31,521"
13,99,"63,251"
13,131,"37,975"
13,177,"46,197"
13,201,"13,107"
13,205,"46,529"
13,239,"12,628"
13,243,"41,004"
13,253,"15,523"
13,259,"37,537"
13,261,"56,833"
13,273,"39,585"
13,275,"82,987"
13,307,"17,623"
13,45,"22,556"
13,53,"1,477"
13,63,195
13,77,"17,682"
13,97,"3,192"
13,113,"3,280"
13,143,"8,331"
13,145,"17,272"
13,149,"13,416"
13,151,"3,895"
13,171,"10,003"
13,193,"33,136"
13,197,"26,639"
13,199,"29,597"
13,215,"3,523"
13,231,"13,745"
13,249,"21,609"
13,255,"3,963"
13,263,"18,646"
13,269,"26,055"
13,285,"25,173"
13,293,"10,504"
15,1,"55,880"
15,7,"8,306"
15,9,"17,877"
15,3,"6,750"
16,5,"9,958"
16,7,"4,639"
16,11,"4,603"
16,19,"11,987"
16,23,594
16,29,"6,386"
16,33, (D)
16,37,"2,841"
16,41,"10,315"
16,43,"3,736"
16,51,"11,369"
16,59,"5,217"
16,65,"2,392"
16,71,"6,689"
16,77,"3,771"
16,81,"4,657"
16,9,"41,242"
16,17,"38,597"
16,21,"14,446"
16,35,"16,266"
16,49,"80,494"
16,55,"59,862"
16,57,"62,861"
16,61,"12,155"
16,69,"37,812"
16,79,841
16,13,"2,099"
16,25, (D)
16,31,"2,315"
16,47,"2,552"
16,53,"5,468"
16,63, (D)
16,67,172
16,83,352
16,1,401
16,3,"9,128"
16,15,"4,279"
16,27,"1,601"
16,39, (D)
16,45,"5,380"
16,73,"13,253"
16,75,"1,336"
16,85,"7,013"
16,87,"8,088"
17,39,"3,606"
17,107,"6,427"
17,115,"5,288"
17,123,"8,428"
17,125,"12,063"
17,113,"5,963"
17,129,"14,504"
17,143,"16,122"
17,175,"2,783"
17,179,"10,053"
17,203,"12,462"
17,19,"3,520"
17,53,"1,383"
17,75,"8,827"
17,91,"4,908"
17,105,"7,182"
17,147,"1,231"
17,183,"15,167"
17,23,"22,034"
17,25,"19,974"
17,29,"9,190"
17,33,"15,696"
17,35,"17,093"
17,41,"2,229"
17,45,"10,272"
17,49,"23,016"
17,51,"31,351"
17,79,"17,715"
17,101,"12,012"
17,121,"25,123"
17,139,"2,121"
17,159,"10,919"
17,173,"18,720"
17,7,"1,663"
17,31,256
17,37,"1,784"
17,43,254
17,63,"3,387"
17,89,"1,968"
17,93,"1,196"
17,99,"10,857"
17,97,"1,433"
17,111,"4,069"
17,197,"1,760"
17,11,"14,016"
17,15,"16,085"
17,73,"17,571"
17,85,"35,376"
17,103,"3,961"
17,131,"15,133"
17,141,"10,988"
17,155,"3,475"
17,161,"14,198"
17,177,"7,656"
17,195,"11,467"
17,201,"6,569"
17,47,"6,933"
17,55,"11,008"
17,59,"9,093"
17,65,"17,376"
17,69,"9,213"
17,81,"21,737"
17,127,"10,065"
17,151,"20,561"
17,165,"9,369"
17,185,"4,404"
17,191,"23,050"
17,193,"19,763"
17,3,"4,967"
17,27,"11,637"
17,77,"25,181"
17,87,"26,699"
17,133,"16,480"
17,145,"14,456"
17,153,"11,268"
17,157,"27,262"
17,163,"8,473"
17,181,"19,635"
17,189,"12,942"
17,199,"13,265"
17,1,"48,114"
17,9,"35,153"
17,57,"47,085"
17,67,"33,927"
17,71,"9,177"
17,95,"22,593"
17,109,"16,578"
17,169,"36,163"
17,187,"11,165"
17,5,"10,865"
17,13,"30,370"
17,17,"14,017"
17,21,"8,947"
17,61,"38,054"
17,83,"24,201"
17,117,"34,391"
17,119,"14,311"
17,135,"20,177"
17,137,"14,840"
17,149,"62,284"
17,167,"10,547"
17,171,"9,002"
18,5,"7,214"
18,11,"3,927"
18,23,"3,300"
18,31,"11,758"
18,53,"3,031"
18,57,"3,928"
18,59,"2,916"
18,63,"3,205"
18,67,"3,549"
18,81,"8,562"
18,95,"3,874"
18,97,565
18,109,"13,143"
18,139,"7,310"
18,145,"6,484"
18,159,"3,001"
18,9,"2,155"
18,35,"4,019"
18,41,"6,820"
18,65,"5,306"
18,75,"9,060"
18,135,"7,876"
18,161,"6,067"
18,177,"15,990"
18,15,"5,177"
18,17,"7,577"
18,39,"9,976"
18,49,"7,684"
18,85,"15,297"
18,99,"10,742"
18,103,"8,991"
18,141,"8,029"
18,169,"12,711"
18,1,"7,005"
18,3,"17,271"
18,33,"11,222"
18,69,"6,467"
18,87,"21,244"
18,113,"13,840"
18,151,"9,007"
18,179,"4,532"
18,183,"10,252"
18,7,"1,054"
18,73,"6,309"
18,91,"7,794"
18,89,"2,129"
18,111,"4,019"
18,127,"2,980"
18,131,"7,778"
18,149,"8,489"
18,181,"5,532"
18,13,"6,262"
18,25,"21,241"
18,43,"5,863"
18,61,"23,995"
18,71,"28,926"
18,93,"31,879"
18,105,"11,366"
18,117,"16,336"
18,123,"20,635"
18,175,"30,869"
18,19,"12,617"
18,29,"17,104"
18,47,"22,342"
18,77,"24,173"
18,79,"25,275"
18,115,"6,292"
18,137,"24,761"
18,143,"6,728"
18,155,"13,439"
18,27,"12,354"
18,37,"23,171"
18,51,"9,804"
18,55,"18,845"
18,83,"9,806"
18,101,"18,214"
18,125,"9,537"
18,129,"11,666"
18,147,"19,390"
18,153,"11,482"
18,163,"1,277"
18,173,"5,810"
18,21,"12,639"
18,45,"15,827"
18,107,"11,420"
18,119,"23,612"
18,121,"28,775"
18,133,"24,851"
18,157,"8,490"
18,165,"9,537"
18,167,"12,410"
18,171,"9,596"
19,15,"9,505"
19,49,"9,592"
19,75,"1,690"
19,79,"4,258"
19,83,"4,334"
19,99,"6,937"
19,127,"4,672"
19,153,"6,500"
19,157,"4,685"
19,169,"4,819"
19,171,"12,250"
19,187,"9,036"
19,11,"9,822"
19,31,"7,579"
19,45,"13,007"
19,95,"19,723"
19,97,"35,086"
19,103,"11,404"
19,105,"18,959"
19,113,"13,660"
19,139,"15,213"
19,163,"7,480"
19,23,"9,030"
19,33,"3,010"
19,67,"6,941"
19,69,"3,600"
19,81,972
19,91,"2,574"
19,109,"3,416"
19,131,"4,712"
19,189,"2,111"
19,195,"2,993"
19,197,"2,239"
19,5,"57,944"
19,13,"4,259"
19,17,"7,612"
19,19,"6,983"
19,37,"7,753"
19,43,"65,815"
19,55,"16,686"
19,61,"23,656"
19,65,"20,198"
19,89,"8,115"
19,191,"31,080"
19,21,"2,892"
19,35,"5,309"
19,41,"4,801"
19,59,476
19,63,"1,367"
19,119,"1,256"
19,141,"1,823"
19,143,151
19,147,"1,391"
19,149,"3,519"
19,151,764
19,167,"1,645"
19,7,"17,966"
19,39,"18,872"
19,53,"27,445"
19,117,"17,896"
19,121,"24,683"
19,125,"17,907"
19,135,"31,676"
19,159,"14,163"
19,175,"8,904"
19,181,"18,213"
19,185,"18,375"
19,51,"23,150"
19,57,"13,379"
19,87,"21,317"
19,101,"12,910"
19,107,"17,396"
19,111,"26,171"
19,115,"11,091"
19,123,"15,374"
19,177,"28,663"
19,179,"17,522"
19,183,"16,893"
19,1,"6,473"
19,3,"5,697"
19,29,"3,522"
19,71,"5,765"
19,129,"5,388"
19,137,"4,730"
19,145,"5,966"
19,155,"8,644"
19,173,"12,034"
19,9,"1,577"
19,25,"1,713"
19,27,"2,354"
19,47,"6,055"
19,73,"7,104"
19,77,"16,962"
19,85,"12,784"
19,93,"1,225"
19,133,"14,384"
19,161,"2,607"
19,165,"2,151"
19,193,"9,245"
20,9,"3,384"
20,41,"7,467"
20,51,"3,471"
20,53,"1,888"
20,105,"4,163"
20,115,"4,154"
20,113,"3,767"
20,159,"3,390"
20,165,237
20,167,"2,951"
20,169,"2,843"
20,3,"15,705"
20,17,"3,045"
20,31,"10,533"
20,45,"11,992"
20,59,"19,007"
20,61,"2,860"
20,91,"9,145"
20,107,"32,096"
20,111,"8,004"
20,121,"19,684"
20,127,"5,952"
20,139,"16,501"
20,177,"12,716"
20,197,"12,658"
20,27,"3,731"
20,29,"4,029"
20,89,"3,356"
20,123,"1,412"
20,141,"1,843"
20,143,"2,977"
20,147,"3,169"
20,157,"3,810"
20,163,"5,009"
20,183,"3,852"
20,201,"12,120"
20,5,"9,677"
20,13,"11,374"
20,43,"12,553"
20,85,"13,704"
20,87,"19,850"
20,103,"26,362"
20,117,"9,182"
20,131,"7,393"
20,149,"25,471"
20,161,"7,230"
20,209,903
20,23, (D)
20,39,"1,584"
20,65,"5,286"
20,137,"1,607"
20,153,465
20,179,407
20,181,"1,331"
20,193,182
20,7,"7,186"
20,33,929
20,47,219
20,77,"4,268"
20,79,"1,865"
20,95,"4,921"
20,97,"2,324"
20,145,189
20,151,"2,031"
20,155,"6,223"
20,173,"4,273"
20,185,"4,392"
20,191,"8,854"
20,1,"5,585"
20,11,"24,923"
20,15,"10,417"
20,19,"16,403"
20,21,"9,567"
20,35,"10,504"
20,37,"12,608"
20,49,"11,725"
20,73,"9,955"
20,99,"13,844"
20,125,"16,178"
20,133,"9,316"
20,205,"11,742"
20,207,"5,614"
20,25,"1,553"
20,55, (D)
20,57,"3,668"
20,67,"1,478"
20,69, (D)
20,75, (D)
20,81, (D)
20,83,"2,081"
20,93,591
20,119,727
20,129,996
20,175,720
20,187, (D)
20,189,548
20,63,434
20,71,395
20,101,110
20,109, (D)
20,135,439
20,171,183
20,195,281
20,199,251
20,203, (D)
21,5,"18,348"
21,11,"26,604"
21,17,"10,644"
21,21,"12,467"
21,49,"13,523"
21,67,"4,198"
21,69,"26,794"
21,73,"18,412"
21,79,"17,494"
21,97,"26,114"
21,113,"7,496"
21,137,"33,272"
21,151,"35,404"
21,161,"18,419"
21,167,"14,070"
21,173,"12,919"
21,181,"12,844"
21,201,"9,514"
21,209,"16,543"
21,211,"23,400"
21,215,"14,413"
21,229,"26,950"
21,239,"13,360"
21,1,"45,980"
21,3,"34,681"
21,9,"31,089"
21,27,"81,417"
21,29,"11,261"
21,31,"42,359"
21,45,"60,183"
21,53,"16,507"
21,57,"38,355"
21,61,"21,529"
21,85,"54,833"
21,87,"36,438"
21,93,"43,254"
21,99,"42,845"
21,111,"5,779"
21,123,"19,202"
21,155,"30,883"
21,163,"22,533"
21,169,"35,543"
21,171,"43,422"
21,179,"42,705"
21,207,"20,183"
21,217,"26,717"
21,227,"44,128"
21,13,"6,760"
21,19,"8,275"
21,25,"15,641"
21,43,"35,333"
21,51,"28,366"
21,63,"23,394"
21,65,"22,567"
21,71,"4,895"
21,89,"33,671"
21,95,"4,971"
21,109,"25,144"
21,115,"12,597"
21,119,"7,834"
21,121,"17,355"
21,125,"19,125"
21,127,"27,471"
21,129,"12,058"
21,131,670
21,133,"3,019"
21,135,"52,367"
21,153,"26,676"
21,159,"3,150"
21,147,"7,899"
21,165,"15,531"
21,175,"53,202"
21,189,"10,597"
21,193,"5,976"
21,195,"5,811"
21,197,"12,131"
21,199,"49,256"
21,203,"28,826"
21,205,"15,913"
21,231,"33,337"
21,235,"18,523"
21,237,"15,042"
21,33,"26,850"
21,47,"59,419"
21,55,"47,467"
21,59,"23,520"
21,91,"13,808"
21,101,"11,982"
21,107,"30,737"
21,141,"42,854"
21,149,"9,718"
21,177,"26,008"
21,183,"36,366"
21,213,"7,577"
21,219,"21,636"
21,225,"7,019"
21,233,"23,338"
21,15,"20,440"
21,23,"21,481"
21,37,"11,359"
21,41,"16,858"
21,77,"9,229"
21,81,"18,990"
21,103,"22,272"
21,117,"6,738"
21,185,"11,078"
21,187,"35,715"
21,191,"29,459"
21,223,"20,728"
21,7,"8,208"
21,35,"15,183"
21,39,"8,173"
21,75,"8,247"
21,83,"26,575"
21,105,"7,906"
21,139,"24,217"
21,143,"6,433"
21,157,"12,842"
21,145,"5,681"
21,221,"25,463"
22,9,"31,031"
22,25,"38,626"
22,29,"54,457"
22,39,"11,068"
22,43,"16,807"
22,59,"9,460"
22,77,"23,142"
22,79,"25,530"
22,97,"17,997"
22,121,"1,048"
22,33,"8,659"
22,37,"62,971"
22,63,"8,637"
22,91,"9,479"
22,103,"12,566"
22,105,"16,846"
22,117,"23,118"
22,125,"30,123"
22,13,"13,372"
22,21,"30,278"
22,27,"33,104"
22,49,"9,262"
22,61,"31,955"
22,73,"24,671"
22,111,"26,350"
22,127,"15,000"
22,35,"15,191"
22,41,"31,386"
22,65,"36,128"
22,67,"34,233"
22,83,"34,273"
22,107,"28,100"
22,123,"26,994"
22,15,"29,363"
22,17,"36,102"
22,31,"40,261"
22,81,"19,606"
22,119,"22,134"
22,7,"2,847"
22,45,"2,883"
22,47, (D)
22,55,"1,922"
22,99,"7,302"
22,101,"2,114"
22,5,"2,354"
22,51,"1,295"
22,57,"10,876"
22,71,420
22,75, (D)
22,87,"1,038"
22,89,"3,569"
22,93, (D)
22,95, (D)
22,109,"5,761"
22,1,"13,029"
22,3,"13,074"
22,11,"49,125"
22,19,"48,399"
22,23,"2,135"
22,53,"9,378"
22,113,"33,079"
22,69,"35,764"
22,85,"12,670"
22,115,"14,133"
23,9,"41,925"
23,19,"52,029"
23,21,"37,100"
23,25,"102,977"
23,27,"25,751"
23,29,"82,718"
23,3,"109,605"
23,1,"22,610"
23,5,"25,390"
23,7,"29,293"
23,11,"35,969"
23,13,"11,126"
23,15,"14,059"
23,17,"50,843"
23,23,"8,818"
23,31,"35,316"
24,19,"27,408"
24,39,"15,243"
24,45,"13,910"
24,47,"20,705"
24,5,"8,548"
24,13,"13,595"
24,21,"19,185"
24,25,"8,638"
24,27,"5,414"
24,31,"6,122"
24,43,"16,646"
24,3,"6,580"
24,9,"8,639"
24,17,"8,830"
24,33,"9,650"
24,37,"17,890"
24,11,"13,740"
24,15,"8,407"
24,29,"15,826"
24,35,"18,719"
24,41,"8,019"
24,1,"14,748"
24,23,"30,185"
25,1,"2,582"
25,3,"27,281"
25,5,"10,521"
25,7, (D)
25,9,"4,326"
25,11,"48,995"
25,13,"18,129"
25,15,"20,737"
25,17,"7,444"
25,19, (D)
25,21,"1,791"
25,23,"10,123"
25,27,"39,243"
26,35,"9,965"
26,51,"11,525"
26,57,"11,791"
26,73,"22,750"
26,107,"18,084"
26,111,"10,941"
26,117,"22,815"
26,133,"17,155"
26,11,"10,049"
26,17,"7,426"
26,63,"15,702"
26,145,"16,195"
26,151,"16,354"
26,157,"16,132"
26,1,"6,618"
26,7,"13,334"
26,31,"12,393"
26,39,"1,634"
26,69,"5,496"
26,119,"4,549"
26,129,"14,218"
26,135,"5,892"
26,137,"8,445"
26,141,"13,821"
26,143,"1,302"
26,9,"11,518"
26,19,"5,920"
26,29,"8,343"
26,47,"9,017"
26,55,"6,959"
26,79,"6,404"
26,89,"11,886"
26,101,"12,952"
26,113,"12,568"
26,165,"8,346"
26,15,"16,423"
26,23,"21,513"
26,25,"21,262"
26,37,"14,508"
26,45,"17,254"
26,59,"22,251"
26,65,"12,534"
26,67,"17,618"
26,75,"13,505"
26,155,"12,344"
26,149,"16,478"
26,49,"7,703"
26,87,"17,752"
26,91,"16,850"
26,93,"9,206"
26,99,"3,495"
26,115,"7,253"
26,125,"3,688"
26,147,"10,547"
26,161,"11,562"
26,163,655
26,5,"15,966"
26,21,"10,689"
26,27,"19,170"
26,77,"13,009"
26,81,"13,989"
26,139,"10,043"
26,159,"18,151"
26,3,"6,580"
26,13,"5,285"
26,33,"15,388"
26,41,"20,085"
26,43,"9,946"
26,53,"2,454"
26,61,"7,343"
26,71,"9,966"
26,83,72
26,95,"2,063"
26,97,"7,943"
26,103,"13,862"
26,109,"22,848"
26,131,"11,054"
26,153,"5,097"
26,85,"5,279"
26,105,"12,396"
26,121,"9,411"
26,123,"24,599"
26,127,"20,064"
27,9,"13,263"
27,19,"8,276"
27,67,"11,955"
27,85,"4,397"
27,93,"11,023"
27,97,"63,659"
27,129,"6,506"
27,139,"6,353"
27,141,"11,027"
27,143,"6,246"
27,145,"42,204"
27,153,"46,766"
27,159,"22,452"
27,171,"12,784"
27,1,"25,483"
27,3,"3,500"
27,17,"25,700"
27,25,"14,663"
27,35,"23,444"
27,53,"2,929"
27,59,"15,341"
27,65,"22,883"
27,95,"15,550"
27,115,"36,925"
27,123,120
27,163,"4,982"
27,7,"35,994"
27,21,"26,718"
27,57,"22,326"
27,61,"19,275"
27,71,"15,576"
27,77,"14,968"
27,31,"1,041"
27,75,"1,043"
27,137,"44,303"
27,5,"53,025"
27,27,"9,369"
27,29,"29,209"
27,69,"33,718"
27,87,"13,728"
27,89,"39,899"
27,107,"9,343"
27,113,"16,640"
27,119,"31,429"
27,125,"8,266"
27,135,"44,435"
27,13,"9,511"
27,15,"7,587"
27,43,"4,683"
27,47,"4,979"
27,79,"8,252"
27,91,"1,993"
27,103,"6,643"
27,131,"13,356"
27,147,"3,062"
27,161,"4,282"
27,165,"2,373"
27,37,"5,610"
27,39,"4,926"
27,45,"41,818"
27,49,"22,640"
27,55,"58,775"
27,99,"6,835"
27,109,"15,479"
27,157,"31,276"
27,169,"51,254"
27,33,"2,916"
27,63,"2,545"
27,81,"1,337"
27,83,"1,844"
27,101,"1,653"
27,105,873
27,117,866
27,127,"4,289"
27,133,394
27,11,"1,505"
27,23,"2,360"
27,41,"18,304"
27,51,"2,146"
27,73,"3,225"
27,111,"91,198"
27,121,"10,000"
27,149,"1,747"
27,151,"2,391"
27,155,"4,018"
27,167,866
27,173,"3,838"
28,7,"74,295"
28,15,"68,874"
28,19,"38,366"
28,51,"75,276"
28,79,"35,536"
28,89,"74,250"
28,97,"31,980"
28,121,"53,038"
28,123,"42,042"
28,155,"32,337"
28,17,"41,571"
28,25,"50,133"
28,69,"68,279"
28,87,"42,806"
28,95,"51,954"
28,99,"42,394"
28,103,"54,228"
28,105,"34,874"
28,159,"55,935"
28,53,"12,905"
28,55,"42,078"
28,83,"30,705"
28,125,"23,657"
28,133,"41,195"
28,151,"12,160"
28,163,"101,957"
28,9,"26,441"
28,13,"47,550"
28,33,"23,792"
28,43,"30,609"
28,71,"48,774"
28,93,"75,524"
28,107,"54,595"
28,137,"35,000"
28,161,"34,472"
28,3,"24,747"
28,57,"34,894"
28,81,"18,204"
28,115,"40,583"
28,117,"37,827"
28,139,"44,191"
28,141,"17,767"
28,145,"45,685"
28,31,"32,274"
28,65,"23,798"
28,73,"41,222"
28,77,"21,007"
28,91,"39,723"
28,113,"25,841"
28,127,"36,084"
28,129,"25,359"
28,147,"36,121"
28,23,"79,862"
28,35,"23,927"
28,39,"16,502"
28,41,"40,747"
28,45,"10,049"
28,47,"3,928"
28,59,"13,871"
28,61,"62,862"
28,67,"59,630"
28,75,"46,266"
28,101,"45,043"
28,109,"48,868"
28,111,"18,977"
28,131,"18,243"
28,153,"42,222"
28,1,"29,036"
28,5,"39,624"
28,21,"34,878"
28,29,"68,937"
28,37,"22,391"
28,49,"85,292"
28,63,"31,616"
28,85,"41,323"
28,149,"46,665"
28,157,"63,129"
28,11,"22,329"
28,27,"20,925"
28,119,"34,497"
28,135,"52,174"
28,143,"5,939"
29,15,"48,145"
29,19,"31,402"
29,27,"53,303"
29,29,"43,877"
29,51,"42,067"
29,53,"37,271"
29,59,"50,678"
29,85,"39,891"
29,89,"35,759"
29,105,"77,787"
29,125,"72,084"
29,131,"75,516"
29,135,"33,934"
29,141,"40,067"
29,151,"100,201"
29,159,"48,218"
29,161,"49,535"
29,167,"61,786"
29,169,"32,196"
29,195,"32,086"
29,55,"52,008"
29,71,"65,387"
29,73,"70,391"
29,99,"30,105"
29,113,"32,156"
29,139,"33,395"
29,157,"52,853"
29,183,"18,469"
29,187,"44,864"
29,189,"4,506"
29,186,"53,767"
29,219,"26,541"
29,221,"40,445"
29,1,"36,015"
29,33,"27,272"
29,41,"35,339"
29,79,"17,754"
29,115,"28,563"
29,117,"22,452"
29,121,"51,344"
29,129,"27,654"
29,171,"29,178"
29,175,"36,947"
29,197,"20,116"
29,211,"29,330"
29,7,"22,579"
29,45,"26,723"
29,103,"22,813"
29,111,"26,998"
29,127,"24,024"
29,137,"47,777"
29,163,"47,483"
29,173,"29,101"
29,199,"23,806"
29,205,"29,775"
29,3,"14,101"
29,5,"6,613"
29,21,"10,082"
29,25,"22,973"
29,47,"7,478"
29,49,"14,187"
29,61,"35,028"
29,63,"13,586"
29,75,"20,788"
29,81,"34,400"
29,87,"6,930"
29,147,"16,742"
29,165,"12,604"
29,177,"24,674"
29,227,"12,528"
29,17,"46,882"
29,35,"42,791"
29,65,"62,113"
29,67,"80,841"
29,91,"88,512"
29,93,"29,931"
29,123,"38,039"
29,149,"63,415"
29,153,"66,694"
29,179,"46,240"
29,181,"49,498"
29,203,"45,485"
29,213,"36,598"
29,215,"103,890"
29,223,"33,380"
29,225,"58,886"
29,229,"68,904"
29,23,"19,184"
29,31,"28,880"
29,69, (D)
29,133,"4,206"
29,143,"4,060"
29,155, (D)
29,201,"7,221"
29,207,"14,566"
29,9,"51,940"
29,11,"22,761"
29,43,"29,641"
29,57,"22,737"
29,77,"27,984"
29,97,"26,809"
29,109,"30,342"
29,119,"49,721"
29,145,"33,903"
29,209,"23,190"
29,13,"32,010"
29,37,"21,859"
29,39,"33,913"
29,83,"29,804"
29,95,"7,079"
29,101,"33,013"
29,107,"19,324"
29,185,"40,372"
29,217,"36,827"
30,7,"16,129"
30,13,"58,884"
30,27,"53,530"
30,37,"16,529"
30,45,"21,225"
30,49,"66,159"
30,59,"56,468"
30,65,"84,977"
30,69, (D)
30,107,"26,732"
30,5,"20,120"
30,15,"31,264"
30,35,"24,036"
30,41,"21,287"
30,51, (D)
30,71,"5,829"
30,73,"2,869"
30,99,"8,927"
30,101,940
30,19,321
30,21,"8,849"
30,33,"5,331"
30,55,500
30,83,"9,373"
30,85,"5,567"
30,91,741
30,105,"2,347"
30,23,"7,036"
30,29,"38,184"
30,39,"50,613"
30,47, (D)
30,53,"18,241"
30,61,"9,700"
30,63,"192,240"
30,77,"151,373"
30,81,"51,655"
30,89,"397,028"
30,3,"289,030"
30,9,"25,952"
30,67,"50,664"
30,95,"31,387"
30,97,"20,769"
30,103, (D)
30,111,"70,552"
30,11,"20,494"
30,17,"65,840"
30,25,276
30,75,"37,164"
30,79, (D)
30,87,"65,765"
30,109, (D)
30,1,"8,627"
30,31,"36,349"
30,43,"15,037"
30,57,"23,787"
30,93,"11,401"
31,19,"2,873"
31,41,"7,964"
31,47,"2,315"
31,77,650
31,79,"1,038"
31,93,"2,299"
31,163,700
31,175,562
31,23,"6,068"
31,25,"6,648"
31,37,"1,223"
31,53,"4,398"
31,55,"2,251"
31,81,"2,640"
31,109,"6,730"
31,121,"1,772"
31,125,"3,194"
31,141,"1,702"
31,143,"1,063"
31,153,"1,606"
31,155,"3,808"
31,159,"6,175"
31,177,"2,834"
31,185,"1,744"
31,5, (D)
31,9,"3,263"
31,15,"2,130"
31,17,"7,564"
31,31,"9,183"
31,71,469
31,75, (D)
31,89,"16,004"
31,91,660
31,103,"20,188"
31,113,363
31,115,637
31,117,829
31,149,"2,961"
31,171,555
31,183,777
31,3,"4,154"
31,11,"2,326"
31,21,"2,247"
31,27,"2,300"
31,39,"2,344"
31,43,"4,362"
31,51,"5,388"
31,107,"9,513"
31,119,"2,214"
31,139,"2,419"
31,167,"1,536"
31,173,"9,035"
31,179,720
31,7,110
31,13,"2,737"
31,33,544
31,45,"25,143"
31,49,99
31,69,251
31,105,"3,364"
31,123,457
31,157,"1,279"
31,161,"19,326"
31,165,"13,280"
31,1,"2,062"
31,61,"2,413"
31,65,"2,418"
31,73,"4,343"
31,83,"1,592"
31,99,190
31,137,611
31,181,"2,348"
31,35,749
31,59,"1,008"
31,67,"12,722"
31,95,"6,819"
31,97,"4,616"
31,127,"4,081"
31,129,"2,834"
31,131,"6,914"
31,133,"8,446"
31,147,"9,637"
31,151,"7,710"
31,169,"1,866"
31,29,318
31,57,"3,438"
31,63,521
31,85,353
31,87,"1,118"
31,101,931
31,111,"7,965"
31,135,221
31,145,"1,180"
32,7,"5,967"
32,11, (D)
32,15, (D)
32,33,570
32,1,127
32,5, (D)
32,13,"6,210"
32,19,"2,355"
32,27, (D)
32,31,855
32,3,571
32,17,"2,149"
32,23,"2,700"
33,1,"15,894"
33,3,"24,137"
33,5,"34,892"
33,7,"24,886"
33,9,"46,052"
33,11,"23,017"
33,13,"28,649"
33,15,"15,881"
33,17,"13,683"
33,19,"22,449"
34,5,"25,049"
34,21,"5,010"
34,23,"3,042"
34,25,"6,517"
34,29,"2,474"
34,3,315
34,13, (D)
34,17, (D)
34,19,"17,802"
34,27,"4,329"
34,31,947
34,35,"7,098"
34,37,"20,257"
34,39, (D)
34,41,"16,754"
34,1,"6,782"
34,7,"1,831"
34,9,"1,630"
34,11,"7,419"
34,15,"8,281"
34,33,"9,750"
35,7,"672,039"
35,9,"3,396"
35,11, (D)
35,19,"61,580"
35,21,"3,946"
35,33,"114,886"
35,37, (D)
35,41, (D)
35,47,"152,956"
35,57,"26,250"
35,59,"39,244"
35,1,"19,045"
35,6,"90,755"
35,31,"69,154"
35,39,"582,409"
35,45,"54,949"
35,43,"33,888"
35,49,"10,805"
35,55,"97,598"
35,61,"2,708"
35,5,372
35,13,973
35,15,"6,496"
35,25,696
35,27,"30,863"
35,35,"206,775"
35,3,"95,438"
35,17,"16,796"
35,23, (D)
35,51,"4,306"
35,53,"12,772"
36,11,"26,141"
36,17,"40,969"
36,23,"32,657"
36,43,"23,156"
36,53,"31,276"
36,65,"42,657"
36,67,"17,754"
36,75,"29,950"
36,77,"40,060"
36,1,"12,497"
36,35,"5,270"
36,57,"13,367"
36,83,"18,514"
36,91,"14,043"
36,93,"4,673"
36,95,"20,338"
36,115,"48,894"
36,59,450
36,81, (D)
36,103,"1,374"
36,19,"52,337"
36,31,"22,958"
36,33,"41,577"
36,41, (D)
36,113,"7,479"
36,45,"36,462"
36,49,"50,024"
36,89,"93,082"
36,21,"15,279"
36,25,"43,172"
36,27,"32,828"
36,39,"9,577"
36,71,"13,023"
36,79,"2,945"
36,87, (D)
36,105,"22,780"
36,111,"24,649"
36,119,"1,170"
36,7,"17,205"
36,15,"19,793"
36,97,"16,572"
36,107,"37,834"
36,109,"14,419"
36,3,"43,879"
36,9,"44,753"
36,13,"56,367"
36,101,"99,480"
36,29,"28,441"
36,37,"14,176"
36,51,"22,993"
36,55,"9,226"
36,63,"12,881"
36,69,"18,497"
36,73,"11,936"
36,99,"12,163"
36,117,"22,413"
36,121,"35,539"
36,123,"17,504"
37,13,"16,410"
37,31,"12,438"
37,49,"15,847"
37,79,"8,269"
37,95,"12,915"
37,101,"31,964"
37,103,"9,394"
37,107,"21,070"
37,137,"4,507"
37,147,"25,083"
37,191,"21,087"
37,195,"17,514"
37,3,"10,388"
37,35,"9,359"
37,37,"28,555"
37,57,"29,569"
37,59,"15,521"
37,97,"29,168"
37,105,"9,612"
37,151,"38,972"
37,159,"22,792"
37,183,"18,479"
37,15,"31,204"
37,29,"4,502"
37,41,"8,278"
37,53,"6,355"
37,55,398
37,65,"31,363"
37,73,"10,793"
37,83,"55,385"
37,91,"19,152"
37,117,"31,216"
37,127,"19,000"
37,131,"53,929"
37,139,"1,150"
37,143,"4,778"
37,177,"1,274"
37,187,"5,245"
37,5,"20,938"
37,9,"37,358"
37,11,"12,152"
37,27,"14,397"
37,171,"44,410"
37,189,"13,552"
37,193,"29,083"
37,197,"14,750"
37,1,"20,261"
37,33,"48,493"
37,63,"7,205"
37,67,"10,095"
37,69,"45,397"
37,77,"61,032"
37,81,"16,038"
37,135,"19,157"
37,145,"20,917"
37,157,"43,509"
37,169,"35,508"
37,181,"37,691"
37,185,"17,596"
37,17,"79,123"
37,19,"16,395"
37,47,"17,256"
37,51,"22,480"
37,61,"43,125"
37,85,"20,662"
37,93,"14,282"
37,129,147
37,133,"12,572"
37,141,"15,568"
37,155,"36,921"
37,163,"57,492"
37,165,"19,553"
37,7,"32,242"
37,25,"12,768"
37,45,"24,554"
37,71,"10,287"
37,109,"9,963"
37,119,"2,629"
37,123,"12,670"
37,125,"35,450"
37,153,"29,507"
37,167,"19,476"
37,179,"14,864"
37,21,"27,086"
37,23,"9,612"
37,39,"9,450"
37,43,"4,114"
37,75,"2,764"
37,87,"19,467"
37,89,"10,418"
37,99,"6,642"
37,113,"7,585"
37,115,"21,796"
37,111,"9,324"
37,121,"6,081"
37,149,"13,755"
37,161,"19,455"
37,173,"7,704"
37,175,"6,090"
37,199,"10,737"
38,27,"2,105"
38,31,"1,810"
38,43,"2,079"
38,83,61
38,93,"2,177"
38,103,"1,368"
38,3,"2,447"
38,17,"3,017"
38,39,"2,080"
38,91,"1,114"
38,97,"1,086"
38,5,"2,352"
38,9,"18,120"
38,49,"13,327"
38,69,"3,232"
38,79,"39,993"
38,19,"8,536"
38,35,"6,191"
38,63,"2,463"
38,67,"13,653"
38,71,"1,255"
38,95,"1,297"
38,99,"10,133"
38,13,828
38,23, (D)
38,61,423
38,75,86
38,101,"20,425"
38,105,502
38,15,"1,244"
38,29,682
38,37,"2,017"
38,59,"4,223"
38,85, (D)
38,21,873
38,45,"1,087"
38,47,168
38,51,237
38,73,"5,916"
38,77,"2,142"
38,81,648
38,1,696
38,7,799
38,11,556
38,33, (D)
38,41,958
38,87,292
38,89,"1,642"
38,25,"1,912"
38,53,"3,182"
38,55,"2,933"
38,57,"3,672"
38,65,"4,357"
39,41,"6,281"
39,45,"16,591"
39,47,"4,025"
39,49,"2,074"
39,83,"23,791"
39,89,"27,555"
39,97,"6,265"
39,101,"6,112"
39,117,"13,697"
39,129,"10,353"
39,141,"44,962"
39,159,"9,122"
39,13,"27,632"
39,19,"20,839"
39,31,"44,024"
39,67,"20,948"
39,75,"30,711"
39,81,"24,486"
39,157,"34,709"
39,5,"21,020"
39,33,"11,195"
39,43,"5,105"
39,77,"16,047"
39,93,"11,593"
39,123,"3,454"
39,139,"22,994"
39,143,"6,608"
39,147,"15,072"
39,175,"10,583"
39,7,"35,172"
39,29,"21,567"
39,35,"1,056"
39,55,"21,203"
39,85,"2,556"
39,99,"8,350"
39,103,"9,975"
39,133,"13,728"
39,151,"11,298"
39,153,"3,831"
39,155,"26,001"
39,169,"17,442"
39,3,"6,583"
39,39,"14,147"
39,51,"6,375"
39,63,"6,678"
39,69,"5,008"
39,95,"1,332"
39,125,"5,234"
39,137,"7,495"
39,161,"4,336"
39,171,"11,632"
39,173,"7,600"
39,1,"39,561"
39,15,"26,195"
39,53,"39,618"
39,71,"26,643"
39,79,"15,922"
39,87,"23,731"
39,131,"28,585"
39,145,"27,883"
39,9,"41,927"
39,59,"41,947"
39,73,"14,569"
39,105,"24,102"
39,111,"38,596"
39,115,"27,806"
39,119,"44,290"
39,121,"20,760"
39,127,"20,532"
39,163,"10,766"
39,167,"45,205"
39,17,"14,255"
39,25,"15,646"
39,27,"10,134"
39,57,"7,162"
39,61,"4,023"
39,113,"5,799"
39,135,"12,613"
39,165,"7,299"
39,11,"7,470"
39,21,"8,870"
39,23,"8,307"
39,37,"11,505"
39,65,"9,066"
39,91,"14,269"
39,107,"9,612"
39,109,"5,678"
39,149,"9,540"
40,17,"15,723"
40,27,"20,944"
40,37,"72,864"
40,51,"31,471"
40,73,"10,650"
40,81,"75,829"
40,83,"36,110"
40,87,"18,575"
40,107,"61,985"
40,109,"19,334"
40,119,"37,079"
40,125,"57,685"
40,133,"59,936"
40,1,"80,840"
40,21,"53,613"
40,61,"50,839"
40,63,"81,485"
40,91,"44,453"
40,101,"36,374"
40,111,"50,326"
40,121,"106,314"
40,135,"51,009"
40,3,"4,470"
40,47,"6,194"
40,53,"6,118"
40,71,"8,737"
40,93,"22,430"
40,103,"18,537"
40,151,"8,767"
40,153,"7,233"
40,35,"19,785"
40,41,"65,556"
40,97,"31,825"
40,105,"22,676"
40,113,"106,783"
40,115,"13,708"
40,117,"28,714"
40,131,"27,062"
40,143,"19,279"
40,145,"15,914"
40,147,"14,864"
40,7,457
40,25,"1,650"
40,45, (D)
40,59, (D)
40,139,"2,179"
40,5,"60,534"
40,13,"40,800"
40,19,"54,781"
40,29,"46,827"
40,49,"35,120"
40,67,"12,726"
40,69,"17,159"
40,85,"36,685"
40,95,"24,483"
40,99,"11,550"
40,123,"49,189"
40,137,"32,244"
40,23,"65,561"
40,77,"51,468"
40,79,"86,251"
40,89,"100,379"
40,127,"77,351"
40,15,"35,614"
40,31,"12,204"
40,33,"11,214"
40,55,"4,052"
40,57,"5,021"
40,65,"7,252"
40,75,"3,638"
40,141,"4,396"
40,9,"4,997"
40,11,"13,683"
40,39,"2,791"
40,43,"24,722"
40,129,"4,660"
40,149,"4,954"
41,21,"34,811"
41,27,"4,082"
41,49,"57,848"
41,55,"1,305"
41,65,"102,868"
41,1,"62,031"
41,59,"113,676"
41,61,"60,377"
41,63,"67,589"
41,3,"40,117"
41,5,"33,907"
41,7,"3,765"
41,9,"15,646"
41,39,"44,338"
41,41,"13,775"
41,43,"23,906"
41,47,"20,753"
41,51,"4,982"
41,53,"23,110"
41,57,"4,264"
41,67,"16,634"
41,71,"24,765"
41,13,"60,886"
41,17,"13,842"
41,23,"102,597"
41,25,"16,547"
41,31,"129,449"
41,35,"63,752"
41,37,"60,666"
41,45,"16,428"
41,69,"98,796"
41,11,"69,160"
41,15,"19,010"
41,19,"128,426"
41,29,"51,682"
41,33,"8,555"
42,13,"13,947"
42,21,"16,992"
42,27,"39,285"
42,33,"19,383"
42,37,"16,774"
42,43,"8,877"
42,61,"37,414"
42,67,"18,287"
42,87,"16,476"
42,93,"5,466"
42,97,"19,462"
42,99,"25,572"
42,109,"16,307"
42,119,"9,573"
42,25,"4,321"
42,77,"4,119"
42,79,"14,117"
42,89,"11,552"
42,95,"3,092"
42,103,"21,359"
42,107,"18,374"
42,15,"67,506"
42,23,"2,886"
42,35,"8,893"
42,47,"9,345"
42,81,"87,755"
42,83,"17,540"
42,105,"34,950"
42,113,"16,389"
42,117,"50,805"
42,69,"6,974"
42,115,"45,399"
42,127,"33,018"
42,131,"21,974"
42,39,"47,286"
42,49,"33,549"
42,53,"1,442"
42,85,"29,856"
42,121,"14,755"
42,123,"24,380"
42,1,"20,096"
42,9,"65,681"
42,41,"10,274"
42,55,"25,631"
42,57,"35,261"
42,133,"25,398"
42,11,"14,045"
42,17,"7,941"
42,29,"12,999"
42,45,304
42,71,"24,717"
42,75,"5,362"
42,91,"3,086"
42,101,56
42,3,"6,163"
42,51,"27,946"
42,59,"33,414"
42,111,"50,740"
42,125,"41,335"
42,129,"22,363"
42,5,"29,153"
42,7,"11,522"
42,19,"24,321"
42,31,"29,874"
42,63,"31,239"
42,65,"21,947"
42,73,"11,231"
44,1,225
44,3,"6,849"
44,5,"2,038"
44,7,"6,771"
44,9,"9,652"
45,17,"57,390"
45,27,"23,666"
45,61,"26,192"
45,63,"32,154"
45,75,"95,078"
45,79,"20,364"
45,85,"58,954"
45,25,"51,758"
45,31,"34,844"
45,33,"14,540"
45,41,"29,453"
45,43,"61,644"
45,51,"41,564"
45,67,"14,855"
45,69,"27,983"
45,89,"87,472"
45,23,"39,874"
45,39,"51,442"
45,55,"42,533"
45,57,"24,086"
45,91,"44,288"
45,7,"44,413"
45,21,"22,827"
45,45,"21,570"
45,59,"39,294"
45,73,"18,759"
45,77,"10,381"
45,83,"28,200"
45,87,"20,322"
45,5,"43,809"
45,9,"40,434"
45,11,"29,993"
45,13,"28,668"
45,15,"69,144"
45,19,"17,257"
45,29,"92,232"
45,35,"33,524"
45,49,"54,780"
45,53,"42,399"
45,1,"32,475"
45,3,"65,103"
45,37,"38,884"
45,47,"34,384"
45,65,"31,126"
45,71,"35,451"
45,81,"51,032"
46,3,"1,356"
46,5,"1,403"
46,15,"2,081"
46,17,601
46,59,823
46,65,306
46,69,579
46,73,510
46,119,933
46,11,"3,457"
46,35,"2,862"
46,61,"1,160"
46,77,"4,873"
46,79,"3,297"
46,87,"3,462"
46,97,836
46,99,"1,782"
46,101,"1,190"
46,111,"3,474"
46,13,"3,429"
46,21,980
46,45,790
46,49,"1,039"
46,89,"1,789"
46,107,"1,922"
46,115,"1,183"
46,129,464
46,25,"1,645"
46,29,"1,242"
46,37,"1,600"
46,39,"1,534"
46,51,"1,379"
46,57,"1,454"
46,91,"2,075"
46,109,"3,309"
46,19,"2,250"
46,31,681
46,41,527
46,63,"1,309"
46,105,431
46,137,272
46,53,"9,123"
46,75,"1,024"
46,85,"1,687"
46,95,"1,558"
46,121,"25,986"
46,123,"3,380"
46,9,"1,628"
46,23,"3,878"
46,27,"1,613"
46,43,591
46,67,803
46,83,"2,239"
46,125,"1,015"
46,127,"3,645"
46,135,"3,567"
46,7,"3,257"
46,33,"80,461"
46,47,"11,197"
46,102,981
46,55,"1,711"
46,71,"2,375"
46,81,"16,948"
46,93,"7,389"
46,103,"18,103"
46,117,"14,457"
47,3,"45,829"
47,15,"23,381"
47,27,"25,460"
47,37,"9,800"
47,41,"25,597"
47,55,"65,761"
47,87,"37,441"
47,103,"64,274"
47,111,"37,636"
47,117,"33,508"
47,119,"55,231"
47,127,"14,941"
47,149,"37,589"
47,159,"36,391"
47,165,"29,543"
47,169,"13,184"
47,187,"32,752"
47,189,"48,644"
47,7,"25,144"
47,31,"25,809"
47,35,"38,121"
47,49,"27,357"
47,51,"24,038"
47,61,"11,498"
47,115,"15,510"
47,129,"26,391"
47,133,"46,716"
47,137,"7,008"
47,141,"36,702"
47,151,"14,259"
47,153,"9,989"
47,175,"15,945"
47,177,"23,919"
47,185,"29,018"
47,45,"10,186"
47,95,"4,961"
47,97,"9,961"
47,131,"14,387"
47,157,"15,126"
47,167,"11,645"
47,1,"13,876"
47,9,"16,239"
47,11,"24,054"
47,13,"6,848"
47,19,"9,125"
47,25,"36,263"
47,29,"19,606"
47,57,"24,237"
47,59,"37,541"
47,63,"5,636"
47,65,"12,688"
47,67,"22,390"
47,73,"41,199"
47,89,"13,026"
47,91,"14,680"
47,93,"14,651"
47,105,"10,134"
47,107,"37,534"
47,121,"20,194"
47,123,"20,409"
47,139,"8,969"
47,143,"12,406"
47,145,"16,793"
47,155,"13,636"
47,163,"16,186"
47,171,"2,171"
47,173,"13,929"
47,179,"11,265"
47,5,"21,752"
47,17,"36,091"
47,23,"20,673"
47,33,"6,274"
47,39,"28,885"
47,47,"59,661"
47,53,"16,153"
47,69,"58,973"
47,71,"55,103"
47,75,"11,487"
47,77,"41,830"
47,79,"44,615"
47,113,"23,913"
47,109,"45,427"
47,183,"25,052"
47,21,"16,853"
47,43,"47,797"
47,81,"35,398"
47,83,"18,149"
47,85,"47,695"
47,99,"50,180"
47,101,"18,958"
47,125,"29,171"
47,135,"35,262"
47,147,"16,965"
47,161,"26,046"
47,181,"58,736"
48,27,"17,218"
48,35,"54,046"
48,85,"12,308"
48,97,"67,151"
48,99,"34,878"
48,113,"7,055"
48,119,"6,084"
48,121,"15,664"
48,139,"17,891"
48,145,"16,595"
48,147,"39,413"
48,181,"26,538"
48,193,"36,360"
48,217,"20,741"
48,231,"35,215"
48,251,"24,990"
48,257,"26,490"
48,277,"43,394"
48,293,"55,993"
48,309,"25,848"
48,331,"61,585"
48,349,"58,848"
48,397,"1,783"
48,439,"7,917"
48,491,"28,984"
48,7, (D)
48,273,"1,798"
48,355,"10,156"
48,391,"73,661"
48,409,"11,007"
48,9,"18,581"
48,49,"84,343"
48,59,"30,406"
48,77,"16,620"
48,93,"39,014"
48,133,"57,401"
48,143,"75,782"
48,221,"14,410"
48,237,"57,607"
48,333,"28,091"
48,337,"63,408"
48,363,"96,762"
48,367,"42,874"
48,417,"5,750"
48,425,"16,804"
48,429,"41,338"
48,447,"6,713"
48,497,"56,090"
48,503,"33,798"
48,1,"86,534"
48,37,"69,336"
48,63,"13,134"
48,67,"73,265"
48,73,"68,501"
48,159,"14,970"
48,183,"19,795"
48,203,"56,417"
48,213,"63,140"
48,223,"49,746"
48,225,"91,665"
48,315,"19,797"
48,343,"19,141"
48,347,"85,065"
48,365,"63,090"
48,379,"17,899"
48,387,"73,725"
48,401,"63,301"
48,419,"43,672"
48,423,"70,262"
48,449,"36,608"
48,459,"50,484"
48,467,"49,593"
48,499,"39,569"
48,5,"23,783"
48,41,"37,393"
48,161,"91,459"
48,185,"58,132"
48,199,"28,705"
48,241,"33,245"
48,289,"134,880"
48,313,"27,704"
48,339,"40,419"
48,351,"31,368"
48,373,"55,028"
48,395,"69,570"
48,403,"14,905"
48,405,"20,343"
48,407,"20,391"
48,455,"26,008"
48,457,"37,471"
48,471,"61,944"
48,473,"21,114"
48,19,"83,928"
48,31,"38,335"
48,53,"58,767"
48,81,"10,377"
48,95,"24,531"
48,105,"10,440"
48,137,"31,519"
48,171,"55,360"
48,235,"7,327"
48,259,"59,355"
48,265,"61,919"
48,267,"26,833"
48,271,"50,433"
48,281,"19,806"
48,299,"26,258"
48,319,"49,680"
48,307,"28,395"
48,327,"12,716"
48,383, (D)
48,385,"25,451"
48,411,"30,573"
48,413,645
48,431, (D)
48,435,"18,878"
48,451,"7,021"
48,461, (D)
48,463,"26,461"
48,465,"13,256"
48,61,"7,188"
48,215,"47,535"
48,427,"104,813"
48,489,"6,877"
48,11,815
48,45,"2,613"
48,65, (D)
48,111, (D)
48,117, (D)
48,153,"1,765"
48,179,208
48,189,"2,007"
48,195, (D)
48,205,"1,127"
48,211,"1,896"
48,233, (D)
48,295,"1,006"
48,341, (D)
48,369,642
48,381, (D)
48,437, (D)
48,33, (D)
48,75,"2,633"
48,87,"1,273"
48,101,"1,796"
48,125,"4,313"
48,129,463
48,155,"1,699"
48,169,683
48,191,"2,841"
48,197,"3,942"
48,263,"8,943"
48,269, (D)
48,345,"1,654"
48,483,"2,561"
48,485,"7,326"
48,487,"3,305"
48,15,"33,920"
48,21,"57,858"
48,25,"58,606"
48,29,"28,213"
48,51,"54,215"
48,55,"46,161"
48,89,"61,718"
48,91,"24,361"
48,123,"44,035"
48,149,"82,628"
48,175,"50,733"
48,177,"113,274"
48,187,"52,938"
48,209,"35,466"
48,255,"49,259"
48,285,"77,670"
48,287,"46,411"
48,325,"112,499"
48,453,"9,309"
48,477,"34,388"
48,493,"64,210"
48,13,"124,078"
48,47,"70,646"
48,127,"33,500"
48,131,"96,451"
48,163,"115,560"
48,247,"2,855"
48,249,"25,378"
48,261, (D)
48,283,"63,776"
48,297,"57,028"
48,323,"49,078"
48,311,"58,892"
48,479,"70,115"
48,505,"18,572"
48,507,"90,778"
48,3,"1,745"
48,17,"1,377"
48,107,"3,402"
48,115,355
48,165,"1,970"
48,173, (D)
48,219,"3,840"
48,227, (D)
48,279,424
48,303,358
48,305,854
48,317,"1,736"
48,329,"5,215"
48,445,268
48,23,"22,952"
48,83,"35,763"
48,151,"8,947"
48,207,"8,596"
48,253,"12,270"
48,275,"1,117"
48,335,"3,502"
48,353,"5,688"
48,399,"10,440"
48,415,"7,542"
48,433,"20,605"
48,441,"24,768"
48,43,"5,327"
48,109, (D)
48,135,273
48,141,843
48,229, (D)
48,243, (D)
48,371, (D)
48,377,"1,699"
48,389,468
48,443,"1,020"
48,475,319
48,495, (D)
48,39,"38,587"
48,57,"3,110"
48,71,"5,290"
48,157,"17,151"
48,167,"1,672"
48,201,"24,146"
48,239,"35,609"
48,245,"5,272"
48,291,"52,800"
48,321,"41,431"
48,361,"7,785"
48,469,"28,734"
48,481,"24,276"
49,23,"1,630"
49,27,"8,061"
49,39,"20,636"
49,41,"4,443"
49,49,"15,066"
49,7,"8,205"
49,9, (D)
49,13,"22,724"
49,15,"5,249"
49,19,"2,104"
49,37,"20,193"
49,43,"57,602"
49,47,"63,855"
49,51,"13,921"
49,3,"6,768"
49,5,"4,397"
49,11,217
49,29,"6,884"
49,33,"6,395"
49,35,561
49,45,"1,042"
49,57,"5,363"
49,1,"2,206"
49,17,"2,362"
49,21,"19,154"
49,25,"6,369"
49,31,"2,653"
49,53,"12,025"
49,55, (D)
50,1,"36,007"
50,3,"16,830"
50,5,"41,178"
50,7,"25,660"
50,9,"31,977"
50,11,"80,339"
50,13,"3,142"
50,15,"28,622"
50,17,"37,362"
50,19,"51,057"
50,21,"47,684"
50,23,"32,246"
50,25,"23,938"
50,27,"71,478"
51,3,"71,111"
51,7,"50,708"
51,9,"33,127"
51,11,"24,938"
51,19,"61,410"
51,29,"21,035"
51,31,"43,534"
51,33,"12,381"
51,41,"8,199"
51,49,"18,666"
51,65,"20,128"
51,75,"17,980"
51,79,"8,336"
51,85,"15,002"
51,87,"1,640"
51,109,"23,981"
51,125,"25,688"
51,137,"21,383"
51,145,"13,825"
51,147,"27,396"
51,177,"12,544"
51,1,"11,813"
51,36,"6,169"
51,57,"12,847"
51,73,"7,762"
51,95,"2,023"
51,97,"11,669"
51,99,"8,870"
51,101,"17,128"
51,103,"3,184"
51,115,756
51,119,"3,711"
51,127,"5,116"
51,131,"2,965"
51,133,"5,341"
51,159,"4,353"
51,193,"14,256"
51,199, (D)
51,13, (D)
51,43,"8,793"
51,47,"28,290"
51,59,"2,437"
51,61,"43,508"
51,69,"27,766"
51,107,"18,240"
51,113,"23,632"
51,139,"13,901"
51,153,"3,160"
51,157,"21,999"
51,165,"30,295"
51,171,"25,993"
51,179,"4,453"
51,187,"10,343"
51,25,"29,681"
51,550,"2,656"
51,53,"32,292"
51,81,"16,179"
51,93,"19,756"
51,117,"46,032"
51,149,"13,330"
51,175,"36,451"
51,800,"13,634"
51,181,"13,041"
51,183,"17,233"
51,810,"2,330"
51,37,"45,427"
51,67,"41,685"
51,83,"100,330"
51,89,"19,136"
51,111,"30,149"
51,135,"16,353"
51,141,"48,354"
51,143,"87,930"
51,21,"24,531"
51,27,"7,709"
51,35,"33,477"
51,51,"3,462"
51,63,"28,824"
51,71,"21,687"
51,77,"37,567"
51,105,"25,586"
51,121,"27,931"
51,155,"12,770"
51,167,"49,978"
51,169,"42,728"
51,173,"29,375"
51,185,"43,329"
51,191,"39,934"
51,195,"8,855"
51,197,"29,080"
51,5,"11,311"
51,15,"41,615"
51,17,"17,637"
51,23,"28,774"
51,45,"14,485"
51,91,"35,679"
51,161,"11,552"
51,163,"38,736"
53,5,956
53,7,"6,166"
53,37,"7,005"
53,39,"49,434"
53,47, (D)
53,77,"13,728"
53,1,177
53,17,"6,689"
53,21,448
53,25,"11,358"
53,43,"31,384"
53,19, (D)
53,51,"16,516"
53,63,"66,733"
53,65,"243,763"
53,3,"13,827"
53,13,"18,213"
53,23,"6,210"
53,71,"17,709"
53,75,"13,778"
53,9,"4,190"
53,11,"23,994"
53,15,"9,110"
53,27,"73,150"
53,29,"3,390"
53,31,"4,424"
53,33,"5,298"
53,35,"2,734"
53,41,"25,911"
53,45,"8,434"
53,49,"9,690"
53,53,"11,129"
53,55,"5,787"
53,57,"12,090"
53,59,"1,866"
53,61,"10,644"
53,67,"16,695"
53,69,"3,978"
53,73,"6,564"
54,3,"17,286"
54,23,"48,137"
54,25,"64,905"
54,27,"56,124"
54,31,"59,987"
54,37,"4,957"
54,57,"40,409"
54,63,"53,958"
54,65,"5,419"
54,71,"66,891"
54,75,"61,640"
54,83,"41,163"
54,89,"27,569"
54,93,"10,953"
54,1,"29,037"
54,9,"5,895"
54,17,"34,747"
54,29,"3,235"
54,33,"39,990"
54,41,"34,930"
54,49,"22,235"
54,51,"29,766"
54,61,"21,345"
54,69,"5,411"
54,73,"10,877"
54,77,"47,698"
54,85,"40,919"
54,91,"14,133"
54,95,"23,877"
54,97,"23,497"
54,103,"23,835"
54,107,"35,360"
54,5,"2,330"
54,7,"40,913"
54,11,"21,238"
54,13,"31,807"
54,15,"12,067"
54,19,"12,248"
54,21,"29,422"
54,35,"50,166"
54,39,"13,957"
54,43,"12,914"
54,45, (D)
54,53,"49,913"
54,55,"23,677"
54,59, (D)
54,67,"20,545"
54,79,"21,429"
54,81,"21,240"
54,87,"46,028"
54,99,"20,865"
54,101,"6,104"
54,105,"16,483"
54,109,500
55,1,"18,790"
55,47,"13,504"
55,57,"31,980"
55,77,"14,212"
55,97,"39,400"
55,135,"36,910"
55,137,"19,283"
55,141,"38,286"
55,9,"9,240"
55,15,"10,386"
55,29,"14,081"
55,39,"16,135"
55,61,"14,368"
55,71,"20,617"
55,87,"16,029"
55,117,"14,316"
55,139,"8,802"
55,3,"15,451"
55,19,"72,373"
55,51,"2,350"
55,69,"21,541"
55,73,"94,883"
55,85,"10,858"
55,99,"37,713"
55,119,"58,436"
55,125,"1,404"
55,37,"6,127"
55,41,"16,394"
55,67,"28,286"
55,75,"28,451"
55,78, (D)
55,83,"26,514"
55,115,"41,899"
55,5,"58,717"
55,7,"23,570"
55,13,"24,586"
55,17,"63,467"
55,31,"23,110"
55,95,"52,756"
55,107,"38,803"
55,113,"12,842"
55,129,"23,212"
55,21,"26,328"
55,25,"41,147"
55,27,"24,006"
55,45,"22,855"
55,55,"15,568"
55,105,"17,862"
55,59,"4,627"
55,79, (D)
55,89,"3,914"
55,101,"9,489"
55,127,"9,228"
55,131,"8,138"
55,133,"8,249"
55,23,"74,757"
55,43,"96,299"
55,49,"64,949"
55,65,"22,285"
55,103,"60,771"
55,111,"60,643"
55,123,"84,461"
55,11,"91,146"
55,33,"70,505"
55,35,"31,862"
55,53,"54,089"
55,63,"41,765"
55,81,"73,131"
55,91,"25,619"
55,93,"40,214"
55,109,"29,289"
55,121,"72,631"
56,5,"51,283"
56,11,"132,001"
56,19,"9,536"
56,33,"6,564"
56,45,"28,126"
56,3,"6,645"
56,13,"9,294"
56,17, (D)
56,29,"5,832"
56,43,"1,055"
56,1,"23,431"
56,7,"66,999"
56,25,"5,240"
56,37, (D)
56,9,"39,576"
56,15,"7,975"
56,21,"5,119"
56,27,"14,730"
56,31,"28,584"
56,23,"10,907"
56,35,"11,682"
56,39,"1,367"
56,41,"18,512"
