State ANSI,County ANSI,"AG LAND, CROP INSURANCE - ACRES"
1,1,"16,027"
1,11,"9,948"
1,47,"50,831"
1,51,"22,238"
1,63,"4,105"
1,65,"19,462"
1,85,"14,942"
1,87,"17,178"
1,91,"8,642"
1,101,"17,811"
1,105,"21,616"
1,119,"2,475"
1,3,"74,080"
1,13,"7,817"
1,23,457
1,25,"1,665"
1,35,"16,742"
1,53,"43,526"
1,97,"20,758"
1,99,"25,223"
1,129,"8,607"
1,131,"13,500"
1,9,"12,948"
1,15,"15,848"
1,19,"55,207"
1,29,"3,743"
1,43,"12,780"
1,49,"42,520"
1,55,"8,493"
1,71,"60,469"
1,95,"12,564"
1,115,"1,819"
1,33,"68,626"
1,59,"11,535"
1,77,"67,886"
1,79,"87,875"
1,83,"117,785"
1,89,"93,831"
1,93,"3,370"
1,103,"8,538"
1,133,"1,058"
1,7,"4,739"
1,17,"8,150"
1,21,"3,202"
1,27,"12,711"
1,37,417
1,57,"8,207"
1,75,"3,584"
1,81,"3,893"
1,107,"10,661"
1,111,"21,577"
1,117,"15,669"
1,121,"15,369"
1,123,"3,956"
1,125,"4,739"
1,127,"1,748"
1,5,"19,428"
1,31,"33,855"
1,39,"34,380"
1,41,"7,772"
1,45,"28,235"
1,61,"47,733"
1,67,"47,282"
1,69,"52,976"
1,109,"9,310"
1,113,"18,043"
2,20,116
2,90,"5,670"
4,1,"77,944"
4,5, (D)
4,7, (D)
4,15,"13,490"
4,17, (D)
4,25, (D)
4,3,"123,008"
4,9,"61,808"
4,11, (D)
4,12,"44,830"
4,13,"113,492"
4,19,"50,488"
4,21,"204,613"
4,23,"21,395"
4,27,"61,367"
5,29,"23,785"
5,45,"26,519"
5,51,"1,870"
5,53,863
5,59,"4,910"
5,105,"9,363"
5,119,"25,075"
5,125,"2,001"
5,1,"180,359"
5,35,"240,230"
5,37,"221,085"
5,77,"196,325"
5,85,"127,348"
5,95,"144,081"
5,107,"322,197"
5,117,"89,886"
5,123,"191,354"
5,147,"181,615"
5,5,"13,268"
5,23,"26,765"
5,49,"65,092"
5,65,"51,117"
5,89,"25,861"
5,129,"48,616"
5,135,"46,291"
5,137,"32,432"
5,141,"16,341"
5,21,"199,318"
5,31,"228,982"
5,55,"144,669"
5,63,"50,305"
5,67,"185,582"
5,75,"171,320"
5,93,"405,435"
5,111,"259,796"
5,121,"99,990"
5,145,"56,157"
5,7,"23,781"
5,9,"80,635"
5,15,"63,811"
5,87,"66,886"
5,101,"21,976"
5,143,"23,578"
5,11,417
5,13, (D)
5,19,"15,904"
5,25, (D)
5,27,793
5,39, (D)
5,99,"10,594"
5,103,"1,021"
5,139,"2,039"
5,3,"87,731"
5,17,"240,957"
5,41,"240,955"
5,43,"62,161"
5,69,"177,445"
5,79,"86,883"
5,57,"33,646"
5,61,"13,259"
5,73,"46,911"
5,81,"32,838"
5,91,"34,869"
5,97,"6,929"
5,109,"2,862"
5,133,"10,078"
5,33,"23,568"
5,47,"7,413"
5,71,"4,812"
5,83,"19,175"
5,113,"3,919"
5,115,"15,570"
5,127,"2,509"
5,131,"6,858"
5,149,"8,955"
6,1,"28,977"
6,13,"51,578"
6,33,"5,814"
6,41,"25,113"
6,53,"192,482"
6,55,"38,144"
6,69,"19,344"
6,79,"164,440"
6,81, (D)
6,85,"40,534"
6,87,"1,194"
6,97,"59,863"
6,35,"22,019"
6,49,"109,974"
6,63,"17,475"
6,15,740
6,23,"194,567"
6,45,"135,814"
6,7,"170,538"
6,11,"248,732"
6,21,"174,435"
6,67,"56,469"
6,95,"92,331"
6,101,"165,621"
6,103,"96,856"
6,113,"183,639"
6,115,"37,887"
6,19,"669,038"
6,29,"770,767"
6,31,"171,632"
6,39,"168,622"
6,47,"274,872"
6,77,"343,789"
6,99,"193,259"
6,107,"424,340"
6,5,"8,591"
6,9,"55,594"
6,17,"2,013"
6,27,"10,245"
6,43,"60,342"
6,51,"7,040"
6,57, (D)
6,61,"5,861"
6,91,"35,790"
6,109,"8,081"
6,89,"28,197"
6,93,"65,264"
6,105, (D)
6,25,"205,609"
6,37,"2,184"
6,59,"2,601"
6,65,"75,568"
6,71,"5,473"
6,73,"14,822"
6,83,"118,396"
6,111,"94,246"
8,1,"309,468"
8,5,"74,668"
8,17,"386,046"
8,35,"2,036"
8,41,"91,580"
8,39,"78,315"
8,61,"348,574"
8,63,"595,425"
8,73,"463,880"
8,95,"270,178"
8,121,"499,703"
8,125,"463,811"
8,13,"3,105"
8,14,"4,056"
8,59,536
8,69,"24,554"
8,75,"310,017"
8,87,"172,611"
8,115,"177,506"
8,123,"398,661"
8,15,"1,560"
8,37,"7,097"
8,49,"7,425"
8,51,"5,312"
8,57,"29,517"
8,81,"45,661"
8,93, (D)
8,103,"58,468"
8,107,"33,449"
8,117, (D)
8,3,"46,937"
8,21,"91,840"
8,23,"11,116"
8,105,"49,857"
8,109,"109,593"
8,9,"491,525"
8,11,"166,784"
8,25,"93,715"
8,27,"33,219"
8,43,"18,926"
8,55,"114,296"
8,71,"330,652"
8,89,"201,747"
8,99,"283,059"
8,101,"110,435"
8,7,"1,208"
8,29,"18,509"
8,33,"24,060"
8,45,"36,970"
8,53, (D)
8,67,"13,387"
8,77,"11,384"
8,83,"20,712"
8,85,"10,231"
8,91,"2,267"
8,113,"5,108"
9,1,798
9,3,"6,167"
9,5,"6,334"
9,7,330
9,9,"1,702"
9,11,"3,114"
9,13,"4,759"
9,15,"6,533"
10,1,"119,210"
10,3,"35,548"
10,5,"168,518"
12,1,"14,190"
12,7,831
12,17,"8,219"
12,19,"3,400"
12,35,"4,589"
12,41,"6,530"
12,53,"1,808"
12,57,"17,700"
12,69,"21,488"
12,75,"17,714"
12,83,"11,844"
12,95,"3,203"
12,97,"71,079"
12,101,"15,330"
12,105,"113,092"
12,107,"7,286"
12,117,"2,486"
12,109,"9,615"
12,119,"10,282"
12,125,"2,623"
12,127,"4,421"
12,3, (D)
12,23,"3,718"
12,29,"3,674"
12,31,93
12,47,"10,791"
12,67,"8,309"
12,79,"15,246"
12,89, (D)
12,121,"14,793"
12,123, (D)
12,5, (D)
12,13,"17,638"
12,33,"23,197"
12,37, (D)
12,39,"3,713"
12,59,"15,171"
12,63,"79,363"
12,65,"5,603"
12,77, (D)
12,91,"5,697"
12,113,"27,839"
12,131,"3,653"
12,133,"3,704"
12,9,"21,904"
12,11,213
12,15,"22,318"
12,21,"55,954"
12,27,"88,714"
12,43,"69,999"
12,49,"65,076"
12,51,"114,575"
12,55,"76,325"
12,61,"58,776"
12,71,"12,745"
12,81,"34,879"
12,85,"45,189"
12,86,"21,642"
12,87, (D)
12,93,"71,808"
12,99,"160,558"
12,115,"1,935"
12,111,"65,606"
13,21,"1,398"
13,23,"9,298"
13,35, (D)
13,79,"2,694"
13,91,"17,635"
13,133,"2,450"
13,141,483
13,153,"6,904"
13,159,"1,379"
13,167,"10,807"
13,169,781
13,175,"21,497"
13,207,193
13,209,"15,088"
13,211,"11,915"
13,217,"1,912"
13,225,"24,632"
13,235,"23,286"
13,237,"3,299"
13,265,"3,383"
13,283,"6,171"
13,289,"11,469"
13,303,"14,919"
13,309,"2,242"
13,319,"2,110"
13,31,"103,646"
13,33,"76,823"
13,43,"13,297"
13,103,"17,500"
13,107,"24,153"
13,125,"2,817"
13,163,"37,270"
13,165,"22,764"
13,189,"1,867"
13,245,12
13,251,"62,441"
13,301,"2,647"
13,13,"1,695"
13,57,834
13,59, (D)
13,67, (D)
13,85, (D)
13,89, (D)
13,111,401
13,117,"1,941"
13,121,58
13,123,552
13,135,363
13,139,"3,156"
13,157,"10,549"
13,187,"1,842"
13,219,"3,058"
13,227,"2,148"
13,281, (D)
13,291,"1,434"
13,297,"3,243"
13,311,731
13,11,"4,665"
13,105,"3,321"
13,119,"3,951"
13,137,"2,502"
13,147,"8,324"
13,181,"1,661"
13,195,"11,213"
13,221,"8,180"
13,241, (D)
13,257,"1,561"
13,317,"14,947"
13,15,"7,178"
13,47,"1,648"
13,55,"1,735"
13,115,"5,339"
13,129,"15,748"
13,213,"5,578"
13,223, (D)
13,233,"1,507"
13,295,"7,754"
13,313,"3,397"
13,3,"27,616"
13,17,"15,973"
13,19,"42,526"
13,27,"61,384"
13,65,"5,999"
13,69,"78,007"
13,71,"77,300"
13,75,"38,503"
13,81,"53,942"
13,93,"82,641"
13,101,"4,840"
13,155,"55,916"
13,161,"35,696"
13,173,"16,109"
13,185,"14,502"
13,271,"9,802"
13,277,"57,690"
13,287,"42,159"
13,315,"37,036"
13,321,"96,457"
13,1,"65,985"
13,5,"22,188"
13,25,841
13,29, (D)
13,39, (D)
13,49, (D)
13,51,466
13,109,"7,242"
13,179, (D)
13,183, (D)
13,191, (D)
13,229,"31,776"
13,267,"20,170"
13,279,"21,095"
13,299,"13,242"
13,305,"9,058"
13,7,"39,660"
13,37,"44,733"
13,61,"15,031"
13,87,"93,710"
13,95,"18,288"
13,99,"62,385"
13,131,"47,199"
13,177,"27,480"
13,201,"36,916"
13,205,"87,009"
13,239,"2,121"
13,243,"43,035"
13,253,"44,640"
13,259,"2,763"
13,261,"66,774"
13,273,"63,320"
13,275,"61,174"
13,307,"18,686"
13,45,"9,382"
13,77,836
13,113,623
13,143,"2,025"
13,145,337
13,149,"1,048"
13,151,"1,618"
13,171,"4,059"
13,193,"33,114"
13,197,"5,844"
13,199,"1,968"
13,231,"5,246"
13,249,"4,446"
13,255,581
13,263,"1,544"
13,269,"10,220"
13,285,759
13,293,"2,555"
15,1,"171,334"
15,7,"10,848"
15,9,"21,055"
15,3,"2,935"
16,5,"42,224"
16,7,"16,525"
16,11,"223,598"
16,19,"80,681"
16,23,"52,987"
16,29,"124,250"
16,33,"28,347"
16,37,"7,649"
16,41,"21,329"
16,43,"82,000"
16,51,"102,065"
16,59,"4,860"
16,65,"95,477"
16,71,"31,710"
16,77,"192,725"
16,81,"39,959"
16,9,"51,494"
16,17, (D)
16,21,"15,249"
16,35,"12,627"
16,49,"108,019"
16,55,"29,677"
16,57,"194,905"
16,61,"130,735"
16,69,"195,749"
16,13,"6,228"
16,25,"15,408"
16,31,"162,014"
16,47,"35,587"
16,53,"71,332"
16,63,"30,459"
16,67,"120,966"
16,83,"96,691"
16,1,"19,562"
16,3, (D)
16,27,"58,713"
16,39,"37,543"
16,45,"2,922"
16,73,"20,269"
16,75,"5,225"
16,87,"7,297"
17,39,"148,448"
17,107,"304,290"
17,115,"232,246"
17,123,"158,841"
17,125,"216,928"
17,113,"532,010"
17,129,"114,115"
17,143,"161,075"
17,175,"153,697"
17,179,"227,149"
17,203,"223,461"
17,19,"476,293"
17,53,"238,867"
17,75,"604,011"
17,91,"261,010"
17,105,"536,169"
17,147,"235,494"
17,183,"387,477"
17,23,"202,305"
17,25,"222,637"
17,29,"188,339"
17,33,"164,087"
17,35,"114,697"
17,41,"203,496"
17,45,"254,458"
17,49,"211,591"
17,51,"256,407"
17,79,"184,511"
17,101,"183,295"
17,121,"165,362"
17,139,"147,086"
17,159,"136,607"
17,173,"281,428"
17,7,"90,588"
17,31, (D)
17,37,"311,573"
17,43, (D)
17,63,"208,961"
17,89,"139,081"
17,93,"110,826"
17,99,"476,819"
17,97,"15,679"
17,111,"149,409"
17,197,"174,804"
17,11,"331,590"
17,15,"161,122"
17,73,"388,078"
17,85,"156,302"
17,103,"318,080"
17,131,"212,306"
17,141,"286,888"
17,155,"36,297"
17,161,"106,394"
17,177,"229,131"
17,195,"271,263"
17,201,"132,465"
17,47,"85,689"
17,55,"103,609"
17,59,"144,356"
17,65,"127,906"
17,69,"7,529"
17,81,"158,011"
17,127,"65,783"
17,151,"12,487"
17,165,"85,643"
17,185,"93,010"
17,191,"261,468"
17,193,"221,972"
17,3,"36,753"
17,27,"174,844"
17,77,"131,277"
17,87,"18,859"
17,133,"114,570"
17,145,"114,933"
17,153,"56,892"
17,157,"143,491"
17,163,"185,976"
17,181,"61,492"
17,189,"273,744"
17,199,"47,000"
17,1,"324,357"
17,9,"55,594"
17,57,"236,924"
17,67,"312,066"
17,71,"139,895"
17,95,"286,492"
17,109,"244,805"
17,169,"125,815"
17,187,"257,701"
17,5,"129,775"
17,13,"44,154"
17,17,"117,651"
17,21,"313,552"
17,61,"213,335"
17,83,"121,410"
17,117,"294,460"
17,119,"231,979"
17,135,"332,589"
17,137,"221,465"
17,149,"249,082"
17,167,"377,806"
17,171,"89,449"
18,5,"116,586"
18,11,"191,690"
18,23,"197,357"
18,31,"145,066"
18,53,"151,949"
18,57,"84,520"
18,59,"141,099"
18,63,"128,110"
18,67,"93,851"
18,81,"94,283"
18,95,"132,064"
18,97,"11,368"
18,109,"81,727"
18,139,"141,919"
18,145,"173,411"
18,159,"101,599"
18,9,"73,511"
18,35,"136,056"
18,41,"58,238"
18,65,"120,501"
18,75,"157,667"
18,135,"179,102"
18,161,"57,344"
18,177,"94,434"
18,15,"181,680"
18,17,"126,504"
18,39,"54,902"
18,49,"145,402"
18,85,"172,336"
18,99,"108,754"
18,103,"131,939"
18,141,"80,735"
18,169,"130,975"
18,1,"124,625"
18,3,"172,949"
18,33,"100,091"
18,69,"147,888"
18,87,"68,938"
18,113,"95,116"
18,151,"77,266"
18,179,"172,393"
18,183,"124,940"
18,7,"228,264"
18,73,"220,337"
18,91,"137,736"
18,89,"80,405"
18,111,"134,675"
18,127,"85,766"
18,131,"176,987"
18,149,"89,176"
18,181,"237,731"
18,13,"1,174"
18,25,"4,923"
18,43,"6,919"
18,61,"58,461"
18,71,"106,867"
18,93,"48,083"
18,105,"8,524"
18,117,"51,897"
18,123,"24,818"
18,175,"111,238"
18,19,"49,546"
18,29,"12,067"
18,47,"63,946"
18,77,"44,422"
18,79,"70,931"
18,115,"5,004"
18,137,"93,235"
18,143,"32,872"
18,155,"12,373"
18,27,"147,129"
18,37,"97,018"
18,51,"172,530"
18,55,"86,785"
18,83,"250,819"
18,101,"25,651"
18,125,"44,525"
18,129,"155,363"
18,147,"100,661"
18,153,"114,124"
18,163,"54,728"
18,173,"71,511"
18,21,"114,495"
18,45,"144,403"
18,107,"231,216"
18,119,"52,870"
18,121,"113,314"
18,133,"116,937"
18,157,"172,732"
18,165,"85,392"
18,167,"72,749"
18,171,"147,040"
19,15,"262,074"
19,49,"209,642"
19,75,"280,515"
19,79,"272,164"
19,83,"289,329"
19,99,"286,508"
19,127,"256,166"
19,153,"149,862"
19,157,"239,799"
19,169,"246,385"
19,171,"295,761"
19,187,"365,282"
19,11,"339,333"
19,31,"275,424"
19,45,"303,873"
19,95,"226,025"
19,97,"162,095"
19,103,"208,767"
19,105,"228,333"
19,113,"249,937"
19,139,"160,613"
19,163,"172,991"
19,23,"290,599"
19,33,"275,333"
19,67,"251,721"
19,69,"301,467"
19,81,"306,062"
19,91,"203,551"
19,109,"514,357"
19,131,"248,052"
19,189,"198,659"
19,195,"207,480"
19,197,"315,842"
19,5,"111,160"
19,13,"252,057"
19,17,"218,607"
19,19,"282,459"
19,37,"239,926"
19,43,"213,122"
19,55,"281,633"
19,61,"197,837"
19,65,"279,519"
19,89,"227,127"
19,191,"244,398"
19,21,"312,864"
19,35,"271,590"
19,41,"263,511"
19,59,"160,058"
19,63,"189,188"
19,119,"286,287"
19,141,"273,447"
19,143,"193,924"
19,147,"280,429"
19,149,"418,438"
19,151,"287,019"
19,167,"408,013"
19,7,"55,139"
19,39,"41,965"
19,53,"62,812"
19,117,"48,518"
19,121,"122,881"
19,125,"140,584"
19,135,"52,873"
19,159,"108,386"
19,175,"133,555"
19,181,"127,573"
19,185,"114,096"
19,51,"70,636"
19,57,"125,518"
19,87,"163,482"
19,101,"124,596"
19,107,"197,910"
19,111,"122,292"
19,115,"140,946"
19,123,"215,489"
19,177,"82,242"
19,179,"111,257"
19,183,"207,994"
19,1,"202,620"
19,3,"107,187"
19,29,"196,264"
19,71,"228,898"
19,129,"173,205"
19,137,"178,217"
19,145,"230,592"
19,155,"421,833"
19,173,"146,536"
19,9,"210,291"
19,25,"302,301"
19,27,"290,572"
19,47,"341,496"
19,73,"300,454"
19,77,"216,196"
19,85,"282,919"
19,93,"220,055"
19,133,"237,468"
19,161,"297,387"
19,165,"313,671"
19,193,"342,374"
20,9,"296,477"
20,41,"286,312"
20,51,"175,017"
20,53,"138,820"
20,105,"137,310"
20,115,"245,113"
20,113,"354,365"
20,159,"288,022"
20,165,"206,943"
20,167,"137,565"
20,169,"186,117"
20,3,"171,160"
20,17,"50,143"
20,31,"125,831"
20,45,"95,606"
20,59,"145,319"
20,61,"40,683"
20,91,"31,266"
20,107,"94,739"
20,111,"169,749"
20,121,"105,205"
20,127,"101,761"
20,139,"156,971"
20,177,"75,148"
20,197,"49,812"
20,27,"209,271"
20,29,"177,547"
20,89,"241,132"
20,123,"255,774"
20,141,"178,517"
20,143,"203,260"
20,147,"215,738"
20,157,"222,131"
20,163,"212,176"
20,183,"293,652"
20,201,"270,501"
20,5,"138,432"
20,13,"222,057"
20,43,"126,707"
20,85,"99,741"
20,87,"93,728"
20,103,"59,943"
20,117,"313,358"
20,131,"221,964"
20,149,"69,215"
20,161,"45,396"
20,209,"6,554"
20,23,"243,828"
20,39,"188,677"
20,65,"160,645"
20,137,"220,336"
20,153,"263,192"
20,179,"293,934"
20,181,"353,618"
20,193,"403,273"
20,7,"177,289"
20,33,"98,062"
20,47,"187,785"
20,77,"265,320"
20,79,"250,015"
20,95,"231,760"
20,97,"157,683"
20,145,"248,621"
20,151,"306,773"
20,155,"425,678"
20,173,"320,013"
20,185,"253,447"
20,191,"547,983"
20,1,"88,770"
20,11,"64,762"
20,15,"210,833"
20,19,"14,615"
20,21,"180,767"
20,35,"172,309"
20,37,"146,743"
20,49,"23,788"
20,73,"57,564"
20,99,"158,863"
20,125,"149,306"
20,133,"105,307"
20,205,"141,276"
20,207,"86,957"
20,25,"105,450"
20,55,"465,753"
20,57,"333,703"
20,67,"199,965"
20,69,"302,869"
20,75,"219,791"
20,81,"217,155"
20,83,"200,388"
20,93,"267,273"
20,119,"241,654"
20,129,"166,939"
20,175,"173,794"
20,187,"220,311"
20,189,"266,627"
20,63,"237,769"
20,71,"289,460"
20,101,"191,383"
20,109,"284,614"
20,135,"233,136"
20,171,"262,109"
20,195,"172,960"
20,199,"189,586"
20,203,"250,881"
21,5,"1,332"
21,11,"2,222"
21,17,"13,866"
21,21,"4,552"
21,49,"10,749"
21,67,"7,003"
21,69,"20,072"
21,73,"2,214"
21,79,"1,270"
21,97,"8,580"
21,113,"2,979"
21,137,"11,377"
21,151,"2,209"
21,161,"14,628"
21,167,"8,386"
21,173,"1,755"
21,181,"3,421"
21,201,"1,295"
21,209,"8,586"
21,211,"48,158"
21,215,"13,109"
21,229,"9,614"
21,239,"5,739"
21,1,"16,520"
21,3,"10,346"
21,9,"45,292"
21,27,"62,891"
21,29,"7,394"
21,31,"34,207"
21,45,"10,677"
21,53,"1,936"
21,57,"4,953"
21,61,"8,972"
21,85,"33,704"
21,87,"25,367"
21,93,"60,867"
21,99,"15,678"
21,111,707
21,123,"43,053"
21,155,"30,210"
21,163,"44,184"
21,169,"9,397"
21,171,"16,495"
21,179,"41,907"
21,207,"8,789"
21,217,"26,080"
21,227,"74,347"
21,13, (D)
21,25, (D)
21,43,"1,045"
21,51,392
21,63, (D)
21,65, (D)
21,89,"1,274"
21,95, (D)
21,109,259
21,121, (D)
21,125,836
21,127, (D)
21,135,"9,992"
21,153, (D)
21,147,466
21,165,105
21,175,"1,075"
21,189, (D)
21,197,"4,224"
21,199,"22,507"
21,203,"1,987"
21,205, (D)
21,231,"15,738"
21,235,344
21,237,179
21,33,"58,794"
21,47,"178,087"
21,55,"38,942"
21,59,"147,594"
21,91,"11,285"
21,101,"122,660"
21,107,"58,036"
21,141,"125,308"
21,149,"81,745"
21,177,"40,638"
21,183,"50,408"
21,213,"47,780"
21,219,"90,315"
21,225,"129,832"
21,233,"78,289"
21,15,"6,472"
21,23,920
21,37,"1,128"
21,41,"4,402"
21,77,"3,005"
21,81,531
21,103,"16,658"
21,117,176
21,185,"5,936"
21,187,"4,668"
21,191,"2,154"
21,223,"10,712"
21,7,"61,206"
21,35,"78,467"
21,39,"62,001"
21,75,"70,871"
21,83,"140,979"
21,105,"83,681"
21,139,"22,349"
21,143,"7,156"
21,157,"32,862"
21,145,"32,560"
21,221,"51,854"
22,9,"142,200"
22,25,"111,735"
22,29,"178,228"
22,39,"57,840"
22,43,"12,564"
22,77,"86,620"
22,79,"97,424"
22,97,"136,152"
22,121,"25,819"
22,33, (D)
22,37,"2,710"
22,63,202
22,91,326
22,105,"3,706"
22,117,"4,123"
22,125, (D)
22,13, (D)
22,21,"9,438"
22,27,"5,156"
22,61,"5,088"
22,73,"30,695"
22,111,"4,580"
22,127,814
22,35,"161,275"
22,41,"127,393"
22,65,"155,122"
22,67,"155,519"
22,83,"93,197"
22,107,"141,952"
22,123,"91,127"
22,15,"20,766"
22,17,"56,434"
22,31,"3,612"
22,81,"13,996"
22,119, (D)
22,7,"59,259"
22,45,"58,412"
22,47,"56,429"
22,55,"17,040"
22,99,"45,460"
22,101,"54,573"
22,5,"8,711"
22,57,"27,979"
22,75,688
22,93,"14,385"
22,95, (D)
22,109,"22,664"
22,1,"123,317"
22,3,"15,536"
22,11,"7,072"
22,19,"31,789"
22,23,"4,047"
22,53,"70,040"
22,113,"104,727"
22,69,"54,950"
22,85,920
22,115,210
23,9,"2,655"
23,19,"8,866"
23,21, (D)
23,25,"3,116"
23,27,"2,257"
23,29,"6,723"
23,3,"65,314"
23,1,"3,968"
23,5,92
23,7,608
23,11,"6,964"
23,13,757
23,15,90
23,17,"3,968"
23,23, (D)
23,31,"1,296"
24,19,"47,251"
24,39,"29,692"
24,45,"43,610"
24,47,"49,044"
24,5,"19,195"
24,13,"45,306"
24,21,"63,065"
24,25,"19,813"
24,27,"4,467"
24,31,"28,367"
24,43,"21,128"
24,3,"4,374"
24,9,"6,161"
24,17,"13,631"
24,33,"6,549"
24,37,"22,024"
24,11,"67,873"
24,15,"29,282"
24,29,"81,552"
24,35,"107,406"
24,41,"61,170"
24,1,"1,858"
24,23,"4,028"
25,1,883
25,3,"3,743"
25,5,"2,302"
25,7, (D)
25,9,"1,178"
25,11,"3,922"
25,13,"2,229"
25,15,"2,641"
25,17,733
25,19, (D)
25,21,34
25,23,"11,441"
25,25, (D)
25,27,"2,501"
26,35,"8,792"
26,51,"12,196"
26,57,"187,119"
26,73,"86,721"
26,107,"30,883"
26,111,"38,228"
26,117,"94,814"
26,133,"12,393"
26,11,"50,393"
26,17,"151,450"
26,63,"352,097"
26,145,"224,875"
26,151,"252,407"
26,157,"214,572"
26,1,"5,721"
26,7,"10,617"
26,31,"1,283"
26,69,"8,079"
26,119,"3,997"
26,129,"19,154"
26,137,"1,540"
26,141,"8,789"
26,9,"8,981"
26,19,"2,994"
26,29,"1,777"
26,47,"1,180"
26,55,"13,450"
26,79,"1,739"
26,89,"13,040"
26,101,"5,319"
26,113,"36,725"
26,165,"3,280"
26,15,"65,493"
26,23,"112,194"
26,25,"110,554"
26,37,"116,272"
26,45,"117,885"
26,59,"126,092"
26,65,"109,411"
26,67,"131,848"
26,75,"79,173"
26,155,"109,144"
26,149,"87,678"
26,49,"71,832"
26,87,"59,510"
26,91,"249,871"
26,93,"31,975"
26,99,"42,430"
26,115,"151,877"
26,125,"3,263"
26,147,"81,657"
26,161,"99,405"
26,163,"3,935"
26,5,"103,374"
26,21,"68,319"
26,27,"90,932"
26,77,"64,911"
26,81,"58,395"
26,139,"76,163"
26,159,"77,666"
26,3, (D)
26,13,"3,578"
26,33,"24,653"
26,41,"6,237"
26,43,"1,865"
26,53, (D)
26,61,"1,353"
26,71, (D)
26,95,"2,271"
26,97,"7,628"
26,103,"1,140"
26,109,"16,706"
26,131,921
26,153, (D)
26,85,995
26,105,"26,855"
26,121,"24,736"
26,123,"29,414"
26,127,"33,749"
27,9,"115,369"
27,19,"106,312"
27,67,"319,105"
27,85,"210,291"
27,93,"223,568"
27,97,"134,757"
27,129,"543,842"
27,139,"68,646"
27,141,"46,847"
27,143,"286,784"
27,145,"338,311"
27,153,"108,646"
27,159,"30,868"
27,171,"165,331"
27,1,"11,922"
27,3,"16,806"
27,17,"2,443"
27,25,"52,465"
27,35,"11,943"
27,53,"26,458"
27,59,"71,732"
27,65,"29,707"
27,95,"59,861"
27,115,"21,516"
27,123,13
27,163,"43,246"
27,7,"35,638"
27,21,"15,945"
27,57,"27,357"
27,61, (D)
27,71,"5,819"
27,77,"38,174"
27,137, (D)
27,5,"177,276"
27,27,"435,444"
27,29,"33,375"
27,69,"292,841"
27,87,"158,229"
27,89,"630,070"
27,107,"432,572"
27,113,"200,377"
27,119,"793,109"
27,125,"149,759"
27,135,"315,549"
27,13,"323,157"
27,15,"287,297"
27,43,"364,611"
27,47,"347,296"
27,79,"183,668"
27,91,"405,355"
27,103,"230,995"
27,131,"145,488"
27,147,"201,590"
27,161,"203,056"
27,165,"212,409"
27,37,"175,789"
27,39,"209,615"
27,45,"231,159"
27,49,"269,999"
27,55,"62,302"
27,99,"370,897"
27,109,"196,452"
27,157,"123,327"
27,169,"110,076"
27,33,"318,657"
27,63,"317,818"
27,81,"227,760"
27,83,"332,162"
27,101,"334,661"
27,105,"367,878"
27,117,"180,239"
27,127,"457,349"
27,133,"250,334"
27,11,"221,343"
27,23,"285,391"
27,41,"143,822"
27,51,"276,738"
27,73,"341,887"
27,111,"407,539"
27,121,"226,640"
27,149,"275,627"
27,151,"276,060"
27,155,"306,495"
27,167,"372,201"
27,173,"312,089"
28,7,"6,022"
28,15,"48,905"
28,19,"2,293"
28,51,"88,454"
28,79, (D)
28,89,"18,996"
28,97,"10,578"
28,121,"14,810"
28,123,"6,078"
28,155,"16,285"
28,17,"42,632"
28,25,"6,170"
28,87,"39,736"
28,95,"53,034"
28,103,"69,156"
28,105, (D)
28,159, (D)
28,53,"124,277"
28,55,"76,225"
28,83,"205,732"
28,125,"126,340"
28,133,"260,150"
28,151,"289,484"
28,163,"126,139"
28,9,"15,792"
28,13,"47,449"
28,33,"59,864"
28,43,"6,974"
28,71,"10,424"
28,93,"27,894"
28,107,"66,789"
28,137,"28,074"
28,161,"12,945"
28,3,"24,202"
28,57,"10,740"
28,81,"47,579"
28,115,"34,094"
28,117,"23,591"
28,139,"17,818"
28,141,"6,358"
28,145,"21,332"
28,31,"1,367"
28,65,302
28,73,120
28,77, (D)
28,91,"1,980"
28,113,"1,425"
28,127,323
28,129, (D)
28,147,"6,451"
28,23,165
28,35, (D)
28,39,"5,617"
28,41,96
28,45, (D)
28,59, (D)
28,67, (D)
28,75, (D)
28,101,"6,981"
28,109,57
28,111,"1,035"
28,131, (D)
28,153,"1,517"
28,1,"9,575"
28,5,566
28,21,"8,842"
28,29,"1,731"
28,37,390
28,49,"25,856"
28,63,"1,998"
28,85,"2,316"
28,149,"34,811"
28,157,"5,040"
28,11,"341,853"
28,27,"220,490"
28,119,"120,532"
28,135,"191,576"
28,143,"157,857"
29,15,"28,034"
29,19,"63,506"
29,27,"99,731"
29,29,799
29,51,"18,376"
29,53,"117,573"
29,59,"10,191"
29,85,"19,254"
29,89,"68,271"
29,105,"11,044"
29,125,"13,694"
29,131,"11,075"
29,135,"44,382"
29,141,"26,121"
29,151,"23,028"
29,159,"165,845"
29,161,"9,290"
29,167,"28,181"
29,169,"1,262"
29,195,"292,048"
29,55,"4,396"
29,71,"35,239"
29,73,"24,533"
29,99,"6,517"
29,113,"105,878"
29,139,"105,934"
29,157,"68,520"
29,183,"100,174"
29,187,"2,855"
29,189,"10,819"
29,186,"35,085"
29,219,"57,481"
29,221, (D)
29,1,"64,979"
29,33,"237,817"
29,41,"193,422"
29,79,"90,750"
29,115,"105,883"
29,117,"147,979"
29,121,"129,161"
29,129,"33,072"
29,171,"48,968"
29,175,"69,517"
29,197,"28,320"
29,211,"67,103"
29,7,"278,133"
29,45,"146,515"
29,103,"111,535"
29,111,"118,086"
29,127,"153,784"
29,137,"156,740"
29,163,"148,895"
29,173,"131,794"
29,199,"92,811"
29,205,"157,051"
29,3,"113,798"
29,5,"250,159"
29,21,"103,778"
29,25,"90,649"
29,47,"41,281"
29,49,"96,999"
29,61,"115,350"
29,63,"78,345"
29,75,"80,649"
29,81,"150,297"
29,87,"165,610"
29,147,"227,121"
29,165,"78,457"
29,177,"116,242"
29,227,"32,152"
29,17,"24,760"
29,35,"1,328"
29,65,"7,981"
29,67,"19,845"
29,91,"14,616"
29,123,"1,365"
29,149,"24,288"
29,153,"13,147"
29,179, (D)
29,181,"11,922"
29,203,"2,100"
29,213,"2,827"
29,215,"14,604"
29,223,"16,172"
29,225,"11,084"
29,229,"33,800"
29,23,"132,948"
29,31,"121,011"
29,69,"208,250"
29,133,"207,719"
29,143,"303,139"
29,155,"238,717"
29,201,"109,254"
29,207,"313,085"
29,9,"41,542"
29,11,"161,065"
29,43,"2,171"
29,57,"64,533"
29,77,"13,925"
29,97,"82,649"
29,109,"43,232"
29,119,"7,941"
29,145,"24,267"
29,209,855
29,13,"176,674"
29,37,"128,782"
29,39,"17,584"
29,83,"116,890"
29,95,"50,949"
29,101,"123,033"
29,107,"217,191"
29,185,"56,544"
29,217,"165,013"
30,7,"34,115"
30,13,"235,375"
30,27,"384,004"
30,37,"32,950"
30,45,"147,203"
30,49,"53,124"
30,59,"20,488"
30,65,"153,770"
30,69,"29,299"
30,107,"58,014"
30,5,"394,024"
30,15,"815,399"
30,35,"374,358"
30,41,"736,682"
30,51,"414,059"
30,71,"316,555"
30,73,"336,993"
30,99,"260,838"
30,101,"468,198"
30,19,"316,937"
30,21,"324,835"
30,33,"339,211"
30,55,"430,549"
30,83,"307,918"
30,85,"520,807"
30,91,"670,038"
30,105,"613,781"
30,23, (D)
30,29,"25,344"
30,39,"1,642"
30,47,"10,335"
30,63, (D)
30,77, (D)
30,81,"4,916"
30,89, (D)
30,3,"222,981"
30,9,"43,058"
30,67,"12,326"
30,95,"97,484"
30,97,"4,580"
30,103,"61,461"
30,111,"256,437"
30,11,"437,963"
30,17,"491,692"
30,25,"237,959"
30,75,"405,496"
30,79,"147,984"
30,87,"268,849"
30,109,"121,388"
30,1,"70,747"
30,31,"58,162"
30,43,"6,569"
30,57,"24,874"
31,19,"280,351"
31,41,"389,468"
31,47,"275,614"
31,77,"154,042"
31,79,"243,270"
31,93,"132,701"
31,163,"117,922"
31,175,"143,830"
31,23,"285,723"
31,25,"279,685"
31,37,"203,204"
31,53,"279,787"
31,55,"69,718"
31,81,"256,077"
31,109,"301,081"
31,121,"167,997"
31,125,"142,084"
31,141,"281,545"
31,143,"196,872"
31,153,"85,162"
31,155,"348,537"
31,159,"260,799"
31,177,"189,875"
31,185,"304,447"
31,5,"4,111"
31,9,"21,309"
31,15,"102,232"
31,17,"58,543"
31,31,"234,617"
31,71,"63,345"
31,75, (D)
31,89,"335,305"
31,91,"27,517"
31,103,"38,469"
31,113,"26,953"
31,115,"31,097"
31,117,"25,717"
31,149,"41,696"
31,171, (D)
31,183,"117,297"
31,3,"299,636"
31,11,"212,253"
31,21,"243,328"
31,27,"327,036"
31,39,"298,415"
31,43,"125,288"
31,51,"195,446"
31,107,"226,335"
31,119,"239,610"
31,139,"222,279"
31,167,"173,434"
31,173,"175,286"
31,179,"228,501"
31,7,"118,505"
31,13,"231,621"
31,33,"350,728"
31,45,"175,891"
31,49,"125,431"
31,69,"85,029"
31,105,"212,415"
31,123,"171,394"
31,157,"147,512"
31,161,"174,108"
31,165,"159,170"
31,1,"277,848"
31,61,"182,286"
31,65,"243,824"
31,73,"124,956"
31,83,"188,938"
31,99,"238,716"
31,137,"251,048"
31,181,"167,964"
31,35,"239,868"
31,59,"288,382"
31,67,"373,123"
31,95,"235,023"
31,97,"98,176"
31,127,"205,594"
31,129,"228,719"
31,131,"290,688"
31,133,"145,224"
31,147,"235,550"
31,151,"257,123"
31,169,"226,222"
31,29,"249,964"
31,57,"191,010"
31,63,"191,302"
31,85,"162,921"
31,87,"165,733"
31,101,"230,349"
31,111,"365,488"
31,135,"344,272"
31,145,"177,826"
32,7,"63,565"
32,11,"15,380"
32,15,"6,500"
32,33,"20,800"
32,1,"16,714"
32,5,"1,200"
32,13,"104,530"
32,19,"11,622"
32,27,"34,594"
32,31,"1,202"
32,3, (D)
32,9, (D)
32,17, (D)
32,21,234
32,23,"3,426"
33,1,404
33,3, (D)
33,5,"1,851"
33,7,"2,665"
33,9,"3,428"
33,11,"1,158"
33,13,"1,999"
33,15,770
33,17,111
33,19, (D)
34,5,"19,751"
34,21,"6,579"
34,23,"3,720"
34,25,"4,831"
34,29, (D)
34,3, (D)
34,19,"19,865"
34,27,"1,565"
34,31, (D)
34,35,"4,134"
34,37,"3,607"
34,41,"27,034"
34,1,"8,047"
34,7,"1,671"
34,9, (D)
34,11,"13,531"
34,15,"21,466"
34,33,"37,067"
35,7,"217,459"
35,9,"224,238"
35,11,"279,635"
35,19,"267,241"
35,21,"176,992"
35,33,"99,833"
35,37,"319,013"
35,41,"167,476"
35,47,"186,690"
35,57,"391,454"
35,59,"160,426"
35,1,49
35,6,"103,609"
35,31,"78,345"
35,39,"74,369"
35,45,"46,685"
35,43,"35,212"
35,49,"65,926"
35,55,"17,681"
35,61,"43,345"
35,5,"628,076"
35,13,"55,754"
35,15,"325,898"
35,25,"681,963"
35,27,"314,398"
35,35,"74,823"
35,3,"113,621"
35,17,"209,544"
35,23,"219,655"
35,29,"91,271"
35,51,"95,441"
35,53,"99,920"
36,11,"61,052"
36,17,"6,491"
36,23,"7,273"
36,43,"5,131"
36,53,"23,014"
36,65,"18,017"
36,67,"52,302"
36,75,"4,992"
36,77,"4,405"
36,1,"2,528"
36,35,521
36,57,"14,781"
36,83,"11,741"
36,91,"9,940"
36,93,346
36,95,"5,290"
36,115,"17,681"
36,103,"1,349"
36,19,"16,476"
36,31,"2,259"
36,33,"18,742"
36,45,"46,202"
36,49,"11,230"
36,89,"21,512"
36,21,"14,610"
36,25,"3,043"
36,27,"2,722"
36,39,"2,398"
36,71,"10,913"
36,79, (D)
36,87, (D)
36,105, (D)
36,111,"4,112"
36,119,515
36,7,"3,449"
36,15,"2,899"
36,97,"1,879"
36,107,"5,386"
36,109,"5,326"
36,3,"15,003"
36,9,"15,889"
36,13,"34,653"
36,101,"37,931"
36,29,"30,963"
36,37,"68,960"
36,51,"75,207"
36,55,"46,747"
36,63,"61,194"
36,69,"59,417"
36,73,"67,834"
36,99,"30,505"
36,117,"52,332"
36,121,"50,419"
36,123,"17,100"
37,13,"103,426"
37,31,"43,169"
37,49,"45,441"
37,79,"44,907"
37,95,"64,741"
37,101,"76,617"
37,103,"31,417"
37,107,"62,922"
37,137,"31,068"
37,147,"124,356"
37,191,"92,725"
37,195,"79,223"
37,3,"3,508"
37,35,"12,404"
37,37,"5,729"
37,57,"14,415"
37,59,"12,871"
37,97,"22,403"
37,105,"8,717"
37,151,"16,185"
37,159,"36,145"
37,183,"25,331"
37,15,"78,661"
37,29,"36,857"
37,41,"20,417"
37,53,"22,619"
37,55, (D)
37,65,"89,517"
37,73,"39,185"
37,83,"98,663"
37,91,"44,502"
37,117,"91,649"
37,127,"63,414"
37,131,"94,534"
37,139,"55,110"
37,143,"54,755"
37,177,"46,362"
37,187,"62,175"
37,5,"4,438"
37,9,"6,437"
37,11,30
37,27,"1,565"
37,171,"32,235"
37,189,152
37,193,"8,500"
37,197,"21,636"
37,1,"10,146"
37,33,"10,285"
37,63,"2,377"
37,67,"5,156"
37,69,"24,174"
37,77,"14,157"
37,81,"16,410"
37,135,"14,797"
37,145,"29,592"
37,157,"16,261"
37,169,"7,744"
37,181,"8,698"
37,185,"12,965"
37,17,"53,775"
37,19,"17,254"
37,47,"87,559"
37,51,"22,490"
37,61,"90,727"
37,85,"44,322"
37,93,"21,239"
37,129, (D)
37,133,"20,002"
37,141,"21,250"
37,155,"154,690"
37,163,"130,511"
37,165,"22,824"
37,7,"18,839"
37,25,"12,091"
37,45,"19,982"
37,71,"4,248"
37,109,"9,188"
37,119,"1,991"
37,123,796
37,125,"9,943"
37,153,"10,996"
37,167,"29,783"
37,179,"96,193"
37,21,780
37,23,"3,870"
37,39,"2,391"
37,43,"1,461"
37,75,15
37,87,"4,959"
37,89,"13,139"
37,99,"2,063"
37,113,26
37,115,"1,301"
37,111, (D)
37,121,66
37,149,"1,214"
37,161,"4,095"
37,173,156
37,175,677
37,199,276
38,27,"200,123"
38,31,"315,370"
38,43,"229,943"
38,83,"323,214"
38,93,"829,122"
38,103,"540,493"
38,3,"726,540"
38,17,"1,019,793"
38,39,"289,304"
38,91,"373,953"
38,97,"476,743"
38,5,"474,343"
38,9,"724,834"
38,49,"355,700"
38,69,"337,962"
38,79,"284,122"
38,19,"818,096"
38,35,"634,862"
38,63,"337,647"
38,67,"548,383"
38,71,"516,736"
38,95,"447,849"
38,99,"586,648"
38,13,"275,364"
38,23,"420,721"
38,61,"557,323"
38,75,"476,946"
38,101,"810,306"
38,105,"586,702"
38,15,"285,096"
38,29,"440,997"
38,37,"403,367"
38,59,"427,064"
38,85,"213,417"
38,21,"434,932"
38,45,"526,534"
38,47,"260,241"
38,51,"241,686"
38,73,"296,114"
38,77,"740,807"
38,81,"399,859"
38,1,"313,629"
38,7,"120,481"
38,11,"214,606"
38,33,"229,107"
38,41,"437,592"
38,87,"297,055"
38,89,"414,952"
38,25,"264,774"
38,53,"282,251"
38,55,"625,150"
38,57,"156,587"
38,65,"108,259"
39,41,"78,931"
39,45,"107,649"
39,47,"140,717"
39,49,"33,148"
39,83,"84,072"
39,89,"91,622"
39,97,"188,787"
39,101,"142,677"
39,117,"88,494"
39,129,"228,495"
39,141,"98,151"
39,159,"140,804"
39,13,257
39,19,"22,694"
39,31,"35,063"
39,67,"7,807"
39,75,"39,881"
39,81,999
39,157,"18,686"
39,5,"55,831"
39,33,"174,233"
39,43,"31,836"
39,77,"144,206"
39,93,"61,715"
39,123,"93,087"
39,139,"46,919"
39,143,"117,128"
39,147,"182,709"
39,175,"171,586"
39,7,"46,579"
39,29,"34,625"
39,35, (D)
39,55,"10,504"
39,85,415
39,99,"17,987"
39,103,"41,039"
39,133,"21,784"
39,151,"43,147"
39,153,"1,382"
39,155,"27,865"
39,169,"88,468"
39,3,"129,439"
39,39,"148,228"
39,51,"135,450"
39,63,"168,652"
39,69,"165,212"
39,95,"45,099"
39,125,"164,750"
39,137,"196,409"
39,161,"159,069"
39,171,"136,420"
39,173,"198,271"
39,1,"31,903"
39,15,"80,431"
39,53,"9,224"
39,71,"136,558"
39,79,"5,200"
39,87,"1,399"
39,131,"30,415"
39,145,"19,312"
39,9,"8,489"
39,59,"4,962"
39,73,"4,394"
39,105,"8,776"
39,111,767
39,115,"3,777"
39,119,"38,671"
39,121, (D)
39,127,"26,842"
39,163,"5,107"
39,167,"13,282"
39,17,"69,291"
39,25,"39,040"
39,27,"146,826"
39,57,"114,024"
39,61,"1,007"
39,113,"67,014"
39,135,"140,533"
39,165,"53,540"
39,11,"148,038"
39,21,"138,812"
39,23,"127,308"
39,37,"235,323"
39,65,"192,245"
39,91,"140,936"
39,107,"200,986"
39,109,"112,781"
39,149,"151,088"
40,17,"130,048"
40,27,"5,033"
40,37,"3,608"
40,51,"105,647"
40,73,"199,320"
40,81,"16,997"
40,83,"44,078"
40,87,"24,496"
40,107,"27,631"
40,109,"11,677"
40,119,"30,065"
40,125,"7,576"
40,133,"16,580"
40,1,545
40,21,"1,824"
40,61,"5,343"
40,63,"69,677"
40,91,"22,317"
40,101,"44,442"
40,111,"13,823"
40,121,"53,211"
40,135,"21,064"
40,3,"254,361"
40,47,"316,401"
40,53,"320,409"
40,71,"261,143"
40,93,"154,014"
40,103,"131,324"
40,151,"168,617"
40,153,"126,538"
40,35,"16,028"
40,41,"12,038"
40,97,"11,608"
40,105,"12,940"
40,113,"63,914"
40,115,"36,631"
40,117,"25,611"
40,131,"1,757"
40,143,"11,888"
40,145,"35,428"
40,147,"12,863"
40,7,"232,652"
40,25,"277,377"
40,45,"64,737"
40,59,"107,082"
40,139,"432,054"
40,5,"93,661"
40,13,"67,128"
40,19,"38,110"
40,29,"26,660"
40,49,"82,565"
40,67,"57,412"
40,69,"27,213"
40,85,"23,942"
40,95,"5,739"
40,99,"60,350"
40,123,"30,060"
40,137,"64,253"
40,23,"34,926"
40,77,"34,134"
40,79,"16,925"
40,89,"56,496"
40,127,"17,211"
40,15,"215,560"
40,31,"89,470"
40,33,"121,914"
40,55,"85,599"
40,57,"128,364"
40,65,"272,570"
40,75,"251,478"
40,141,"237,094"
40,9,"108,326"
40,11,"211,577"
40,39,"172,715"
40,43,"116,114"
40,129,"125,057"
40,149,"275,787"
41,21,"90,278"
41,27,"8,660"
41,49,"195,382"
41,55,"146,849"
41,65,"104,102"
41,1,"26,967"
41,59,"344,336"
41,61,"29,982"
41,63,"20,713"
41,3,"3,858"
41,5,"6,958"
41,7, (D)
41,9,457
41,39,"18,421"
41,41, (D)
41,43,"30,087"
41,47,"21,593"
41,51,543
41,53,"8,519"
41,67,"10,824"
41,71,"23,130"
41,13,"6,377"
41,17,"4,571"
41,23,"18,490"
41,25,"118,518"
41,31,"23,566"
41,35,"48,361"
41,37,"20,082"
41,45,"82,369"
41,69,"1,086"
41,11,"1,536"
41,15,"4,634"
41,19,"2,607"
41,29,"11,785"
41,33, (D)
42,13,"19,092"
42,21,"10,425"
42,27,"23,504"
42,33,"3,324"
42,37,"35,497"
42,43,"27,124"
42,61,"19,078"
42,67,"15,434"
42,87,"9,980"
42,93,"6,488"
42,97,"48,573"
42,99,"22,030"
42,109,"25,404"
42,119,"10,904"
42,25,"2,693"
42,77,"30,420"
42,79,"5,561"
42,89,"4,015"
42,95,"33,950"
42,107,"32,315"
42,15,"17,144"
42,35,"7,426"
42,47,842
42,81,"10,411"
42,83,897
42,105,"5,866"
42,113,"3,004"
42,117,"6,042"
42,69, (D)
42,115,"2,228"
42,127,837
42,131,931
42,39,"35,464"
42,49,"32,873"
42,53, (D)
42,85,"41,396"
42,121,"5,829"
42,123,"4,393"
42,1,"55,631"
42,9,"23,928"
42,41,"46,930"
42,55,"67,285"
42,57,"10,011"
42,133,"96,063"
42,11,"55,124"
42,17,"27,871"
42,29,"36,920"
42,71,"84,996"
42,75,"21,897"
42,91,"7,252"
42,3,"3,244"
42,51,"11,978"
42,59,"1,419"
42,111,"17,918"
42,125,"3,743"
42,129,"32,832"
42,5,"20,991"
42,7,"3,078"
42,19,"19,466"
42,31,"8,215"
42,63,"25,714"
42,65,"6,514"
42,73,"18,184"
44,1, (D)
44,3, (D)
44,5,786
44,7,735
44,9, (D)
45,17,"58,067"
45,27,"81,226"
45,61,"64,231"
45,63,"10,613"
45,75,"130,512"
45,79,"11,521"
45,85,"67,792"
45,25,"29,025"
45,31,"83,508"
45,33,"52,782"
45,41,"80,176"
45,43,"4,887"
45,51,"80,209"
45,67,"19,870"
45,69,"41,160"
45,89,"73,304"
45,23,"8,615"
45,39,888
45,55,"2,714"
45,57,"4,469"
45,91,"16,305"
45,7,"25,706"
45,21,"10,585"
45,45,"2,424"
45,59,"18,272"
45,73,"3,805"
45,77,"1,963"
45,83,"9,496"
45,87,"5,030"
45,5,"24,353"
45,9,"19,713"
45,11,"20,088"
45,13,857
45,15,"7,576"
45,19, (D)
45,29,"16,768"
45,35,"23,074"
45,49,"32,049"
45,53, (D)
45,1,"9,145"
45,3,"15,163"
45,37,"7,114"
45,47,"2,702"
45,65,"1,499"
45,71,"16,142"
45,81,"10,629"
46,3,"155,173"
46,5,"448,295"
46,15,"263,243"
46,17,"99,365"
46,59,"488,206"
46,65,"236,408"
46,69,"191,812"
46,73,"170,539"
46,119,"415,486"
46,11,"245,720"
46,35,"144,840"
46,61,"188,657"
46,77,"315,164"
46,79,"199,790"
46,87,"276,506"
46,97,"172,276"
46,99,"266,119"
46,101,"191,037"
46,111,"143,691"
46,13,"723,159"
46,21,"199,826"
46,45,"493,880"
46,49,"334,185"
46,89,"261,672"
46,107,"354,720"
46,115,"698,196"
46,129,"219,329"
46,25,"366,369"
46,29,"189,825"
46,37,"358,161"
46,39,"159,608"
46,51,"259,641"
46,57,"200,360"
46,91,"245,927"
46,109,"368,565"
46,19,"241,829"
46,31,"442,729"
46,41,"244,851"
46,63,"456,022"
46,105,"479,384"
46,137,"348,225"
46,53,"185,671"
46,75,"312,236"
46,85,"256,636"
46,95,"187,088"
46,121,"72,141"
46,123,"334,590"
46,9,"189,933"
46,23,"351,151"
46,27,"201,358"
46,43,"176,435"
46,67,"317,219"
46,83,"240,948"
46,125,"292,667"
46,127,"242,487"
46,135,"194,680"
46,7,"149,323"
46,33,"155,151"
46,47,"137,535"
46,102,"133,628"
46,55,"272,628"
46,71,"289,301"
46,81,"20,300"
46,93,"555,705"
46,103,"230,962"
46,117,"217,709"
47,3,"35,275"
47,15,"17,476"
47,27,"1,586"
47,37, (D)
47,41,"5,811"
47,55,"30,041"
47,87,544
47,103,"54,980"
47,111,"13,836"
47,117,"15,992"
47,119,"25,420"
47,127,533
47,149,"20,965"
47,159,"14,119"
47,165,"14,547"
47,169,701
47,187,"9,731"
47,189,"4,086"
47,7,"6,490"
47,31,"44,559"
47,35,"2,965"
47,49,"1,611"
47,51,"30,462"
47,61,"4,049"
47,115,"11,225"
47,129,"1,895"
47,133,"4,033"
47,137,"1,381"
47,141,"5,676"
47,151, (D)
47,153,705
47,175,381
47,177,"37,523"
47,185,"6,359"
47,45,"194,403"
47,95,"72,440"
47,97,"100,416"
47,131,"131,603"
47,157,"33,356"
47,167,"97,266"
47,1,449
47,9,"6,721"
47,11,"7,676"
47,13,288
47,19, (D)
47,25,"1,310"
47,29,"5,112"
47,57,901
47,59,"10,274"
47,63,"5,035"
47,65,"1,067"
47,67, (D)
47,73,"1,872"
47,89,"2,643"
47,91,340
47,93,"1,098"
47,105,"7,740"
47,107,"16,724"
47,121,"5,108"
47,123,"25,686"
47,139,"6,875"
47,143,"2,456"
47,145,"2,058"
47,155, (D)
47,163,"2,733"
47,171, (D)
47,173,110
47,179,"4,236"
47,5,"14,498"
47,17,"68,577"
47,23,"27,736"
47,33,"114,904"
47,39,"8,342"
47,47,"127,784"
47,53,"172,301"
47,69,"52,618"
47,71,"39,435"
47,75,"124,632"
47,77,"22,791"
47,79,"83,499"
47,113,"65,330"
47,109,"32,282"
47,183,"134,835"
47,21,"5,861"
47,43,"4,311"
47,81,"13,654"
47,85,"4,393"
47,99,"54,588"
47,101, (D)
47,125,"35,479"
47,135,"4,474"
47,147,"86,948"
47,161,"6,475"
47,181,"8,171"
48,27,"115,850"
48,35,"55,889"
48,85,"71,673"
48,97,"54,474"
48,99,"49,178"
48,113,"6,086"
48,119,"51,780"
48,121,"59,810"
48,139,"139,582"
48,145,"150,261"
48,147,"105,519"
48,181,"121,953"
48,193,"40,726"
48,217,"214,747"
48,231,"79,401"
48,251,"52,005"
48,257,"63,545"
48,277,"93,536"
48,293,"25,746"
48,309,"189,172"
48,331,"103,116"
48,349,"82,926"
48,397, (D)
48,439, (D)
48,491,"217,212"
48,273,"70,189"
48,355,"291,026"
48,391,"76,636"
48,409,"206,308"
48,9,"99,591"
48,49,"40,292"
48,59,"51,145"
48,77,"106,724"
48,93,"34,133"
48,133,"55,983"
48,143,"22,947"
48,221,"1,343"
48,237,"70,355"
48,333,"70,741"
48,337,"42,621"
48,363,"42,304"
48,367,"22,297"
48,417,"68,619"
48,425,934
48,429,"41,170"
48,447,"120,786"
48,497,"25,101"
48,503,"49,404"
48,1,"14,907"
48,37,"26,790"
48,63,"2,276"
48,67,"12,573"
48,73,"33,752"
48,159,"7,491"
48,183, (D)
48,203,"6,420"
48,213,"40,101"
48,223,"19,492"
48,225,"6,408"
48,315,900
48,343,"2,987"
48,347,"1,474"
48,365,839
48,379,"2,735"
48,387,"68,702"
48,401,"1,905"
48,419,"5,501"
48,423,530
48,449,"3,630"
48,459,895
48,467,"14,838"
48,499,"1,662"
48,5,"1,204"
48,41,"38,005"
48,161,"7,644"
48,185,"27,942"
48,199, (D)
48,241,46
48,289,"13,119"
48,313,"26,969"
48,339,"2,844"
48,351,39
48,373,"1,440"
48,395,"65,902"
48,403, (D)
48,405,444
48,407,"2,850"
48,455,"2,042"
48,457, (D)
48,471,"15,251"
48,473,"31,995"
48,19,"47,111"
48,31,"39,787"
48,53,"27,128"
48,81,"84,745"
48,95,"118,828"
48,105,"251,187"
48,137,"145,110"
48,171,"114,291"
48,235,"143,095"
48,259,"30,735"
48,265,"38,879"
48,267,"191,553"
48,271,"149,995"
48,281,"48,191"
48,299,"111,647"
48,319,"153,051"
48,307,"98,526"
48,327,"106,942"
48,383,"114,658"
48,385,"3,310"
48,411,"63,182"
48,413,"211,686"
48,431, (D)
48,435,"201,110"
48,451,"178,820"
48,461,"135,538"
48,463,"138,470"
48,465,"248,379"
48,61,"191,781"
48,215,"265,096"
48,427,"73,556"
48,489,"189,375"
48,11,"86,308"
48,45,"159,417"
48,65,"248,913"
48,69,"200,859"
48,111,"247,389"
48,117,"349,510"
48,153,"322,116"
48,179,"72,084"
48,189,"309,113"
48,195,"291,045"
48,205,"213,050"
48,211,"93,828"
48,233,"93,641"
48,295,"67,862"
48,341,"164,494"
48,357,"284,866"
48,359,"70,967"
48,369,"238,795"
48,375,"44,163"
48,381,"132,890"
48,393,"21,781"
48,421,"317,184"
48,437,"237,293"
48,33,"112,345"
48,75,"84,601"
48,87,"101,964"
48,101,"116,943"
48,125,"103,861"
48,129,"94,105"
48,155,"114,860"
48,169,"75,214"
48,191,"180,543"
48,197,"58,219"
48,263,"58,253"
48,269,"3,683"
48,345,"122,380"
48,483,"87,883"
48,485,"114,886"
48,487,"177,446"
48,15,"34,580"
48,21,"33,419"
48,25,"85,741"
48,29,"37,952"
48,51,"38,103"
48,55,"61,503"
48,89,"101,168"
48,91,"15,936"
48,123,"35,107"
48,149,"65,802"
48,175,"43,767"
48,177,"99,785"
48,187,"61,363"
48,209,"19,024"
48,255,"43,133"
48,285,"32,833"
48,287,"20,571"
48,325,"145,651"
48,453,"43,720"
48,477,"16,485"
48,493,"32,281"
48,13,"67,072"
48,47, (D)
48,127,"28,692"
48,131,"74,756"
48,163,"66,625"
48,247,"33,236"
48,249,"138,069"
48,261, (D)
48,283,"17,012"
48,297,"124,676"
48,323, (D)
48,311,"66,138"
48,479,"428,161"
48,505,"21,736"
48,507,"57,149"
48,3,"322,066"
48,17,"190,257"
48,79,"296,564"
48,107,"229,272"
48,115,"311,836"
48,165,"428,596"
48,173,"239,678"
48,219,"275,980"
48,227,"195,151"
48,279,"314,937"
48,303,"378,276"
48,305,"389,092"
48,317,"238,259"
48,329,"68,740"
48,445,"340,309"
48,501,"227,212"
48,23,"351,575"
48,83,"123,591"
48,151,"199,765"
48,207,"263,712"
48,253,"205,697"
48,275,"123,397"
48,335,"109,604"
48,353,"124,725"
48,399,"216,621"
48,415,"160,174"
48,433,"66,959"
48,441,"66,913"
48,43,"271,613"
48,103, (D)
48,109,"28,742"
48,135, (D)
48,141,"20,151"
48,229,"179,974"
48,243,"347,588"
48,301, (D)
48,371,"405,864"
48,377,"209,718"
48,389,"279,323"
48,443,"130,220"
48,475, (D)
48,495, (D)
48,39,"81,081"
48,57,"48,828"
48,71,"30,162"
48,157,"103,634"
48,167,"1,874"
48,201,"32,511"
48,239,"185,441"
48,245,"28,674"
48,291,"18,064"
48,321,"164,257"
48,469,"152,764"
48,481,"252,992"
49,23,"10,763"
49,27,"27,125"
49,39,"30,923"
49,41,"4,446"
49,49,"26,157"
49,7,"2,040"
49,9, (D)
49,13,"16,140"
49,15,"5,382"
49,19, (D)
49,37,"52,433"
49,43,"2,071"
49,47,"10,755"
49,51, (D)
49,3,"102,034"
49,5,"38,938"
49,11,775
49,29,"2,088"
49,33,"7,077"
49,35,"2,100"
49,45,"1,130"
49,57,"1,162"
49,1,"3,340"
49,17, (D)
49,21,"40,570"
49,25,"3,340"
49,31,"3,751"
49,53,"7,732"
49,55,"1,755"
50,1,"40,272"
50,3,"2,174"
50,5,"5,192"
50,7,"3,981"
50,9,"1,100"
50,11,"28,367"
50,13,"1,670"
50,15,"2,222"
50,17,"4,152"
50,19,"10,237"
50,21,"7,264"
50,23,"2,139"
50,25,"1,627"
50,27,"1,006"
51,3,"10,013"
51,7,"17,073"
51,9, (D)
51,11,"2,868"
51,19,"6,232"
51,29,"6,957"
51,31,"6,935"
51,33,"37,989"
51,41,"3,128"
51,49,"3,349"
51,65,"1,960"
51,75,"8,859"
51,79, (D)
51,85,"38,580"
51,87,"3,627"
51,109,"7,993"
51,125,"3,040"
51,137,"15,066"
51,145,"4,433"
51,147,"4,922"
51,177,"2,824"
51,1,"46,395"
51,36,"19,300"
51,57,"40,270"
51,73,"11,181"
51,95,"2,342"
51,97,"25,160"
51,99,"7,450"
51,101,"18,220"
51,103,"9,913"
51,115,"3,288"
51,119,"12,961"
51,127,"9,394"
51,131,"25,478"
51,133,"29,481"
51,159,"21,629"
51,193,"24,121"
51,199,17
51,43,"4,964"
51,47,"15,270"
51,61,"19,473"
51,69,"8,253"
51,107,"7,978"
51,113,"12,091"
51,139,"5,964"
51,153,"4,469"
51,157,334
51,165,"24,821"
51,171,"19,702"
51,179,"5,005"
51,187, (D)
51,25,"12,498"
51,550,"21,692"
51,53,"24,988"
51,81,"26,860"
51,93,"37,294"
51,117,"19,821"
51,149,"17,731"
51,175,"76,832"
51,800,"41,943"
51,181,"21,559"
51,183,"33,006"
51,810,"12,040"
51,37,"15,615"
51,67,"24,751"
51,83,"12,679"
51,89,830
51,111,"7,246"
51,135,"4,739"
51,141,"2,832"
51,143,"38,941"
51,21,"1,215"
51,35,879
51,63,923
51,71,"1,979"
51,77,"1,313"
51,105,"2,416"
51,121,"2,356"
51,155,"1,021"
51,167,"4,901"
51,169,"3,278"
51,173,"1,273"
51,185,"2,963"
51,191,"1,826"
51,197,"9,326"
51,5,431
51,15,"23,126"
51,17,160
51,23,"5,380"
51,45,"1,277"
51,91, (D)
51,161, (D)
51,163,"4,704"
53,5,"248,135"
53,7,"14,756"
53,37,"8,664"
53,39,"117,916"
53,47,"27,407"
53,77,"159,821"
53,1,"343,076"
53,17,"204,359"
53,21,"123,661"
53,25,"359,452"
53,43,"414,110"
53,19, (D)
53,51, (D)
53,63,"256,441"
53,65,"4,735"
53,3,"35,836"
53,13,"95,430"
53,23,"118,757"
53,71,"250,068"
53,75,"728,334"
53,11,178
53,15, (D)
53,27,"3,510"
53,29,"1,611"
53,33,974
53,41,"2,008"
53,45, (D)
53,49,450
53,53,755
53,55, (D)
53,57,"12,150"
53,61,"6,423"
53,67,"1,375"
53,69, (D)
53,73,"3,852"
54,3,"6,204"
54,23,946
54,25,95
54,27,"1,658"
54,31,"6,657"
54,37,"23,262"
54,57,"1,117"
54,63,642
54,65,62
54,71,"2,730"
54,75,299
54,83,603
54,89, (D)
54,1,332
54,9, (D)
54,29,105
54,33, (D)
54,49,226
54,61,99
54,69, (D)
54,77,"1,733"
54,97,384
54,107,313
54,5,3
54,7, (D)
54,11,367
54,35,320
54,39, (D)
54,43,375
54,53,"6,171"
54,55, (D)
54,67,4
54,79,253
54,87,568
54,99,556
54,101, (D)
54,105,400
55,1,"58,244"
55,47,"49,214"
55,57,"78,211"
55,77,"55,636"
55,97,"67,932"
55,135,"61,026"
55,137,"48,616"
55,141,"59,141"
55,9,"105,004"
55,15,"58,639"
55,29,"54,232"
55,39,"129,059"
55,61,"76,594"
55,71,"91,862"
55,87,"129,253"
55,117,"74,545"
55,139,"82,375"
55,3,"3,756"
55,19,"121,179"
55,51, (D)
55,69,"12,196"
55,73,"156,616"
55,85,"7,226"
55,99,"5,272"
55,119,"62,250"
55,125, (D)
55,37, (D)
55,41,"2,538"
55,67,"38,005"
55,75,"46,718"
55,83,"65,840"
55,115,"94,892"
55,5,"149,929"
55,7,"4,360"
55,13,"28,572"
55,17,"152,972"
55,31,"3,274"
55,95,"104,581"
55,107,"23,620"
55,113,"9,970"
55,129,"16,660"
55,21,"172,892"
55,25,"280,399"
55,27,"176,306"
55,45,"159,305"
55,55,"122,088"
55,105,"227,407"
55,59,"49,324"
55,79,"2,981"
55,89,"21,455"
55,101,"81,803"
55,127,"124,072"
55,131,"53,318"
55,133,"47,942"
55,23,"46,364"
55,43,"211,243"
55,49,"129,923"
55,65,"183,143"
55,103,"50,376"
55,111,"88,926"
55,123,"81,168"
55,11,"81,351"
55,33,"151,464"
55,35,"59,471"
55,53,"70,589"
55,63,"35,212"
55,81,"66,883"
55,91,"43,159"
55,93,"112,028"
55,109,"153,008"
55,121,"112,739"
56,5,"680,764"
56,11,"302,059"
56,19,"358,635"
56,33,"90,592"
56,45,"281,768"
56,3,"52,002"
56,13,"62,042"
56,17,"14,072"
56,29,"53,549"
56,43,"10,497"
56,1,"27,052"
56,7,"25,402"
56,25,"291,119"
56,37,"21,135"
56,9,"389,119"
56,15,"145,840"
56,21,"226,331"
56,27,"278,750"
56,31,"63,868"
56,23,"23,281"
56,35,"30,560"
56,39, (D)
56,41, (D)
