State ANSI,County ANSI,"AG LAND, INCL BUILDINGS - ASSET VALUE, MEASURED IN $"
1,1,"249,647,000"
1,11,"246,923,000"
1,47,"493,309,000"
1,51,"280,736,000"
1,63,"299,179,000"
1,65,"356,619,000"
1,85,"385,183,000"
1,87,"282,183,000"
1,91,"295,745,000"
1,101,"619,969,000"
1,105,"360,378,000"
1,119,"337,435,000"
1,3,"1,017,694,000"
1,13,"207,048,000"
1,23,"169,043,000"
1,25,"147,230,000"
1,35,"222,855,000"
1,53,"259,954,000"
1,97,"449,845,000"
1,99,"338,976,000"
1,129,"242,220,000"
1,131,"300,545,000"
1,9,"533,674,000"
1,15,"377,908,000"
1,19,"384,402,000"
1,29,"167,453,000"
1,43,"831,581,000"
1,49,"973,544,000"
1,55,"342,714,000"
1,71,"664,771,000"
1,95,"643,033,000"
1,115,"252,246,000"
1,33,"400,622,000"
1,59,"317,513,000"
1,77,"763,403,000"
1,79,"811,453,000"
1,83,"928,982,000"
1,89,"981,240,000"
1,93,"193,185,000"
1,103,"593,829,000"
1,133,"157,971,000"
1,7,"157,097,000"
1,17,"323,332,000"
1,21,"269,305,000"
1,27,"200,061,000"
1,37,"105,232,000"
1,57,"150,526,000"
1,73,"167,356,000"
1,75,"136,861,000"
1,81,"281,245,000"
1,107,"264,993,000"
1,111,"379,904,000"
1,117,"267,222,000"
1,121,"263,083,000"
1,123,"187,940,000"
1,125,"319,369,000"
1,127,"196,189,000"
1,5,"341,020,000"
1,31,"466,572,000"
1,39,"433,309,000"
1,41,"285,197,000"
1,45,"412,275,000"
1,61,"453,917,000"
1,67,"448,917,000"
1,69,"524,803,000"
1,109,"434,161,000"
1,113,"250,726,000"
2,122,"79,920,000"
2,20,"283,429,000"
2,110,"52,909,000"
2,13,"26,387,000"
2,90,"167,306,000"
4,1,"1,526,995,000"
4,5,"1,301,954,000"
4,7,"471,891,000"
4,15,"625,401,000"
4,17,"975,274,000"
4,25,"1,357,337,000"
4,3,"1,952,165,000"
4,9,"836,174,000"
4,11,"102,756,000"
4,12,"503,469,000"
4,13,"4,382,014,000"
4,19,"1,380,703,000"
4,21,"3,097,763,000"
4,23,"394,368,000"
4,27,"2,282,971,000"
5,29,"436,779,000"
5,45,"770,008,000"
5,51,"177,412,000"
5,53,"177,785,000"
5,59,"215,182,000"
5,105,"214,032,000"
5,119,"311,268,000"
5,125,"143,550,000"
5,1,"1,305,706,000"
5,35,"1,211,817,000"
5,37,"917,615,000"
5,77,"818,206,000"
5,85,"1,351,830,000"
5,95,"572,597,000"
5,107,"1,157,866,000"
5,117,"795,930,000"
5,123,"806,194,000"
5,147,"830,357,000"
5,5,"272,898,000"
5,23,"380,309,000"
5,49,"418,421,000"
5,65,"387,928,000"
5,89,"437,059,000"
5,129,"368,039,000"
5,135,"344,902,000"
5,137,"345,025,000"
5,141,"351,430,000"
5,21,"1,234,740,000"
5,31,"1,482,847,000"
5,55,"1,107,051,000"
5,63,"615,042,000"
5,67,"912,398,000"
5,75,"966,990,000"
5,93,"1,637,437,000"
5,111,"1,209,457,000"
5,121,"654,149,000"
5,145,"957,132,000"
5,7,"1,579,086,000"
5,9,"806,334,000"
5,15,"798,577,000"
5,87,"870,067,000"
5,101,"246,001,000"
5,143,"1,625,429,000"
5,11,"97,669,000"
5,13,"48,551,000"
5,19,"249,286,000"
5,25,"133,739,000"
5,27,"126,233,000"
5,39,"57,317,000"
5,99,"183,475,000"
5,103,"63,182,000"
5,139,"100,523,000"
5,3,"381,884,000"
5,17,"913,498,000"
5,41,"1,013,592,000"
5,43,"387,296,000"
5,69,"955,041,000"
5,79,"643,516,000"
5,57,"466,473,000"
5,61,"428,623,000"
5,73,"339,302,000"
5,81,"384,639,000"
5,91,"326,383,000"
5,97,"200,881,000"
5,109,"215,033,000"
5,133,"379,518,000"
5,33,"375,216,000"
5,47,"471,307,000"
5,71,"289,183,000"
5,83,"467,424,000"
5,113,"414,917,000"
5,115,"509,086,000"
5,127,"229,306,000"
5,131,"336,927,000"
5,149,"523,446,000"
6,1,"1,302,493,000"
6,13,"1,076,887,000"
6,33,"907,425,000"
6,41,"821,077,000"
6,53,"9,874,578,000"
6,55,"11,293,706,000"
6,69,"1,856,247,000"
6,75,"6,998,000"
6,79,"7,028,066,000"
6,81,"449,122,000"
6,85,"2,343,857,000"
6,87,"1,364,390,000"
6,97,"12,585,655,000"
6,35,"1,012,417,000"
6,49,"1,117,135,000"
6,63,"438,644,000"
6,15,"164,387,000"
6,23,"1,918,878,000"
6,45,"2,993,131,000"
6,7,"4,194,072,000"
6,11,"3,639,949,000"
6,21,"4,160,847,000"
6,67,"2,614,620,000"
6,95,"3,133,931,000"
6,101,"3,628,721,000"
6,103,"2,646,543,000"
6,113,"4,459,910,000"
6,115,"1,475,937,000"
6,19,"18,703,714,000"
6,29,"16,941,719,000"
6,31,"6,661,523,000"
6,39,"7,071,966,000"
6,47,"12,384,483,000"
6,77,"11,607,126,000"
6,99,"11,285,270,000"
6,107,"14,658,910,000"
6,3,"14,510,000"
6,5,"808,361,000"
6,9,"851,482,000"
6,17,"903,330,000"
6,27,"177,936,000"
6,43,"622,002,000"
6,51,"140,274,000"
6,57,"386,535,000"
6,61,"795,957,000"
6,91,"97,099,000"
6,109,"455,202,000"
6,89,"1,196,921,000"
6,93,"2,107,215,000"
6,105,"126,408,000"
6,25,"5,809,443,000"
6,37,"1,074,107,000"
6,59,"618,662,000"
6,65,"4,786,277,000"
6,71,"1,357,537,000"
6,73,"5,154,575,000"
6,83,"7,423,241,000"
6,111,"6,632,060,000"
8,1,"1,137,370,000"
8,5,"639,432,000"
8,17,"900,833,000"
8,31,"8,221,000"
8,35,"1,360,019,000"
8,41,"886,453,000"
8,39,"1,554,142,000"
8,61,"823,703,000"
8,63,"1,655,338,000"
8,73,"1,055,546,000"
8,95,"743,116,000"
8,121,"1,490,897,000"
8,125,"2,286,393,000"
8,13,"1,345,647,000"
8,14,"46,505,000"
8,59,"528,724,000"
8,69,"2,237,180,000"
8,75,"1,352,231,000"
8,87,"1,144,322,000"
8,115,"471,980,000"
8,123,"5,426,642,000"
8,15,"336,427,000"
8,19,"32,693,000"
8,37,"513,608,000"
8,47,"16,517,000"
8,49,"529,840,000"
8,51,"685,306,000"
8,57,"398,973,000"
8,65,"24,547,000"
8,81,"761,636,000"
8,93,"317,690,000"
8,97,"249,226,000"
8,103,"564,395,000"
8,107,"1,460,924,000"
8,117,"112,265,000"
8,119,"144,377,000"
8,3,"407,117,000"
8,21,"449,252,000"
8,23,"434,669,000"
8,79,"29,002,000"
8,105,"554,247,000"
8,109,"595,731,000"
8,9,"1,153,547,000"
8,11,"506,941,000"
8,25,"246,522,000"
8,27,"313,415,000"
8,43,"649,553,000"
8,55,"559,387,000"
8,71,"1,080,729,000"
8,89,"515,988,000"
8,99,"814,766,000"
8,101,"920,514,000"
8,7,"652,264,000"
8,29,"1,139,905,000"
8,33,"281,079,000"
8,45,"1,140,083,000"
8,53,"19,288,000"
8,67,"1,240,889,000"
8,77,"1,891,867,000"
8,83,"836,478,000"
8,85,"1,022,437,000"
8,91,"259,925,000"
8,113,"202,708,000"
9,1,"563,936,000"
9,3,"771,768,000"
9,5,"1,022,591,000"
9,7,"244,789,000"
9,9,"632,767,000"
9,11,"689,446,000"
9,13,"345,897,000"
9,15,"491,418,000"
10,1,"1,445,100,000"
10,3,"640,780,000"
10,5,"2,334,212,000"
12,1,"1,395,471,000"
12,7,"281,075,000"
12,17,"442,153,000"
12,19,"132,152,000"
12,35,"441,023,000"
12,41,"437,431,000"
12,53,"527,400,000"
12,57,"2,105,511,000"
12,69,"1,458,393,000"
12,75,"863,893,000"
12,83,"3,677,724,000"
12,95,"922,111,000"
12,97,"2,037,023,000"
12,101,"1,371,416,000"
12,103,"139,638,000"
12,105,"2,953,733,000"
12,107,"336,688,000"
12,117,"288,876,000"
12,109,"292,635,000"
12,119,"1,066,922,000"
12,125,"200,125,000"
12,127,"1,178,139,000"
12,3,"152,768,000"
12,23,"466,978,000"
12,29,"209,838,000"
12,31,"225,601,000"
12,47,"341,283,000"
12,67,"283,295,000"
12,79,"591,429,000"
12,89,"204,397,000"
12,121,"750,415,000"
12,123,"214,287,000"
12,5,"150,920,000"
12,13,"254,355,000"
12,33,"365,111,000"
12,37, (D)
12,39,"281,905,000"
12,45,"279,225,000"
12,59,"337,604,000"
12,63,"1,016,016,000"
12,65,"582,459,000"
12,73,"391,309,000"
12,77,"136,228,000"
12,91,"221,876,000"
12,113,"456,168,000"
12,129,"80,935,000"
12,131,"336,383,000"
12,133,"172,853,000"
12,9,"787,105,000"
12,11,"223,300,000"
12,15,"809,118,000"
12,21,"705,085,000"
12,27,"1,676,704,000"
12,43,"1,846,890,000"
12,49,"2,011,573,000"
12,51,"2,122,201,000"
12,55,"1,467,942,000"
12,61,"1,048,823,000"
12,71,"1,064,263,000"
12,81,"1,499,361,000"
12,85,"675,811,000"
12,86,"2,941,409,000"
12,87, (D)
12,93,"1,256,015,000"
12,99,"4,087,787,000"
12,115,"654,349,000"
12,111,"1,350,502,000"
13,9,"73,360,000"
13,21,"36,440,000"
13,23,"124,546,000"
13,35,"121,909,000"
13,79,"141,990,000"
13,91,"268,148,000"
13,133,"271,414,000"
13,141,"81,111,000"
13,153,"157,336,000"
13,159,"149,218,000"
13,167,"156,637,000"
13,169,"102,252,000"
13,175,"324,435,000"
13,207,"159,374,000"
13,209,"153,906,000"
13,211,"412,371,000"
13,217,"191,387,000"
13,225,"335,126,000"
13,235,"140,569,000"
13,237,"160,983,000"
13,247,"29,779,000"
13,265,"59,135,000"
13,283,"69,579,000"
13,289,"94,802,000"
13,303,"202,444,000"
13,309,"103,537,000"
13,319,"62,222,000"
13,31,"564,801,000"
13,33,"634,145,000"
13,43,"173,313,000"
13,73,"101,745,000"
13,103,"164,095,000"
13,107,"289,642,000"
13,125,"34,177,000"
13,163,"323,640,000"
13,165,"207,770,000"
13,189,"130,755,000"
13,245,"48,939,000"
13,251,"411,648,000"
13,301,"113,643,000"
13,13,"146,532,000"
13,57,"208,499,000"
13,59,"62,219,000"
13,67,"28,836,000"
13,85,"132,319,000"
13,89,"21,965,000"
13,111,"96,540,000"
13,117,"142,016,000"
13,121,"233,097,000"
13,123,"217,261,000"
13,135,"99,661,000"
13,139,"379,734,000"
13,157,"475,484,000"
13,187,"159,736,000"
13,219,"258,063,000"
13,227,"141,407,000"
13,281,"37,021,000"
13,291,"112,194,000"
13,297,"268,560,000"
13,311,"152,005,000"
13,11,"303,584,000"
13,105,"311,586,000"
13,119,"452,788,000"
13,137,"184,182,000"
13,147,"372,806,000"
13,181,"57,158,000"
13,195,"388,388,000"
13,221,"317,505,000"
13,241,"62,674,000"
13,257,"112,638,000"
13,317,"314,062,000"
13,15,"466,395,000"
13,47,"132,830,000"
13,55,"195,736,000"
13,83,"115,668,000"
13,115,"364,246,000"
13,129,"488,712,000"
13,213,"239,164,000"
13,223,"85,740,000"
13,233,"225,164,000"
13,295,"384,732,000"
13,313,"226,075,000"
13,3,"208,829,000"
13,17,"129,752,000"
13,19,"365,189,000"
13,27,"623,983,000"
13,65,"109,371,000"
13,69,"570,559,000"
13,71,"615,121,000"
13,75,"239,964,000"
13,81,"331,342,000"
13,93,"543,517,000"
13,101,"63,741,000"
13,155,"399,021,000"
13,161,"179,406,000"
13,173,"141,733,000"
13,185,"336,979,000"
13,271,"115,340,000"
13,277,"382,816,000"
13,287,"285,256,000"
13,315,"236,521,000"
13,321,"653,952,000"
13,1,"416,869,000"
13,5,"255,899,000"
13,25,"71,461,000"
13,29,"79,558,000"
13,39,"15,886,000"
13,49,"50,256,000"
13,51,"23,752,000"
13,109,"96,079,000"
13,127,"29,667,000"
13,179,"33,705,000"
13,183,"34,219,000"
13,191,"23,121,000"
13,229,"232,792,000"
13,267,"440,004,000"
13,279,"224,122,000"
13,299,"162,888,000"
13,305,"130,027,000"
13,7,"291,092,000"
13,37,"349,445,000"
13,61,"106,944,000"
13,87,"625,338,000"
13,95,"249,395,000"
13,99,"430,483,000"
13,131,"465,181,000"
13,177,"407,179,000"
13,201,"259,996,000"
13,205,"702,036,000"
13,239,"44,474,000"
13,243,"345,197,000"
13,253,"329,748,000"
13,259,"105,693,000"
13,261,"499,647,000"
13,273,"375,824,000"
13,275,"681,721,000"
13,307,"145,862,000"
13,45,"408,039,000"
13,53,"5,142,000"
13,63,"4,930,000"
13,77,"257,248,000"
13,97,"47,415,000"
13,113,"61,438,000"
13,143,"128,031,000"
13,145,"181,117,000"
13,149,"138,842,000"
13,151,"93,489,000"
13,171,"113,165,000"
13,193,"358,171,000"
13,197,"151,856,000"
13,199,"231,694,000"
13,215,"46,455,000"
13,231,"200,149,000"
13,249,"99,378,000"
13,255,"87,241,000"
13,263,"82,569,000"
13,269,"133,351,000"
13,285,"145,415,000"
13,293,"125,137,000"
15,1,"4,607,137,000"
15,7,"1,348,683,000"
15,9,"2,854,436,000"
15,3,"1,780,081,000"
16,5,"615,413,000"
16,7,"427,362,000"
16,11,"2,373,575,000"
16,19,"1,220,964,000"
16,23,"267,597,000"
16,29,"680,200,000"
16,33,"262,276,000"
16,37,"402,989,000"
16,41,"531,020,000"
16,43,"773,525,000"
16,51,"1,174,793,000"
16,59,"439,442,000"
16,65,"816,040,000"
16,71,"530,290,000"
16,77,"1,200,100,000"
16,81,"464,236,000"
16,9,"270,955,000"
16,17,"449,851,000"
16,21,"329,533,000"
16,35,"139,645,000"
16,49,"883,622,000"
16,55,"771,897,000"
16,57,"888,376,000"
16,61,"393,580,000"
16,69,"793,469,000"
16,79,"16,352,000"
16,13,"534,509,000"
16,25,"258,293,000"
16,31,"2,052,478,000"
16,47,"1,133,137,000"
16,53,"1,036,522,000"
16,63,"492,526,000"
16,67,"1,214,391,000"
16,83,"2,081,187,000"
16,1,"1,068,726,000"
16,3,"252,734,000"
16,15,"76,259,000"
16,27,"2,265,611,000"
16,39,"893,173,000"
16,45,"515,578,000"
16,73,"1,184,330,000"
16,75,"569,930,000"
16,85,"132,166,000"
16,87,"634,434,000"
17,39,"1,559,388,000"
17,107,"2,966,861,000"
17,115,"2,566,190,000"
17,123,"1,603,372,000"
17,125,"2,178,165,000"
17,113,"6,103,746,000"
17,129,"1,312,059,000"
17,143,"1,973,627,000"
17,175,"1,485,361,000"
17,179,"2,518,621,000"
17,203,"2,540,395,000"
17,19,"5,428,906,000"
17,53,"2,099,520,000"
17,75,"5,006,324,000"
17,91,"2,447,524,000"
17,105,"4,942,474,000"
17,147,"2,370,776,000"
17,183,"3,867,238,000"
17,23,"1,490,160,000"
17,25,"1,507,090,000"
17,29,"1,865,244,000"
17,33,"1,154,097,000"
17,35,"1,089,613,000"
17,41,"2,220,838,000"
17,45,"2,362,473,000"
17,49,"1,976,800,000"
17,51,"1,884,318,000"
17,79,"1,406,372,000"
17,101,"1,271,017,000"
17,121,"1,215,090,000"
17,139,"1,762,668,000"
17,159,"942,419,000"
17,173,"2,553,958,000"
17,7,"886,500,000"
17,31,"245,621,000"
17,37,"3,502,174,000"
17,43,"36,302,000"
17,63,"2,067,540,000"
17,89,"1,797,521,000"
17,93,"1,249,215,000"
17,99,"5,228,837,000"
17,97,"371,693,000"
17,111,"1,987,859,000"
17,197,"1,925,147,000"
17,11,"3,592,032,000"
17,15,"1,975,336,000"
17,73,"3,826,783,000"
17,85,"1,768,570,000"
17,103,"3,398,795,000"
17,131,"1,849,000,000"
17,141,"3,049,078,000"
17,155,"416,582,000"
17,161,"1,111,433,000"
17,177,"2,568,867,000"
17,195,"2,926,152,000"
17,201,"1,274,896,000"
17,47,"600,293,000"
17,55,"774,955,000"
17,59,"943,656,000"
17,65,"964,859,000"
17,69,"120,024,000"
17,81,"1,120,003,000"
17,127,"458,959,000"
17,151,"230,507,000"
17,165,"698,821,000"
17,185,"638,658,000"
17,191,"1,753,218,000"
17,193,"1,442,432,000"
17,3,"172,827,000"
17,27,"1,633,182,000"
17,77,"1,193,659,000"
17,87,"390,320,000"
17,133,"1,173,368,000"
17,145,"880,753,000"
17,153,"415,488,000"
17,157,"1,420,071,000"
17,163,"1,759,442,000"
17,181,"639,876,000"
17,189,"2,241,332,000"
17,199,"410,540,000"
17,1,"3,107,961,000"
17,9,"792,964,000"
17,57,"2,492,172,000"
17,67,"3,228,367,000"
17,71,"1,342,886,000"
17,95,"3,031,041,000"
17,109,"2,308,250,000"
17,169,"1,161,937,000"
17,187,"2,759,262,000"
17,5,"1,188,099,000"
17,13,"480,216,000"
17,17,"1,263,923,000"
17,21,"3,478,624,000"
17,61,"2,029,033,000"
17,83,"1,201,059,000"
17,117,"3,026,985,000"
17,119,"2,775,087,000"
17,135,"3,192,741,000"
17,137,"2,476,364,000"
17,149,"2,644,382,000"
17,167,"4,744,745,000"
17,171,"1,010,102,000"
18,5,"1,073,017,000"
18,11,"1,752,949,000"
18,23,"1,770,820,000"
18,31,"1,430,325,000"
18,53,"1,341,796,000"
18,57,"1,113,681,000"
18,59,"1,279,759,000"
18,63,"1,167,385,000"
18,67,"1,131,481,000"
18,81,"951,838,000"
18,95,"1,684,861,000"
18,97,"183,499,000"
18,109,"858,687,000"
18,139,"1,533,011,000"
18,145,"1,531,261,000"
18,159,"1,317,634,000"
18,9,"608,779,000"
18,35,"1,112,965,000"
18,41,"485,973,000"
18,65,"1,008,850,000"
18,75,"1,574,627,000"
18,135,"1,551,396,000"
18,161,"526,377,000"
18,177,"897,965,000"
18,15,"1,690,284,000"
18,17,"1,244,963,000"
18,39,"1,955,425,000"
18,49,"1,353,575,000"
18,85,"1,863,165,000"
18,99,"1,246,124,000"
18,103,"1,306,363,000"
18,141,"1,212,929,000"
18,169,"1,328,676,000"
18,1,"1,762,036,000"
18,3,"2,239,092,000"
18,33,"881,585,000"
18,69,"1,351,758,000"
18,87,"1,806,979,000"
18,113,"1,278,743,000"
18,151,"666,273,000"
18,179,"1,697,689,000"
18,183,"1,117,949,000"
18,7,"1,941,371,000"
18,73,"1,743,919,000"
18,91,"1,830,478,000"
18,89,"783,365,000"
18,111,"1,218,560,000"
18,127,"828,972,000"
18,131,"1,426,052,000"
18,149,"729,082,000"
18,181,"2,210,814,000"
18,13,"64,928,000"
18,25,"162,731,000"
18,43,"136,469,000"
18,61,"679,800,000"
18,71,"1,065,793,000"
18,93,"547,392,000"
18,105,"313,748,000"
18,117,"459,858,000"
18,123,"308,465,000"
18,175,"953,972,000"
18,19,"518,226,000"
18,29,"314,131,000"
18,47,"754,239,000"
18,77,"441,474,000"
18,79,"584,721,000"
18,115,"104,887,000"
18,137,"909,083,000"
18,143,"318,283,000"
18,155,"225,472,000"
18,27,"1,716,412,000"
18,37,"976,345,000"
18,51,"1,429,039,000"
18,55,"836,321,000"
18,83,"1,936,931,000"
18,101,"241,874,000"
18,125,"397,117,000"
18,129,"1,176,587,000"
18,147,"780,923,000"
18,153,"796,781,000"
18,163,"505,286,000"
18,173,"571,441,000"
18,21,"826,087,000"
18,45,"1,427,195,000"
18,107,"1,970,646,000"
18,119,"508,521,000"
18,121,"1,055,594,000"
18,133,"1,189,932,000"
18,157,"2,005,301,000"
18,165,"698,392,000"
18,167,"650,875,000"
18,171,"1,274,845,000"
19,15,"2,509,690,000"
19,49,"2,397,168,000"
19,75,"2,798,874,000"
19,79,"2,558,830,000"
19,83,"2,629,899,000"
19,99,"2,462,589,000"
19,127,"2,405,067,000"
19,153,"1,713,293,000"
19,157,"2,278,082,000"
19,169,"2,878,185,000"
19,171,"2,952,907,000"
19,187,"3,253,033,000"
19,11,"3,107,255,000"
19,31,"2,674,715,000"
19,45,"3,038,303,000"
19,95,"2,223,199,000"
19,97,"1,885,845,000"
19,103,"2,445,076,000"
19,105,"2,392,776,000"
19,113,"2,702,546,000"
19,139,"1,473,484,000"
19,163,"2,108,825,000"
19,23,"2,575,306,000"
19,33,"2,347,472,000"
19,67,"2,286,747,000"
19,69,"2,728,705,000"
19,81,"2,632,611,000"
19,91,"1,937,419,000"
19,109,"4,687,949,000"
19,131,"2,274,970,000"
19,189,"1,720,115,000"
19,195,"1,661,241,000"
19,197,"2,698,194,000"
19,5,"1,559,385,000"
19,13,"2,548,400,000"
19,17,"2,094,342,000"
19,19,"2,599,979,000"
19,37,"2,187,337,000"
19,43,"2,288,367,000"
19,55,"2,834,400,000"
19,61,"2,706,200,000"
19,65,"2,761,807,000"
19,89,"2,230,343,000"
19,191,"2,505,290,000"
19,21,"2,869,130,000"
19,35,"2,680,374,000"
19,41,"2,628,028,000"
19,59,"1,393,173,000"
19,63,"1,650,481,000"
19,119,"3,458,632,000"
19,141,"3,056,678,000"
19,143,"2,057,425,000"
19,147,"2,740,986,000"
19,149,"4,309,745,000"
19,151,"2,656,209,000"
19,167,"5,030,660,000"
19,7,"728,833,000"
19,39,"823,576,000"
19,53,"907,985,000"
19,117,"598,684,000"
19,121,"1,536,224,000"
19,125,"1,471,736,000"
19,135,"812,118,000"
19,159,"1,168,483,000"
19,175,"1,096,973,000"
19,181,"1,392,880,000"
19,185,"1,212,730,000"
19,51,"777,717,000"
19,57,"1,206,984,000"
19,87,"1,640,932,000"
19,101,"1,140,316,000"
19,107,"1,857,441,000"
19,111,"1,138,645,000"
19,115,"1,259,968,000"
19,123,"1,926,991,000"
19,177,"983,065,000"
19,179,"972,371,000"
19,183,"2,138,599,000"
19,1,"1,751,193,000"
19,3,"1,114,473,000"
19,29,"1,678,732,000"
19,71,"1,645,974,000"
19,129,"1,243,341,000"
19,137,"1,391,080,000"
19,145,"1,747,699,000"
19,155,"3,471,570,000"
19,173,"1,388,391,000"
19,9,"1,891,867,000"
19,25,"2,788,368,000"
19,27,"2,801,978,000"
19,47,"2,978,905,000"
19,73,"2,914,598,000"
19,77,"2,093,229,000"
19,85,"2,338,497,000"
19,93,"1,932,955,000"
19,133,"1,923,661,000"
19,161,"2,805,382,000"
19,165,"2,539,477,000"
19,193,"3,324,207,000"
20,9,"876,090,000"
20,41,"1,111,096,000"
20,51,"676,748,000"
20,53,"627,037,000"
20,105,"664,623,000"
20,115,"1,159,551,000"
20,113,"1,528,591,000"
20,159,"943,186,000"
20,165,"582,368,000"
20,167,"659,160,000"
20,169,"849,426,000"
20,3,"742,996,000"
20,17,"688,089,000"
20,31,"704,962,000"
20,45,"937,946,000"
20,59,"854,113,000"
20,61,"357,027,000"
20,91,"328,751,000"
20,107,"771,456,000"
20,111,"1,039,839,000"
20,121,"915,567,000"
20,127,"663,888,000"
20,139,"875,392,000"
20,177,"603,619,000"
20,197,"729,997,000"
20,27,"1,047,099,000"
20,29,"741,330,000"
20,89,"954,410,000"
20,123,"773,789,000"
20,141,"616,442,000"
20,143,"883,577,000"
20,147,"717,342,000"
20,157,"965,096,000"
20,163,"698,970,000"
20,183,"1,033,422,000"
20,201,"1,275,432,000"
20,5,"717,206,000"
20,13,"1,092,864,000"
20,43,"608,965,000"
20,85,"895,770,000"
20,87,"741,709,000"
20,103,"665,793,000"
20,117,"1,546,776,000"
20,131,"1,203,137,000"
20,149,"999,231,000"
20,161,"647,738,000"
20,209,"83,569,000"
20,23,"781,723,000"
20,39,"612,328,000"
20,65,"604,530,000"
20,137,"673,570,000"
20,153,"930,852,000"
20,179,"800,958,000"
20,181,"1,088,915,000"
20,193,"1,170,390,000"
20,7,"907,325,000"
20,33,"525,825,000"
20,47,"722,680,000"
20,77,"803,473,000"
20,79,"1,089,195,000"
20,95,"836,786,000"
20,97,"696,023,000"
20,145,"786,175,000"
20,151,"955,818,000"
20,155,"1,687,680,000"
20,173,"1,720,329,000"
20,185,"889,996,000"
20,191,"1,392,838,000"
20,1,"486,881,000"
20,11,"674,934,000"
20,15,"1,810,880,000"
20,19,"470,348,000"
20,21,"706,127,000"
20,35,"1,041,902,000"
20,37,"675,024,000"
20,49,"381,576,000"
20,73,"1,026,788,000"
20,99,"847,083,000"
20,125,"735,212,000"
20,133,"634,374,000"
20,205,"558,333,000"
20,207,"470,367,000"
20,25,"515,644,000"
20,55,"1,237,394,000"
20,57,"1,036,202,000"
20,67,"565,342,000"
20,69,"887,661,000"
20,75,"579,958,000"
20,81,"555,313,000"
20,83,"582,077,000"
20,93,"744,629,000"
20,119,"867,724,000"
20,129,"410,903,000"
20,175,"508,681,000"
20,187,"463,297,000"
20,189,"631,717,000"
20,63,"738,072,000"
20,71,"672,471,000"
20,101,"531,324,000"
20,109,"813,823,000"
20,135,"724,801,000"
20,171,"697,523,000"
20,195,"587,978,000"
20,199,"602,631,000"
20,203,"613,692,000"
21,5,"304,010,000"
21,11,"300,081,000"
21,17,"971,287,000"
21,21,"329,725,000"
21,49,"652,652,000"
21,67,"1,675,694,000"
21,69,"453,221,000"
21,73,"295,817,000"
21,79,"411,387,000"
21,97,"519,706,000"
21,113,"506,378,000"
21,137,"529,874,000"
21,151,"796,961,000"
21,161,"390,636,000"
21,167,"535,598,000"
21,173,"361,100,000"
21,181,"215,617,000"
21,201,"92,403,000"
21,209,"730,576,000"
21,211,"1,166,957,000"
21,215,"336,984,000"
21,229,"518,572,000"
21,239,"909,965,000"
21,1,"517,617,000"
21,3,"584,010,000"
21,9,"914,374,000"
21,27,"849,307,000"
21,29,"229,265,000"
21,31,"388,792,000"
21,45,"419,923,000"
21,53,"181,630,000"
21,57,"167,432,000"
21,61,"259,308,000"
21,85,"627,747,000"
21,87,"405,480,000"
21,93,"915,113,000"
21,99,"522,591,000"
21,111,"248,692,000"
21,123,"391,679,000"
21,155,"567,376,000"
21,163,"610,447,000"
21,169,"370,697,000"
21,171,"455,175,000"
21,179,"867,088,000"
21,207,"286,091,000"
21,217,"339,482,000"
21,227,"1,398,682,000"
21,13,"30,049,000"
21,19,"46,828,000"
21,25,"36,386,000"
21,43,"177,863,000"
21,51,"80,474,000"
21,63,"89,036,000"
21,65,"127,670,000"
21,71,"28,226,000"
21,89,"182,243,000"
21,95,"10,557,000"
21,109,"177,179,000"
21,115,"66,046,000"
21,119,"16,309,000"
21,121,"92,718,000"
21,125,"299,847,000"
21,127,"81,920,000"
21,129,"51,332,000"
21,131,"6,300,000"
21,133,"16,870,000"
21,135,"246,112,000"
21,153,"90,643,000"
21,159,"38,100,000"
21,147,"44,976,000"
21,165,"68,370,000"
21,175,"207,468,000"
21,189,"39,123,000"
21,193,"18,739,000"
21,195,"27,545,000"
21,197,"65,350,000"
21,199,"732,467,000"
21,203,"175,843,000"
21,205,"109,602,000"
21,231,"256,124,000"
21,235,"149,331,000"
21,237,"67,954,000"
21,33,"434,659,000"
21,47,"1,664,777,000"
21,55,"433,845,000"
21,59,"1,186,504,000"
21,91,"142,098,000"
21,101,"920,652,000"
21,107,"493,569,000"
21,141,"1,334,344,000"
21,149,"577,524,000"
21,177,"382,048,000"
21,183,"538,921,000"
21,213,"629,155,000"
21,219,"870,816,000"
21,225,"980,778,000"
21,233,"600,247,000"
21,15,"472,849,000"
21,23,"216,905,000"
21,37,"233,215,000"
21,41,"172,725,000"
21,77,"92,488,000"
21,81,"320,234,000"
21,103,"505,794,000"
21,117,"205,573,000"
21,185,"409,888,000"
21,187,"445,615,000"
21,191,"316,166,000"
21,223,"214,034,000"
21,7,"340,923,000"
21,35,"558,659,000"
21,39,"334,273,000"
21,75,"358,659,000"
21,83,"960,840,000"
21,105,"475,613,000"
21,139,"342,208,000"
21,143,"102,001,000"
21,157,"321,458,000"
21,145,"276,633,000"
21,221,"502,118,000"
22,9,"717,455,000"
22,25,"566,959,000"
22,29,"788,421,000"
22,39,"387,777,000"
22,43,"139,223,000"
22,59,"75,191,000"
22,77,"580,039,000"
22,79,"761,443,000"
22,97,"780,617,000"
22,121,"96,109,000"
22,33,"480,885,000"
22,37,"366,563,000"
22,63,"158,625,000"
22,91,"153,553,000"
22,103,"461,944,000"
22,105,"496,427,000"
22,117,"291,388,000"
22,125,"253,347,000"
22,13,"86,811,000"
22,21,"169,749,000"
22,27,"151,584,000"
22,49,"82,341,000"
22,61,"230,426,000"
22,73,"397,085,000"
22,111,"229,201,000"
22,127,"84,743,000"
22,35,"821,870,000"
22,41,"722,652,000"
22,65,"674,375,000"
22,67,"815,893,000"
22,83,"618,239,000"
22,107,"566,155,000"
22,123,"553,775,000"
22,15,"333,505,000"
22,17,"594,341,000"
22,31,"405,118,000"
22,81,"213,658,000"
22,119,"170,658,000"
22,7,"270,567,000"
22,45,"329,267,000"
22,47,"326,113,000"
22,55,"277,106,000"
22,99,"267,533,000"
22,101,"264,400,000"
22,5,"139,173,000"
22,51,"19,008,000"
22,57,"455,146,000"
22,71,"5,478,000"
22,75,"132,748,000"
22,87,"56,850,000"
22,89,"50,046,000"
22,93,"154,877,000"
22,95,"69,593,000"
22,109,"324,424,000"
22,1,"733,494,000"
22,3,"243,764,000"
22,11,"448,453,000"
22,19,"1,232,309,000"
22,23,"465,746,000"
22,53,"542,147,000"
22,113,"1,178,747,000"
22,69,"498,412,000"
22,85,"235,041,000"
22,115,"151,566,000"
23,9,"182,225,000"
23,19,"260,052,000"
23,21,"71,881,000"
23,25,"215,263,000"
23,27,"169,457,000"
23,29,"191,460,000"
23,3,"551,912,000"
23,1,"196,093,000"
23,5,"341,640,000"
23,7,"117,264,000"
23,11,"248,257,000"
23,13,"120,956,000"
23,15,"118,288,000"
23,17,"223,891,000"
23,23,"73,122,000"
23,31,"312,506,000"
24,19,"750,203,000"
24,39,"340,342,000"
24,45,"622,940,000"
24,47,"526,009,000"
24,5,"1,128,553,000"
24,13,"1,200,375,000"
24,21,"1,795,668,000"
24,25,"810,052,000"
24,27,"296,978,000"
24,31,"538,269,000"
24,43,"960,838,000"
24,3,"278,444,000"
24,9,"257,981,000"
24,17,"387,970,000"
24,33,"279,743,000"
24,37,"614,880,000"
24,11,"912,489,000"
24,15,"591,595,000"
24,29,"887,286,000"
24,35,"1,196,280,000"
24,41,"657,990,000"
24,1,"197,285,000"
24,23,"412,101,000"
25,1,"200,563,000"
25,3,"448,322,000"
25,5,"582,405,000"
25,7,"88,177,000"
25,9,"361,668,000"
25,11,"566,421,000"
25,13,"372,268,000"
25,15,"388,060,000"
25,17,"435,781,000"
25,19,"30,086,000"
25,21,"130,803,000"
25,23,"574,827,000"
25,25,"4,828,000"
25,27,"1,172,039,000"
26,35,"164,443,000"
26,51,"228,987,000"
26,57,"1,611,695,000"
26,73,"867,907,000"
26,107,"403,512,000"
26,111,"485,962,000"
26,117,"919,457,000"
26,133,"311,226,000"
26,11,"292,457,000"
26,17,"1,060,199,000"
26,63,"2,995,475,000"
26,145,"1,898,351,000"
26,151,"2,152,109,000"
26,157,"1,720,370,000"
26,1,"94,338,000"
26,7,"166,437,000"
26,31,"112,792,000"
26,39,"10,299,000"
26,69,"106,655,000"
26,119,"56,021,000"
26,129,"196,077,000"
26,135,"44,336,000"
26,137,"92,511,000"
26,141,"151,230,000"
26,143,"14,110,000"
26,9,"233,546,000"
26,19,"73,338,000"
26,29,"112,881,000"
26,47,"147,867,000"
26,55,"323,746,000"
26,79,"72,010,000"
26,89,"366,441,000"
26,101,"119,319,000"
26,113,"415,679,000"
26,165,"135,428,000"
26,15,"742,368,000"
26,23,"1,014,206,000"
26,25,"1,135,753,000"
26,37,"1,299,267,000"
26,45,"877,435,000"
26,59,"1,095,587,000"
26,65,"948,928,000"
26,67,"1,159,377,000"
26,75,"799,800,000"
26,155,"949,508,000"
26,149,"1,400,441,000"
26,49,"652,089,000"
26,87,"762,327,000"
26,91,"2,016,182,000"
26,93,"509,503,000"
26,99,"375,278,000"
26,115,"1,291,710,000"
26,125,"335,379,000"
26,147,"957,110,000"
26,161,"1,400,210,000"
26,163,"116,034,000"
26,5,"1,374,022,000"
26,21,"931,784,000"
26,27,"917,551,000"
26,77,"977,566,000"
26,81,"1,162,101,000"
26,139,"1,421,604,000"
26,159,"878,620,000"
26,3,"42,750,000"
26,13,"38,532,000"
26,33,"192,749,000"
26,41,"104,902,000"
26,43,"60,109,000"
26,53,"14,399,000"
26,61,"61,234,000"
26,71,"46,326,000"
26,83,"810,000"
26,95,"24,942,000"
26,97,"50,029,000"
26,103,"66,724,000"
26,109,"169,223,000"
26,131,"43,286,000"
26,153,"27,367,000"
26,85,"53,252,000"
26,105,"265,801,000"
26,121,"405,971,000"
26,123,"529,820,000"
26,127,"528,514,000"
27,9,"855,276,000"
27,19,"1,069,585,000"
27,67,"2,378,543,000"
27,85,"1,537,784,000"
27,93,"1,564,560,000"
27,97,"1,265,550,000"
27,129,"4,094,421,000"
27,139,"876,656,000"
27,141,"528,595,000"
27,143,"2,361,502,000"
27,145,"3,351,187,000"
27,153,"915,210,000"
27,159,"282,161,000"
27,171,"1,549,943,000"
27,1,"223,008,000"
27,3,"296,378,000"
27,17,"201,288,000"
27,25,"528,357,000"
27,35,"239,789,000"
27,53,"617,798,000"
27,59,"514,772,000"
27,65,"315,070,000"
27,95,"390,597,000"
27,115,"379,016,000"
27,123,"17,187,000"
27,163,"662,074,000"
27,7,"331,547,000"
27,21,"334,298,000"
27,57,"250,308,000"
27,61,"203,771,000"
27,71,"80,530,000"
27,77,"154,937,000"
27,31,"8,257,000"
27,75,"12,938,000"
27,137,"276,330,000"
27,5,"1,068,703,000"
27,27,"2,276,472,000"
27,29,"315,435,000"
27,69,"1,077,844,000"
27,87,"653,865,000"
27,89,"2,233,014,000"
27,107,"1,736,052,000"
27,113,"551,116,000"
27,119,"3,355,899,000"
27,125,"494,769,000"
27,135,"972,784,000"
27,13,"2,756,591,000"
27,15,"2,338,846,000"
27,43,"2,772,547,000"
27,47,"2,376,055,000"
27,79,"1,540,320,000"
27,91,"3,014,024,000"
27,103,"1,854,459,000"
27,131,"1,551,325,000"
27,147,"1,557,711,000"
27,161,"1,635,680,000"
27,165,"1,791,446,000"
27,37,"1,567,378,000"
27,39,"1,709,560,000"
27,45,"2,085,670,000"
27,49,"2,386,396,000"
27,55,"931,062,000"
27,99,"3,046,826,000"
27,109,"1,903,527,000"
27,157,"1,273,722,000"
27,169,"1,545,543,000"
27,33,"2,341,221,000"
27,63,"2,293,725,000"
27,81,"1,440,450,000"
27,83,"2,312,449,000"
27,101,"2,436,254,000"
27,105,"2,863,932,000"
27,117,"1,399,942,000"
27,127,"3,268,626,000"
27,133,"2,196,765,000"
27,11,"1,168,473,000"
27,23,"2,009,941,000"
27,41,"1,038,869,000"
27,51,"1,427,392,000"
27,73,"1,880,154,000"
27,111,"2,358,726,000"
27,121,"1,379,830,000"
27,149,"1,677,117,000"
27,151,"1,739,658,000"
27,155,"1,814,806,000"
27,167,"1,657,620,000"
27,173,"2,074,828,000"
28,7,"217,815,000"
28,15,"379,390,000"
28,19,"118,513,000"
28,51,"585,288,000"
28,79,"287,011,000"
28,89,"413,681,000"
28,97,"135,370,000"
28,121,"400,234,000"
28,123,"305,354,000"
28,155,"135,773,000"
28,17,"345,023,000"
28,25,"233,526,000"
28,69,"226,450,000"
28,87,"352,300,000"
28,95,"407,961,000"
28,99,"299,341,000"
28,103,"514,515,000"
28,105,"265,870,000"
28,159,"245,359,000"
28,53,"536,734,000"
28,55,"359,223,000"
28,83,"867,067,000"
28,125,"570,369,000"
28,133,"1,237,087,000"
28,151,"1,374,035,000"
28,163,"858,682,000"
28,9,"146,295,000"
28,13,"262,968,000"
28,33,"364,058,000"
28,43,"160,978,000"
28,71,"286,594,000"
28,93,"510,222,000"
28,107,"556,124,000"
28,137,"445,606,000"
28,161,"151,128,000"
28,3,"175,999,000"
28,57,"129,140,000"
28,81,"225,416,000"
28,115,"269,943,000"
28,117,"222,187,000"
28,139,"225,573,000"
28,141,"89,278,000"
28,145,"223,888,000"
28,31,"321,376,000"
28,65,"141,933,000"
28,73,"259,999,000"
28,77,"181,229,000"
28,91,"234,337,000"
28,113,"245,332,000"
28,127,"262,275,000"
28,129,"237,848,000"
28,147,"311,055,000"
28,23,"230,603,000"
28,35,"204,188,000"
28,39,"204,537,000"
28,41,"175,554,000"
28,45,"125,311,000"
28,47,"132,888,000"
28,59,"182,706,000"
28,61,"311,600,000"
28,67,"465,258,000"
28,75,"168,752,000"
28,101,"249,039,000"
28,109,"372,533,000"
28,111,"141,392,000"
28,131,"150,942,000"
28,153,"301,516,000"
28,1,"204,746,000"
28,5,"294,249,000"
28,21,"195,793,000"
28,29,"312,867,000"
28,37,"128,881,000"
28,49,"701,360,000"
28,63,"150,309,000"
28,85,"309,579,000"
28,149,"241,315,000"
28,157,"208,393,000"
28,11,"1,237,960,000"
28,27,"881,606,000"
28,119,"567,937,000"
28,135,"873,276,000"
28,143,"548,785,000"
29,15,"612,526,000"
29,19,"1,202,754,000"
29,27,"1,174,399,000"
29,29,"272,283,000"
29,51,"676,636,000"
29,53,"921,187,000"
29,59,"524,852,000"
29,85,"346,152,000"
29,89,"660,888,000"
29,105,"750,719,000"
29,125,"489,676,000"
29,131,"643,958,000"
29,135,"809,345,000"
29,141,"807,652,000"
29,151,"772,997,000"
29,159,"1,362,481,000"
29,161,"420,527,000"
29,167,"907,676,000"
29,169,"249,404,000"
29,195,"1,770,299,000"
29,55,"413,539,000"
29,71,"1,027,223,000"
29,73,"577,725,000"
29,99,"382,996,000"
29,113,"991,903,000"
29,139,"833,916,000"
29,157,"715,579,000"
29,183,"759,710,000"
29,187,"366,540,000"
29,189,"199,270,000"
29,186,"497,376,000"
29,219,"517,609,000"
29,221,"246,210,000"
29,1,"748,118,000"
29,33,"1,524,213,000"
29,41,"1,334,032,000"
29,79,"660,041,000"
29,115,"953,025,000"
29,117,"962,148,000"
29,121,"1,254,482,000"
29,129,"521,672,000"
29,171,"666,009,000"
29,175,"736,489,000"
29,197,"430,934,000"
29,211,"724,617,000"
29,7,"1,725,728,000"
29,45,"915,212,000"
29,103,"716,001,000"
29,111,"707,658,000"
29,127,"922,416,000"
29,137,"1,210,398,000"
29,163,"1,092,608,000"
29,173,"935,913,000"
29,199,"843,140,000"
29,205,"1,035,239,000"
29,3,"787,621,000"
29,5,"1,483,143,000"
29,21,"746,024,000"
29,25,"791,097,000"
29,47,"463,466,000"
29,49,"827,298,000"
29,61,"1,000,777,000"
29,63,"659,890,000"
29,75,"739,206,000"
29,81,"1,085,089,000"
29,87,"1,021,720,000"
29,147,"1,764,477,000"
29,165,"715,059,000"
29,177,"937,837,000"
29,227,"356,514,000"
29,17,"451,880,000"
29,35,"136,788,000"
29,65,"396,345,000"
29,67,"559,604,000"
29,91,"714,407,000"
29,93,"134,784,000"
29,123,"197,612,000"
29,149,"358,687,000"
29,153,"484,210,000"
29,179,"138,596,000"
29,181,"350,313,000"
29,203,"254,664,000"
29,213,"241,773,000"
29,215,"807,202,000"
29,223,"229,613,000"
29,225,"822,701,000"
29,229,"614,923,000"
29,23,"1,134,999,000"
29,31,"1,258,495,000"
29,69,"1,439,675,000"
29,133,"1,462,924,000"
29,143,"2,339,362,000"
29,155,"1,550,486,000"
29,201,"1,133,188,000"
29,207,"2,545,688,000"
29,9,"993,076,000"
29,11,"911,132,000"
29,43,"619,864,000"
29,57,"745,985,000"
29,77,"1,059,032,000"
29,97,"852,059,000"
29,109,"966,889,000"
29,119,"513,452,000"
29,145,"951,034,000"
29,209,"307,233,000"
29,13,"1,420,121,000"
29,37,"1,192,064,000"
29,39,"516,504,000"
29,83,"1,026,895,000"
29,95,"616,041,000"
29,101,"1,283,686,000"
29,107,"1,544,450,000"
29,185,"609,759,000"
29,217,"1,237,873,000"
30,7,"546,095,000"
30,13,"1,539,843,000"
30,27,"2,394,409,000"
30,37,"457,537,000"
30,45,"798,852,000"
30,49,"1,045,882,000"
30,59,"801,040,000"
30,65,"705,196,000"
30,69,"401,848,000"
30,107,"595,979,000"
30,5,"1,208,189,000"
30,15,"1,932,783,000"
30,35,"1,383,367,000"
30,41,"1,390,936,000"
30,51,"819,059,000"
30,71,"1,026,204,000"
30,73,"971,221,000"
30,99,"1,052,119,000"
30,101,"960,552,000"
30,19,"488,132,000"
30,21,"756,926,000"
30,33,"894,835,000"
30,55,"707,659,000"
30,83,"1,113,367,000"
30,85,"943,391,000"
30,91,"738,178,000"
30,105,"1,049,289,000"
30,23,"143,976,000"
30,29,"1,162,063,000"
30,39,"462,107,000"
30,47,"1,030,179,000"
30,53,"250,850,000"
30,61,"92,068,000"
30,63,"727,328,000"
30,77,"741,120,000"
30,81,"1,383,125,000"
30,89,"635,217,000"
30,3,"1,251,968,000"
30,9,"1,210,494,000"
30,67,"1,857,769,000"
30,95,"1,025,045,000"
30,97,"938,511,000"
30,103,"355,068,000"
30,111,"1,608,115,000"
30,11,"950,871,000"
30,17,"1,120,069,000"
30,25,"544,445,000"
30,75,"895,462,000"
30,79,"578,164,000"
30,87,"1,174,090,000"
30,109,"318,113,000"
30,1,"1,625,354,000"
30,31,"2,122,122,000"
30,43,"599,205,000"
30,57,"1,579,234,000"
30,93,"135,756,000"
31,19,"2,321,220,000"
31,41,"3,724,998,000"
31,47,"2,081,678,000"
31,77,"1,006,130,000"
31,79,"1,668,405,000"
31,93,"979,568,000"
31,163,"831,625,000"
31,175,"1,009,537,000"
31,23,"2,130,110,000"
31,25,"1,941,633,000"
31,37,"1,625,065,000"
31,53,"2,163,018,000"
31,55,"694,161,000"
31,81,"1,980,232,000"
31,109,"2,367,860,000"
31,121,"1,232,319,000"
31,125,"930,233,000"
31,141,"2,427,710,000"
31,143,"1,483,737,000"
31,153,"739,985,000"
31,155,"2,706,512,000"
31,159,"2,074,973,000"
31,177,"1,616,417,000"
31,185,"2,383,937,000"
31,5,"362,699,000"
31,9,"363,958,000"
31,15,"655,114,000"
31,17,"720,818,000"
31,31,"3,323,929,000"
31,71,"507,803,000"
31,75,"414,515,000"
31,89,"3,317,173,000"
31,91,"314,007,000"
31,103,"598,963,000"
31,113,"357,515,000"
31,115,"325,340,000"
31,117,"400,619,000"
31,149,"664,392,000"
31,171,"302,820,000"
31,183,"546,057,000"
31,3,"2,256,819,000"
31,11,"1,922,995,000"
31,21,"1,836,221,000"
31,27,"2,453,649,000"
31,39,"2,212,808,000"
31,43,"941,844,000"
31,51,"1,305,844,000"
31,107,"2,009,574,000"
31,119,"2,056,418,000"
31,139,"1,674,602,000"
31,167,"1,328,740,000"
31,173,"1,120,159,000"
31,179,"1,550,396,000"
31,7,"368,986,000"
31,13,"903,576,000"
31,33,"774,728,000"
31,45,"667,223,000"
31,49,"360,233,000"
31,69,"882,388,000"
31,105,"648,599,000"
31,123,"948,452,000"
31,157,"899,924,000"
31,161,"1,514,365,000"
31,165,"1,107,496,000"
31,1,"1,809,998,000"
31,61,"1,095,693,000"
31,65,"1,110,891,000"
31,73,"793,215,000"
31,83,"960,299,000"
31,99,"1,523,978,000"
31,137,"1,746,380,000"
31,181,"901,138,000"
31,35,"1,547,124,000"
31,59,"1,795,027,000"
31,67,"2,386,031,000"
31,95,"1,489,781,000"
31,97,"716,849,000"
31,127,"1,186,162,000"
31,129,"1,282,499,000"
31,131,"1,933,223,000"
31,133,"884,085,000"
31,147,"1,459,222,000"
31,151,"1,699,395,000"
31,169,"1,276,575,000"
31,29,"1,185,348,000"
31,57,"826,232,000"
31,63,"909,993,000"
31,85,"618,183,000"
31,87,"618,012,000"
31,101,"799,205,000"
31,111,"2,271,829,000"
31,135,"1,190,071,000"
31,145,"855,319,000"
32,7,"1,197,203,000"
32,11,"289,206,000"
32,15,"345,371,000"
32,33,"219,208,000"
32,510, (D)
32,1,"478,518,000"
32,5,"243,150,000"
32,13,"877,799,000"
32,19,"414,560,000"
32,27,"264,437,000"
32,29, (D)
32,31,"514,509,000"
32,3,"257,689,000"
32,9,"51,316,000"
32,17,"170,679,000"
32,21,"68,955,000"
32,23,"161,681,000"
33,1,"124,851,000"
33,3,"127,545,000"
33,5,"203,287,000"
33,7,"120,254,000"
33,9,"287,427,000"
33,11,"343,766,000"
33,13,"314,779,000"
33,15,"363,610,000"
33,17,"150,538,000"
33,19,"189,258,000"
34,5,"967,577,000"
34,21,"457,004,000"
34,23,"348,862,000"
34,25,"822,439,000"
34,29,"161,952,000"
34,3,"104,548,000"
34,13,"16,126,000"
34,17,"1,308,000"
34,19,"1,581,883,000"
34,27,"310,982,000"
34,31,"60,488,000"
34,35,"709,197,000"
34,37,"689,407,000"
34,39,"11,733,000"
34,41,"900,097,000"
34,1,"370,364,000"
34,7,"152,661,000"
34,9,"118,454,000"
34,11,"649,397,000"
34,15,"625,953,000"
34,33,"827,154,000"
35,7,"1,046,455,000"
35,9,"626,745,000"
35,11,"443,485,000"
35,19,"449,319,000"
35,21,"343,809,000"
35,33,"514,061,000"
35,37,"545,222,000"
35,41,"685,044,000"
35,47,"1,018,107,000"
35,57,"743,861,000"
35,59,"778,731,000"
35,1,"611,131,000"
35,6,"505,136,000"
35,28, (D)
35,31,"1,100,835,000"
35,39,"1,168,949,000"
35,45,"1,025,100,000"
35,43,"418,126,000"
35,49,"595,587,000"
35,55,"466,094,000"
35,61,"601,678,000"
35,5,"1,096,071,000"
35,13,"1,312,192,000"
35,15,"643,051,000"
35,25,"798,666,000"
35,27,"729,590,000"
35,35,"447,838,000"
35,3,"529,096,000"
35,17,"435,239,000"
35,23, (D)
35,29,"296,298,000"
35,51,"365,466,000"
35,53,"572,868,000"
36,11,"890,626,000"
36,17,"306,311,000"
36,23,"263,371,000"
36,43,"269,561,000"
36,53,"450,541,000"
36,65,"512,637,000"
36,67,"662,553,000"
36,75,"190,675,000"
36,77,"412,305,000"
36,1,"264,828,000"
36,35,"61,912,000"
36,57,"285,717,000"
36,83,"290,793,000"
36,91,"421,746,000"
36,93,"74,433,000"
36,95,"243,022,000"
36,115,"517,651,000"
36,47,"10,203,000"
36,59,"15,800,000"
36,61, (D)
36,81,"2,717,000"
36,85, (D)
36,103,"366,970,000"
36,19,"427,490,000"
36,31,"137,268,000"
36,33,"349,973,000"
36,41,"3,114,000"
36,113,"42,096,000"
36,45,"662,509,000"
36,49,"366,584,000"
36,89,"627,588,000"
36,21,"415,340,000"
36,25,"403,909,000"
36,27,"921,589,000"
36,39,"110,388,000"
36,71,"563,169,000"
36,79,"44,837,000"
36,87,"16,573,000"
36,105,"252,520,000"
36,111,"406,552,000"
36,119,"74,280,000"
36,7,"192,943,000"
36,15,"175,227,000"
36,97,"257,698,000"
36,107,"258,597,000"
36,109,"345,803,000"
36,3,"325,590,000"
36,9,"380,806,000"
36,13,"591,424,000"
36,101,"833,812,000"
36,29,"654,719,000"
36,37,"591,841,000"
36,51,"703,404,000"
36,55,"459,819,000"
36,63,"430,600,000"
36,69,"805,848,000"
36,73,"411,121,000"
36,99,"445,205,000"
36,117,"546,724,000"
36,121,"813,221,000"
36,123,"600,703,000"
37,13,"477,022,000"
37,31,"284,685,000"
37,49,"320,351,000"
37,79,"328,742,000"
37,95,"371,344,000"
37,101,"868,869,000"
37,103,"266,134,000"
37,107,"452,590,000"
37,137,"157,996,000"
37,147,"716,751,000"
37,191,"825,006,000"
37,195,"465,231,000"
37,3,"304,930,000"
37,35,"415,687,000"
37,37,"583,546,000"
37,57,"535,440,000"
37,59,"391,502,000"
37,97,"725,081,000"
37,105,"202,714,000"
37,151,"746,579,000"
37,159,"695,620,000"
37,183,"897,744,000"
37,15,"449,008,000"
37,29,"188,524,000"
37,41,"187,026,000"
37,53,"219,972,000"
37,55,"22,476,000"
37,65,"454,073,000"
37,73,"210,221,000"
37,83,"536,452,000"
37,91,"258,767,000"
37,117,"377,579,000"
37,127,"599,074,000"
37,131,"475,899,000"
37,139,"287,539,000"
37,143,"285,977,000"
37,177,"219,623,000"
37,187,"292,285,000"
37,5,"348,488,000"
37,9,"577,239,000"
37,11,"186,253,000"
37,27,"172,402,000"
37,171,"681,583,000"
37,189,"319,442,000"
37,193,"546,781,000"
37,197,"478,859,000"
37,1,"480,289,000"
37,33,"339,938,000"
37,63,"198,234,000"
37,67,"323,900,000"
37,69,"383,906,000"
37,77,"434,850,000"
37,81,"624,412,000"
37,135,"467,376,000"
37,145,"310,527,000"
37,157,"482,657,000"
37,169,"379,435,000"
37,181,"197,034,000"
37,185,"176,793,000"
37,17,"601,315,000"
37,19,"175,180,000"
37,47,"460,433,000"
37,51,"340,950,000"
37,61,"1,166,390,000"
37,85,"592,383,000"
37,93,"236,171,000"
37,129,"29,921,000"
37,133,"329,716,000"
37,141,"344,929,000"
37,155,"874,418,000"
37,163,"1,473,352,000"
37,165,"197,464,000"
37,7,"348,626,000"
37,25,"554,444,000"
37,45,"528,679,000"
37,71,"231,499,000"
37,109,"309,944,000"
37,119,"400,280,000"
37,123,"158,986,000"
37,125,"455,909,000"
37,153,"258,300,000"
37,167,"440,879,000"
37,179,"995,762,000"
37,21,"719,162,000"
37,23,"220,301,000"
37,39,"128,712,000"
37,43,"78,622,000"
37,75,"52,658,000"
37,87,"337,569,000"
37,89,"318,783,000"
37,99,"128,892,000"
37,113,"157,524,000"
37,115,"281,451,000"
37,111,"120,908,000"
37,121,"86,078,000"
37,149,"187,473,000"
37,161,"286,514,000"
37,173,"37,061,000"
37,175,"113,588,000"
37,199,"167,861,000"
38,27,"548,923,000"
38,31,"790,890,000"
38,43,"941,747,000"
38,83,"605,394,000"
38,93,"2,637,343,000"
38,103,"1,344,097,000"
38,3,"2,200,030,000"
38,17,"4,186,230,000"
38,39,"806,326,000"
38,91,"925,353,000"
38,97,"1,661,908,000"
38,5,"1,027,531,000"
38,9,"1,482,026,000"
38,49,"1,132,592,000"
38,69,"761,404,000"
38,79,"655,813,000"
38,19,"1,930,685,000"
38,35,"2,723,965,000"
38,63,"751,832,000"
38,67,"1,906,102,000"
38,71,"1,259,962,000"
38,95,"873,437,000"
38,99,"2,021,931,000"
38,13,"547,233,000"
38,23,"752,447,000"
38,61,"1,382,545,000"
38,75,"889,366,000"
38,101,"1,883,589,000"
38,105,"1,095,461,000"
38,15,"1,565,762,000"
38,29,"1,286,418,000"
38,37,"1,027,914,000"
38,59,"1,720,801,000"
38,85,"731,052,000"
38,21,"1,612,225,000"
38,45,"1,844,866,000"
38,47,"752,726,000"
38,51,"665,147,000"
38,73,"1,104,796,000"
38,77,"2,791,934,000"
38,81,"1,527,780,000"
38,1,"639,522,000"
38,7,"674,992,000"
38,11,"731,422,000"
38,33,"659,075,000"
38,41,"990,696,000"
38,87,"769,521,000"
38,89,"979,096,000"
38,25,"1,166,406,000"
38,53,"1,148,083,000"
38,55,"1,865,772,000"
38,57,"708,917,000"
38,65,"452,301,000"
39,41,"1,039,636,000"
39,45,"1,451,168,000"
39,47,"1,458,783,000"
39,49,"420,985,000"
39,83,"1,175,875,000"
39,89,"1,458,744,000"
39,97,"1,750,171,000"
39,101,"1,190,151,000"
39,117,"991,754,000"
39,129,"1,791,584,000"
39,141,"1,136,158,000"
39,159,"1,381,863,000"
39,13,"495,353,000"
39,19,"521,259,000"
39,31,"963,689,000"
39,67,"328,835,000"
39,75,"1,346,432,000"
39,81,"420,693,000"
39,157,"798,940,000"
39,5,"976,276,000"
39,33,"1,535,593,000"
39,43,"565,684,000"
39,77,"1,463,120,000"
39,93,"940,851,000"
39,123,"657,139,000"
39,139,"1,169,596,000"
39,143,"1,059,302,000"
39,147,"1,571,649,000"
39,175,"1,281,654,000"
39,7,"671,870,000"
39,29,"821,702,000"
39,35,"36,674,000"
39,55,"506,455,000"
39,85,"106,905,000"
39,99,"494,036,000"
39,103,"777,983,000"
39,133,"559,166,000"
39,151,"1,228,539,000"
39,153,"250,613,000"
39,155,"535,592,000"
39,169,"2,252,857,000"
39,3,"1,354,044,000"
39,39,"1,310,433,000"
39,51,"1,371,162,000"
39,63,"1,450,103,000"
39,69,"1,538,526,000"
39,95,"542,611,000"
39,125,"1,375,027,000"
39,137,"2,040,643,000"
39,161,"1,861,065,000"
39,171,"1,086,881,000"
39,173,"1,789,713,000"
39,1,"644,272,000"
39,15,"916,649,000"
39,53,"372,862,000"
39,71,"1,445,864,000"
39,79,"189,778,000"
39,87,"203,849,000"
39,131,"406,495,000"
39,145,"286,842,000"
39,9,"317,220,000"
39,59,"565,207,000"
39,73,"173,644,000"
39,105,"271,984,000"
39,111,"352,039,000"
39,115,"343,090,000"
39,119,"775,233,000"
39,121,"246,608,000"
39,127,"462,600,000"
39,163,"99,603,000"
39,167,"460,447,000"
39,17,"1,022,925,000"
39,25,"545,642,000"
39,27,"1,267,749,000"
39,57,"1,197,391,000"
39,61,"238,874,000"
39,113,"816,003,000"
39,135,"1,365,609,000"
39,165,"706,697,000"
39,11,"1,709,720,000"
39,21,"1,355,090,000"
39,23,"1,289,625,000"
39,37,"2,859,703,000"
39,65,"1,541,195,000"
39,91,"1,278,381,000"
39,107,"2,601,509,000"
39,109,"1,284,943,000"
39,149,"1,652,729,000"
40,17,"1,170,770,000"
40,27,"596,117,000"
40,37,"717,735,000"
40,51,"1,244,923,000"
40,73,"1,106,000,000"
40,81,"1,079,491,000"
40,83,"879,492,000"
40,87,"754,540,000"
40,107,"595,072,000"
40,109,"864,726,000"
40,119,"825,222,000"
40,125,"780,271,000"
40,133,"484,106,000"
40,1,"571,228,000"
40,21,"539,140,000"
40,61,"451,986,000"
40,63,"659,758,000"
40,91,"428,736,000"
40,101,"703,155,000"
40,111,"654,707,000"
40,121,"908,574,000"
40,135,"474,448,000"
40,3,"892,086,000"
40,47,"1,171,628,000"
40,53,"922,610,000"
40,71,"818,625,000"
40,93,"779,216,000"
40,103,"798,945,000"
40,151,"1,100,206,000"
40,153,"958,152,000"
40,35,"891,061,000"
40,41,"795,644,000"
40,97,"753,979,000"
40,105,"714,759,000"
40,113,"1,753,535,000"
40,115,"571,801,000"
40,117,"574,029,000"
40,131,"871,087,000"
40,143,"660,070,000"
40,145,"550,844,000"
40,147,"516,662,000"
40,7,"931,536,000"
40,25,"905,864,000"
40,45,"719,552,000"
40,59,"735,122,000"
40,139,"1,294,463,000"
40,5,"655,173,000"
40,13,"981,505,000"
40,19,"805,016,000"
40,29,"497,842,000"
40,49,"926,596,000"
40,67,"729,793,000"
40,69,"540,754,000"
40,85,"497,321,000"
40,95,"422,408,000"
40,99,"447,771,000"
40,123,"694,124,000"
40,137,"813,100,000"
40,23,"599,106,000"
40,77,"383,853,000"
40,79,"823,341,000"
40,89,"732,455,000"
40,127,"406,167,000"
40,15,"1,309,095,000"
40,31,"900,514,000"
40,33,"549,948,000"
40,55,"379,293,000"
40,57,"427,651,000"
40,65,"713,815,000"
40,75,"730,728,000"
40,141,"739,191,000"
40,9,"663,700,000"
40,11,"965,774,000"
40,39,"926,833,000"
40,43,"894,109,000"
40,129,"936,279,000"
40,149,"955,251,000"
41,21,"440,440,000"
41,27,"396,220,000"
41,49,"1,269,551,000"
41,55,"446,316,000"
41,65,"1,265,880,000"
41,1,"942,860,000"
41,59,"2,466,963,000"
41,61,"697,834,000"
41,63,"849,162,000"
41,3,"821,618,000"
41,5,"3,386,815,000"
41,7,"107,797,000"
41,9,"375,394,000"
41,39,"1,738,052,000"
41,41,"159,539,000"
41,43,"2,233,696,000"
41,47,"3,569,969,000"
41,51,"531,052,000"
41,53,"1,059,557,000"
41,57,"256,758,000"
41,67,"1,790,533,000"
41,71,"1,723,638,000"
41,13,"763,586,000"
41,17,"1,166,542,000"
41,23,"650,806,000"
41,25,"1,061,888,000"
41,31,"677,957,000"
41,35,"1,057,468,000"
41,37,"816,628,000"
41,45,"1,627,231,000"
41,69,"504,145,000"
41,11,"421,141,000"
41,15,"249,067,000"
41,19,"1,366,292,000"
41,29,"1,446,481,000"
41,33,"501,354,000"
42,13,"532,477,000"
42,21,"367,431,000"
42,27,"1,004,003,000"
42,33,"219,931,000"
42,37,"643,622,000"
42,43,"714,305,000"
42,61,"578,382,000"
42,67,"558,503,000"
42,87,"500,319,000"
42,93,"248,873,000"
42,97,"728,962,000"
42,99,"760,682,000"
42,109,"725,669,000"
42,119,"630,814,000"
42,25,"129,048,000"
42,77,"584,805,000"
42,79,"297,616,000"
42,89,"162,664,000"
42,95,"444,172,000"
42,103,"54,970,000"
42,107,"643,810,000"
42,15,"1,099,859,000"
42,23,"15,011,000"
42,35,"261,876,000"
42,47,"96,481,000"
42,81,"952,849,000"
42,83,"122,715,000"
42,105,"335,296,000"
42,113,"177,641,000"
42,117,"808,081,000"
42,69,"193,770,000"
42,115,"731,889,000"
42,127,"432,391,000"
42,131,"254,062,000"
42,39,"649,619,000"
42,49,"691,988,000"
42,53,"20,432,000"
42,85,"625,171,000"
42,121,"202,499,000"
42,123,"235,901,000"
42,1,"1,144,662,000"
42,9,"905,885,000"
42,41,"1,291,514,000"
42,55,"2,029,063,000"
42,57,"419,399,000"
42,133,"2,072,595,000"
42,11,"2,518,804,000"
42,17,"726,840,000"
42,29,"1,827,183,000"
42,45,"34,331,000"
42,71,"7,203,494,000"
42,75,"1,549,073,000"
42,91,"598,153,000"
42,101,"16,674,000"
42,3,"253,941,000"
42,51,"464,998,000"
42,59,"415,710,000"
42,111,"706,027,000"
42,125,"1,240,075,000"
42,129,"852,556,000"
42,5,"461,564,000"
42,7,"325,686,000"
42,19,"708,807,000"
42,31,"322,070,000"
42,63,"533,891,000"
42,65,"266,506,000"
42,73,"360,362,000"
44,1,"60,008,000"
44,3,"136,254,000"
44,5,"237,061,000"
44,7,"232,778,000"
44,9,"270,342,000"
45,17,"453,711,000"
45,27,"311,142,000"
45,61,"266,298,000"
45,63,"567,621,000"
45,75,"886,516,000"
45,79,"251,379,000"
45,85,"502,235,000"
45,25,"371,146,000"
45,31,"373,971,000"
45,33,"209,366,000"
45,41,"461,975,000"
45,43,"164,016,000"
45,51,"769,218,000"
45,67,"117,473,000"
45,69,"173,932,000"
45,89,"468,340,000"
45,23,"318,902,000"
45,39,"209,491,000"
45,55,"244,166,000"
45,57,"249,281,000"
45,91,"838,682,000"
45,7,"1,042,511,000"
45,21,"206,397,000"
45,45,"545,603,000"
45,59,"468,931,000"
45,73,"399,079,000"
45,77,"277,285,000"
45,83,"788,555,000"
45,87,"110,902,000"
45,5,"190,941,000"
45,9,"300,781,000"
45,11,"207,058,000"
45,13,"202,680,000"
45,15,"268,032,000"
45,19,"352,061,000"
45,29,"509,402,000"
45,35,"207,609,000"
45,49,"260,096,000"
45,53,"231,158,000"
45,1,"274,000,000"
45,3,"612,660,000"
45,37,"277,002,000"
45,47,"246,877,000"
45,65,"81,556,000"
45,71,"314,229,000"
45,81,"369,620,000"
46,3,"940,911,000"
46,5,"2,183,146,000"
46,15,"1,334,132,000"
46,17,"463,457,000"
46,59,"1,840,923,000"
46,65,"822,524,000"
46,69,"772,376,000"
46,73,"816,998,000"
46,119,"1,363,404,000"
46,11,"2,114,804,000"
46,35,"918,359,000"
46,61,"1,170,860,000"
46,77,"2,041,870,000"
46,79,"1,395,737,000"
46,87,"1,603,119,000"
46,97,"1,241,317,000"
46,99,"2,416,408,000"
46,101,"1,542,360,000"
46,111,"1,038,823,000"
46,13,"3,641,140,000"
46,21,"794,323,000"
46,45,"1,817,623,000"
46,49,"1,597,523,000"
46,89,"1,557,632,000"
46,107,"1,159,402,000"
46,115,"3,010,040,000"
46,129,"897,613,000"
46,25,"1,896,081,000"
46,29,"1,328,475,000"
46,37,"1,614,799,000"
46,39,"1,156,277,000"
46,51,"1,587,084,000"
46,57,"1,217,163,000"
46,91,"1,478,782,000"
46,109,"1,789,863,000"
46,19,"1,107,138,000"
46,31,"1,183,526,000"
46,41,"1,102,178,000"
46,63,"976,246,000"
46,105,"1,362,579,000"
46,137,"939,844,000"
46,53,"1,056,418,000"
46,75,"706,729,000"
46,85,"1,569,919,000"
46,95,"725,868,000"
46,121,"748,255,000"
46,123,"1,679,041,000"
46,9,"1,214,755,000"
46,23,"1,912,835,000"
46,27,"1,123,584,000"
46,43,"1,022,229,000"
46,67,"2,047,990,000"
46,83,"2,035,163,000"
46,125,"1,971,419,000"
46,127,"1,703,974,000"
46,135,"1,457,605,000"
46,7,"606,354,000"
46,33,"976,349,000"
46,47,"643,110,000"
46,102,"752,481,000"
46,55,"1,068,452,000"
46,71,"1,019,924,000"
46,81,"295,191,000"
46,93,"1,901,488,000"
46,103,"1,213,208,000"
46,117,"748,076,000"
47,3,"991,117,000"
47,15,"319,562,000"
47,27,"250,825,000"
47,37,"309,264,000"
47,41,"298,362,000"
47,55,"822,135,000"
47,87,"250,868,000"
47,103,"993,872,000"
47,111,"495,432,000"
47,117,"534,325,000"
47,119,"917,061,000"
47,127,"211,375,000"
47,149,"1,125,886,000"
47,159,"478,734,000"
47,165,"854,672,000"
47,169,"146,171,000"
47,187,"859,930,000"
47,189,"924,052,000"
47,7,"324,313,000"
47,31,"568,786,000"
47,35,"522,441,000"
47,49,"326,308,000"
47,51,"460,774,000"
47,61,"116,511,000"
47,115,"179,186,000"
47,129,"182,272,000"
47,133,"454,796,000"
47,137,"120,918,000"
47,141,"511,188,000"
47,151,"85,637,000"
47,153,"120,969,000"
47,175,"178,184,000"
47,177,"531,410,000"
47,185,"452,528,000"
47,45,"954,967,000"
47,95,"309,891,000"
47,97,"526,910,000"
47,131,"808,612,000"
47,157,"394,909,000"
47,167,"570,375,000"
47,1,"237,527,000"
47,9,"608,701,000"
47,11,"514,506,000"
47,13,"114,095,000"
47,19,"178,203,000"
47,25,"374,915,000"
47,29,"289,280,000"
47,57,"330,892,000"
47,59,"995,653,000"
47,63,"275,497,000"
47,65,"430,398,000"
47,67,"193,423,000"
47,73,"526,877,000"
47,89,"457,987,000"
47,91,"185,134,000"
47,93,"663,362,000"
47,105,"334,824,000"
47,107,"602,763,000"
47,121,"185,541,000"
47,123,"459,975,000"
47,139,"145,262,000"
47,143,"198,359,000"
47,145,"249,574,000"
47,155,"303,472,000"
47,163,"592,340,000"
47,171,"42,734,000"
47,173,"180,745,000"
47,179,"835,266,000"
47,5,"170,701,000"
47,17,"463,667,000"
47,23,"203,142,000"
47,33,"502,276,000"
47,39,"163,142,000"
47,47,"1,033,640,000"
47,53,"1,017,517,000"
47,69,"395,581,000"
47,71,"361,694,000"
47,75,"666,151,000"
47,77,"386,832,000"
47,79,"677,997,000"
47,113,"493,460,000"
47,109,"306,204,000"
47,183,"785,130,000"
47,21,"306,643,000"
47,43,"588,703,000"
47,81,"389,410,000"
47,83,"162,769,000"
47,85,"321,378,000"
47,99,"759,347,000"
47,101,"116,575,000"
47,125,"654,986,000"
47,135,"137,066,000"
47,147,"1,015,054,000"
47,161,"194,011,000"
47,181,"335,489,000"
48,27,"1,598,561,000"
48,35,"1,554,814,000"
48,85,"2,792,846,000"
48,97,"1,628,173,000"
48,99,"1,190,853,000"
48,113,"517,798,000"
48,119,"283,159,000"
48,121,"3,432,492,000"
48,139,"1,520,127,000"
48,145,"984,981,000"
48,147,"1,384,692,000"
48,181,"2,910,735,000"
48,193,"1,214,584,000"
48,217,"1,323,011,000"
48,231,"1,493,764,000"
48,251,"1,624,476,000"
48,257,"1,369,573,000"
48,277,"1,162,823,000"
48,293,"907,246,000"
48,309,"2,068,461,000"
48,331,"1,573,735,000"
48,349,"1,312,860,000"
48,397,"223,577,000"
48,439,"1,163,948,000"
48,491,"2,081,536,000"
48,7,"90,766,000"
48,273,"636,892,000"
48,355,"1,449,326,000"
48,391,"610,673,000"
48,409,"982,426,000"
48,9,"832,349,000"
48,49,"1,318,081,000"
48,59,"827,663,000"
48,77,"1,246,132,000"
48,93,"1,285,213,000"
48,133,"961,933,000"
48,143,"1,980,176,000"
48,221,"704,199,000"
48,237,"1,090,848,000"
48,333,"1,106,882,000"
48,337,"1,360,952,000"
48,363,"1,397,775,000"
48,367,"2,241,099,000"
48,417,"692,628,000"
48,425,"259,899,000"
48,429,"822,360,000"
48,447,"713,533,000"
48,497,"2,002,461,000"
48,503,"972,134,000"
48,1,"1,135,907,000"
48,37,"884,392,000"
48,63,"254,494,000"
48,67,"415,527,000"
48,73,"856,161,000"
48,159,"318,092,000"
48,183,"325,992,000"
48,203,"499,912,000"
48,213,"989,529,000"
48,223,"1,152,450,000"
48,225,"1,101,281,000"
48,315,"100,045,000"
48,343,"168,712,000"
48,347,"766,321,000"
48,365,"549,921,000"
48,379,"387,686,000"
48,387,"883,739,000"
48,401,"621,730,000"
48,419,"628,069,000"
48,423,"1,426,333,000"
48,449,"400,335,000"
48,459,"638,010,000"
48,467,"1,394,718,000"
48,499,"706,581,000"
48,5,"378,744,000"
48,41,"1,652,917,000"
48,161,"1,062,088,000"
48,185,"1,311,315,000"
48,199,"203,520,000"
48,241,"293,209,000"
48,289,"1,480,910,000"
48,313,"735,604,000"
48,339,"1,653,636,000"
48,351,"130,550,000"
48,373,"376,801,000"
48,395,"1,371,496,000"
48,403,"86,423,000"
48,405,"174,286,000"
48,407,"346,184,000"
48,455,"261,483,000"
48,457,"311,002,000"
48,471,"835,945,000"
48,473,"1,182,292,000"
48,19,"1,020,909,000"
48,31,"1,003,976,000"
48,53,"1,283,338,000"
48,81,"451,688,000"
48,95,"827,568,000"
48,105,"1,245,339,000"
48,137,"1,185,986,000"
48,171,"2,066,420,000"
48,235,"609,400,000"
48,259,"1,219,615,000"
48,265,"1,292,335,000"
48,267,"1,486,318,000"
48,271,"728,517,000"
48,281,"1,326,496,000"
48,299,"1,371,649,000"
48,319,"1,250,264,000"
48,307,"1,109,617,000"
48,327,"752,304,000"
48,383,"617,152,000"
48,385,"608,843,000"
48,411,"1,616,625,000"
48,413,"958,038,000"
48,431,"395,879,000"
48,435,"1,144,440,000"
48,451,"1,277,897,000"
48,461,"586,044,000"
48,463,"1,281,950,000"
48,465,"1,482,710,000"
48,61,"966,355,000"
48,215,"2,694,365,000"
48,427,"1,047,884,000"
48,489,"558,527,000"
48,11,"411,194,000"
48,45,"494,095,000"
48,65,"708,191,000"
48,69,"765,790,000"
48,111,"1,015,475,000"
48,117,"1,091,517,000"
48,153,"642,774,000"
48,179,"552,791,000"
48,189,"759,562,000"
48,195,"788,069,000"
48,205,"1,035,778,000"
48,211,"588,394,000"
48,233,"530,628,000"
48,295,"659,053,000"
48,341,"541,904,000"
48,357,"700,533,000"
48,359,"770,191,000"
48,369,"617,366,000"
48,375,"430,775,000"
48,381,"886,525,000"
48,393,"420,693,000"
48,421,"844,489,000"
48,437,"589,538,000"
48,33,"436,766,000"
48,75,"410,997,000"
48,87,"412,654,000"
48,101,"642,852,000"
48,125,"578,523,000"
48,129,"513,340,000"
48,155,"490,977,000"
48,169,"418,018,000"
48,191,"454,387,000"
48,197,"307,654,000"
48,263,"494,946,000"
48,269,"289,129,000"
48,345,"491,183,000"
48,483,"576,021,000"
48,485,"545,857,000"
48,487,"793,806,000"
48,15,"1,290,736,000"
48,21,"1,397,600,000"
48,25,"988,179,000"
48,29,"1,971,030,000"
48,51,"1,142,177,000"
48,55,"1,089,585,000"
48,89,"1,692,931,000"
48,91,"705,226,000"
48,123,"1,486,389,000"
48,149,"2,102,572,000"
48,175,"1,009,732,000"
48,177,"1,953,232,000"
48,187,"1,399,369,000"
48,209,"2,572,747,000"
48,255,"1,056,141,000"
48,285,"1,778,382,000"
48,287,"1,208,078,000"
48,325,"2,092,404,000"
48,453,"1,388,108,000"
48,477,"1,530,684,000"
48,493,"1,376,606,000"
48,13,"1,702,116,000"
48,47,"712,210,000"
48,127,"682,407,000"
48,131,"1,418,772,000"
48,163,"1,252,953,000"
48,247,"1,202,033,000"
48,249,"881,467,000"
48,261,"640,525,000"
48,283,"844,059,000"
48,297,"982,035,000"
48,323,"610,629,000"
48,311,"820,022,000"
48,479,"3,160,365,000"
48,505,"618,199,000"
48,507,"1,269,380,000"
48,3,"697,865,000"
48,17,"425,252,000"
48,79,"450,263,000"
48,107,"533,899,000"
48,115,"556,827,000"
48,165,"991,221,000"
48,173,"455,815,000"
48,219,"528,844,000"
48,227,"481,867,000"
48,279,"709,157,000"
48,303,"903,156,000"
48,305,"502,850,000"
48,317,"395,622,000"
48,329,"555,038,000"
48,445,"505,216,000"
48,501,"486,017,000"
48,23,"572,673,000"
48,83,"1,104,726,000"
48,151,"540,584,000"
48,207,"594,407,000"
48,253,"589,389,000"
48,275,"544,359,000"
48,335,"580,977,000"
48,353,"513,817,000"
48,399,"929,659,000"
48,415,"555,026,000"
48,433,"428,645,000"
48,441,"994,059,000"
48,43,"1,375,404,000"
48,103,"207,082,000"
48,109,"1,106,390,000"
48,135,"646,270,000"
48,141,"572,865,000"
48,229,"2,055,741,000"
48,243,"947,327,000"
48,301,"89,312,000"
48,371,"1,983,947,000"
48,377,"1,441,670,000"
48,389,"560,109,000"
48,443,"626,776,000"
48,475,"431,948,000"
48,495,"548,448,000"
48,39,"2,153,199,000"
48,57,"406,353,000"
48,71,"486,144,000"
48,157,"867,115,000"
48,167,"387,523,000"
48,201,"1,888,184,000"
48,239,"1,112,568,000"
48,245,"845,130,000"
48,291,"759,370,000"
48,321,"1,321,496,000"
48,361,"244,423,000"
48,469,"1,244,284,000"
48,481,"1,553,441,000"
49,23,"351,127,000"
49,27,"983,920,000"
49,39,"850,787,000"
49,41,"466,737,000"
49,49,"2,653,420,000"
49,7,"285,799,000"
49,9,"49,070,000"
49,13,"1,031,777,000"
49,15,"280,884,000"
49,19,"190,631,000"
49,37,"607,661,000"
49,43,"965,019,000"
49,47,"1,150,359,000"
49,51,"539,583,000"
49,3,"1,871,911,000"
49,5,"1,335,287,000"
49,11,"482,981,000"
49,29,"533,747,000"
49,33,"327,369,000"
49,35,"599,972,000"
49,45,"479,858,000"
49,57,"879,318,000"
49,1,"349,498,000"
49,17,"258,445,000"
49,21,"1,003,049,000"
49,25,"233,429,000"
49,31,"113,322,000"
49,53,"579,346,000"
49,55,"194,040,000"
50,1,"566,610,000"
50,3,"157,670,000"
50,5,"277,620,000"
50,7,"410,216,000"
50,9,"83,722,000"
50,11,"591,721,000"
50,13,"80,913,000"
50,15,"185,324,000"
50,17,"315,177,000"
50,19,"347,652,000"
50,21,"272,942,000"
50,23,"275,995,000"
50,25,"224,732,000"
50,27,"435,370,000"
51,3,"1,808,050,000"
51,7,"317,697,000"
51,9,"366,774,000"
51,11,"234,362,000"
51,19,"928,537,000"
51,29,"295,635,000"
51,31,"406,431,000"
51,33,"228,498,000"
51,41,"166,016,000"
51,49,"200,308,000"
51,65,"191,659,000"
51,75,"308,096,000"
51,79,"186,243,000"
51,85,"449,018,000"
51,87,"59,568,000"
51,109,"339,250,000"
51,125,"344,131,000"
51,137,"599,791,000"
51,145,"183,251,000"
51,147,"198,033,000"
51,177,"234,917,000"
51,1,"327,632,000"
51,36,"105,883,000"
51,57,"187,482,000"
51,73,"122,706,000"
51,95,"67,049,000"
51,97,"162,923,000"
51,99,"134,612,000"
51,101,"192,017,000"
51,103,"68,806,000"
51,115,"28,170,000"
51,119,"77,410,000"
51,127,"98,141,000"
51,131,"221,354,000"
51,133,"130,704,000"
51,159,"126,372,000"
51,193,"196,387,000"
51,199,"11,055,000"
51,13,"1,490,000"
51,43,"469,525,000"
51,47,"714,876,000"
51,59,"99,776,000"
51,61,"1,594,419,000"
51,69,"793,844,000"
51,107,"1,196,833,000"
51,113,"635,970,000"
51,139,"469,357,000"
51,153,"244,620,000"
51,157,"483,597,000"
51,165,"2,021,206,000"
51,171,"768,847,000"
51,179,"226,080,000"
51,187,"292,085,000"
51,25,"166,942,000"
51,550,"215,179,000"
51,53,"284,854,000"
51,81,"147,937,000"
51,93,"299,577,000"
51,117,"390,170,000"
51,149,"150,891,000"
51,175,"438,107,000"
51,800,"326,177,000"
51,181,"142,125,000"
51,183,"183,852,000"
51,810,"225,273,000"
51,37,"318,875,000"
51,67,"562,882,000"
51,83,"554,058,000"
51,89,"134,798,000"
51,111,"194,085,000"
51,135,"159,919,000"
51,141,"253,206,000"
51,143,"698,299,000"
51,21,"242,247,000"
51,27,"26,701,000"
51,35,"383,011,000"
51,51,"31,493,000"
51,63,"419,329,000"
51,71,"200,907,000"
51,77,"495,806,000"
51,105,"251,145,000"
51,121,"492,267,000"
51,155,"272,682,000"
51,167,"492,151,000"
51,169,"330,558,000"
51,173,"361,057,000"
51,185,"377,408,000"
51,191,"888,375,000"
51,195,"81,583,000"
51,197,"594,302,000"
51,5,"130,055,000"
51,15,"2,036,052,000"
51,17,"175,936,000"
51,23,"372,915,000"
51,45,"129,870,000"
51,91,"297,233,000"
51,161,"149,983,000"
51,163,"662,862,000"
53,5,"2,391,392,000"
53,7,"920,433,000"
53,37,"711,975,000"
53,39,"1,020,346,000"
53,47,"1,487,242,000"
53,77,"4,907,495,000"
53,1,"1,388,406,000"
53,17,"970,461,000"
53,21,"2,827,368,000"
53,25,"3,562,792,000"
53,43,"1,443,762,000"
53,19,"408,361,000"
53,51,"154,776,000"
53,63,"2,044,728,000"
53,65,"812,779,000"
53,3,"331,833,000"
53,13,"396,111,000"
53,23,"456,021,000"
53,71,"1,777,925,000"
53,75,"2,249,279,000"
53,9,"219,590,000"
53,11,"811,705,000"
53,15,"257,532,000"
53,27,"251,987,000"
53,29,"174,022,000"
53,31,"104,679,000"
53,33,"1,479,526,000"
53,35,"330,223,000"
53,41,"737,331,000"
53,45,"155,285,000"
53,49,"181,416,000"
53,53,"983,526,000"
53,55,"174,019,000"
53,57,"989,325,000"
53,59,"70,968,000"
53,61,"1,230,856,000"
53,67,"739,529,000"
53,69,"66,483,000"
53,73,"1,721,725,000"
54,3,"391,184,000"
54,23,"314,228,000"
54,25,"501,391,000"
54,27,"396,103,000"
54,31,"497,092,000"
54,37,"388,258,000"
54,57,"276,010,000"
54,63,"385,944,000"
54,65,"88,201,000"
54,71,"396,254,000"
54,75,"246,222,000"
54,83,"236,591,000"
54,89,"124,151,000"
54,93,"75,708,000"
54,1,"220,948,000"
54,9,"40,414,000"
54,17,"143,146,000"
54,29,"38,168,000"
54,33,"280,840,000"
54,41,"215,979,000"
54,49,"152,812,000"
54,51,"196,667,000"
54,61,"281,234,000"
54,69,"85,202,000"
54,73,"55,074,000"
54,77,"392,694,000"
54,85,"175,993,000"
54,91,"140,569,000"
54,95,"106,421,000"
54,97,"161,489,000"
54,103,"79,634,000"
54,107,"299,844,000"
54,5,"8,442,000"
54,7,"184,017,000"
54,11,"143,652,000"
54,13,"111,116,000"
54,15,"36,645,000"
54,19,"74,840,000"
54,21,"85,699,000"
54,35,"282,683,000"
54,39,"91,872,000"
54,43,"44,006,000"
54,45,"2,296,000"
54,53,"303,065,000"
54,47,"1,010,000"
54,55,"133,660,000"
54,59,"2,636,000"
54,67,"119,039,000"
54,79,"148,124,000"
54,81,"163,322,000"
54,87,"218,157,000"
54,99,"77,407,000"
54,101,"24,073,000"
54,105,"74,936,000"
54,109,"4,867,000"
55,1,"526,129,000"
55,47,"724,990,000"
55,57,"649,763,000"
55,77,"472,625,000"
55,97,"1,149,810,000"
55,135,"910,469,000"
55,137,"572,503,000"
55,141,"731,395,000"
55,9,"1,631,171,000"
55,15,"1,211,499,000"
55,29,"544,764,000"
55,39,"2,308,814,000"
55,61,"957,669,000"
55,71,"1,580,537,000"
55,87,"1,707,859,000"
55,117,"1,292,026,000"
55,139,"1,129,663,000"
55,3,"117,141,000"
55,19,"1,830,421,000"
55,51,"31,292,000"
55,69,"253,747,000"
55,73,"2,247,939,000"
55,85,"140,925,000"
55,99,"219,361,000"
55,119,"662,909,000"
55,125,"33,420,000"
55,37,"47,029,000"
55,41,"92,409,000"
55,67,"380,805,000"
55,75,"515,937,000"
55,78,"431,000"
55,83,"791,086,000"
55,115,"1,152,675,000"
55,5,"1,044,881,000"
55,7,"177,597,000"
55,13,"243,035,000"
55,17,"1,267,781,000"
55,31,"136,801,000"
55,95,"905,877,000"
55,107,"338,126,000"
55,113,"119,316,000"
55,129,"230,783,000"
55,21,"1,772,077,000"
55,25,"4,174,700,000"
55,27,"2,372,611,000"
55,45,"1,586,819,000"
55,55,"1,362,173,000"
55,105,"2,329,336,000"
55,59,"589,213,000"
55,79,"46,687,000"
55,89,"388,622,000"
55,101,"979,405,000"
55,127,"1,334,078,000"
55,131,"889,756,000"
55,133,"536,727,000"
55,23,"669,590,000"
55,43,"2,831,706,000"
55,49,"1,751,675,000"
55,65,"2,047,376,000"
55,103,"741,122,000"
55,111,"1,257,578,000"
55,123,"1,309,335,000"
55,11,"1,154,872,000"
55,33,"1,254,303,000"
55,35,"786,773,000"
55,53,"943,715,000"
55,63,"719,818,000"
55,81,"1,192,744,000"
55,91,"414,042,000"
55,93,"1,077,366,000"
55,109,"1,308,938,000"
55,121,"1,305,753,000"
56,5,"1,642,058,000"
56,11,"1,435,098,000"
56,19,"1,159,948,000"
56,33,"1,486,041,000"
56,45,"820,296,000"
56,3,"512,197,000"
56,13,"1,484,157,000"
56,17,"327,808,000"
56,29,"1,389,485,000"
56,43,"369,538,000"
56,1,"1,028,479,000"
56,7,"1,547,805,000"
56,25,"876,918,000"
56,37,"405,509,000"
56,9,"1,373,201,000"
56,15,"1,082,831,000"
56,21,"1,382,090,000"
56,27,"800,671,000"
56,31,"919,328,000"
56,23,"667,024,000"
56,35,"902,020,000"
56,39,"273,926,000"
56,41,"704,329,000"
