State ANSI,County ANSI,"AG LAND, PASTURELAND - ACRES"
1,1,"28,824"
1,11,"37,436"
1,47,"67,130"
1,51,"29,252"
1,63,"45,828"
1,65,"71,937"
1,85,"107,453"
1,87,"31,981"
1,91,"56,553"
1,101,"119,085"
1,105,"44,942"
1,119,"60,027"
1,3,"34,111"
1,13,"19,545"
1,23,"13,922"
1,25,"17,849"
1,35,"23,112"
1,53,"16,663"
1,97,"24,003"
1,99,"28,742"
1,129,"22,126"
1,131,"44,964"
1,9,"71,373"
1,15,"33,645"
1,19,"26,573"
1,29,"22,443"
1,43,"90,357"
1,49,"107,871"
1,55,"37,278"
1,71,"66,938"
1,95,"66,563"
1,115,"27,626"
1,33,"35,920"
1,59,"61,956"
1,77,"63,831"
1,79,"65,751"
1,83,"47,989"
1,89,"28,596"
1,93,"34,585"
1,103,"57,040"
1,133,"30,701"
1,7,"16,473"
1,17,"48,144"
1,21,"30,973"
1,27,"38,962"
1,37,"19,503"
1,57,"17,785"
1,73,"10,165"
1,75,"15,708"
1,81,"22,753"
1,107,"27,023"
1,111,"60,646"
1,117,"25,343"
1,121,"34,151"
1,123,"31,035"
1,125,"27,566"
1,127,"20,985"
1,5,"45,828"
1,31,"48,603"
1,39,"43,005"
1,41,"39,246"
1,45,"30,646"
1,61,"38,671"
1,67,"36,651"
1,69,"29,223"
1,109,"51,496"
1,113,"19,886"
2,122,"24,042"
2,20, (D)
2,110, (D)
2,13,"680,310"
2,90,"10,715"
4,1,"4,890,652"
4,5,"6,048,049"
4,7,"752,145"
4,15,"658,273"
4,17,"3,641,910"
4,25,"796,113"
4,3,"829,598"
4,9,"1,183,759"
4,11,"59,714"
4,12, (D)
4,13,"164,851"
4,19,"2,553,726"
4,21,"772,331"
4,23,"191,118"
4,27, (D)
5,29,"67,129"
5,45,"90,766"
5,51,"18,784"
5,53,"19,525"
5,59,"37,883"
5,105,"32,193"
5,119,"15,848"
5,125,"18,610"
5,1,"6,972"
5,35,"1,195"
5,37,"7,190"
5,77,"3,917"
5,85,"23,850"
5,95,610
5,107,"1,056"
5,117,"8,284"
5,123,"5,906"
5,147,"5,485"
5,5,"61,666"
5,23,"65,916"
5,49,"158,704"
5,65,"114,472"
5,89,"126,761"
5,129,"128,002"
5,135,"98,527"
5,137,"80,985"
5,141,"61,666"
5,21,"16,761"
5,31,"13,637"
5,55,"23,213"
5,63,"121,011"
5,67,"10,575"
5,75,"47,999"
5,93,800
5,111,"6,991"
5,121,"93,302"
5,145,"110,384"
5,7,"139,236"
5,9,"204,580"
5,15,"185,506"
5,87,"161,029"
5,101,"60,671"
5,143,"171,248"
5,11,"11,061"
5,13,"8,856"
5,19,"36,144"
5,25,"11,020"
5,27,"22,732"
5,39,"9,098"
5,99,"37,339"
5,103,"10,929"
5,139,"11,885"
5,3,"8,447"
5,17,"6,242"
5,41,"1,443"
5,43,"19,687"
5,69,"9,732"
5,79,"16,362"
5,57,"108,627"
5,61,"76,150"
5,73,"53,083"
5,81,"66,885"
5,91,"48,820"
5,97,"43,949"
5,109,"41,310"
5,133,"77,841"
5,33,"53,622"
5,47,"111,139"
5,71,"49,081"
5,83,"95,838"
5,113,"83,161"
5,115,"69,324"
5,127,"49,410"
5,131,"57,005"
5,149,"94,629"
6,1,"155,093"
6,13,"102,736"
6,33,"97,048"
6,41,"120,140"
6,53,"898,134"
6,55,"101,543"
6,69,"440,972"
6,79,"660,853"
6,81,"29,367"
6,85,"197,525"
6,87,"28,854"
6,97,"304,668"
6,35,"404,891"
6,49,"369,256"
6,63,"123,771"
6,15,"11,429"
6,23,"518,326"
6,45,"554,565"
6,7,"110,706"
6,11,"157,339"
6,21,"173,630"
6,67,"128,216"
6,95,"180,594"
6,101,"101,698"
6,103,"495,394"
6,113,"136,275"
6,115,"75,831"
6,19,"471,388"
6,29,"1,279,836"
6,31,"67,710"
6,39,"282,825"
6,47,"372,842"
6,77,"225,736"
6,99,"271,827"
6,107,"524,962"
6,3, (D)
6,5,"160,286"
6,9,"211,308"
6,17,"60,966"
6,27,"273,223"
6,43,"293,989"
6,51,"62,941"
6,57,"38,567"
6,61,"94,959"
6,91,"49,958"
6,109,"116,621"
6,89,"294,344"
6,93,"466,158"
6,105,"57,309"
6,25,"12,889"
6,37,"20,372"
6,59, (D)
6,65,"49,088"
6,71,"27,597"
6,73,"115,839"
6,83,"493,308"
6,111,"121,688"
8,1,"115,815"
8,5,"142,165"
8,17,"471,832"
8,31,27
8,35,"163,815"
8,41,"569,767"
8,39,"818,220"
8,61,"418,548"
8,63,"465,138"
8,73,"903,672"
8,95,"51,982"
8,121,"510,016"
8,125,"767,218"
8,13,"59,418"
8,14,360
8,59,"52,414"
8,69,"365,639"
8,75,"561,950"
8,87,"304,412"
8,115,"118,213"
8,123,"1,167,029"
8,15,"45,441"
8,19,"8,610"
8,37,"104,054"
8,47,"1,455"
8,49,"198,449"
8,51,"214,458"
8,57,"230,812"
8,65,"10,141"
8,81,"836,001"
8,93,"173,677"
8,97,"21,565"
8,103,"355,166"
8,107,"359,603"
8,117,"19,668"
8,119,"65,881"
8,3,"103,992"
8,21,"129,606"
8,23,"131,286"
8,79,"7,235"
8,105,"59,647"
8,109,"169,658"
8,9,"721,288"
8,11,"637,738"
8,25,"451,070"
8,27,"128,060"
8,43,"251,386"
8,55,"555,404"
8,71,"1,676,496"
8,89,"606,211"
8,99,"480,921"
8,101,"813,573"
8,7,"171,712"
8,29,"152,457"
8,33,"75,928"
8,45,"371,036"
8,53,"8,968"
8,67,"354,270"
8,77,"247,086"
8,83,"558,654"
8,85,"249,269"
8,91,"72,615"
8,113,"119,654"
9,1,"2,847"
9,3,"6,535"
9,5,"15,275"
9,7,"2,909"
9,9,"3,604"
9,11,"10,745"
9,13,"5,919"
9,15,"6,819"
10,1,"6,070"
10,3,"4,162"
10,5,"4,854"
12,1,"101,224"
12,7,"34,552"
12,17,"35,971"
12,19,"14,651"
12,35,"24,608"
12,41,"32,901"
12,53,"36,793"
12,57,"121,954"
12,69,"105,068"
12,75,"73,832"
12,83,"197,584"
12,95,"82,060"
12,97,"446,464"
12,101,"139,819"
12,103, (D)
12,105,"300,758"
12,107,"48,455"
12,117,"25,272"
12,109,"11,960"
12,119,"112,200"
12,125,"35,798"
12,127,"70,373"
12,3,"12,330"
12,23,"46,646"
12,29,"32,673"
12,31,"12,727"
12,47,"36,473"
12,67,"39,474"
12,79,"57,065"
12,89,"15,370"
12,121,"59,942"
12,123,"29,284"
12,5,"7,007"
12,13,"10,690"
12,33,"8,141"
12,37,"1,544"
12,39,"17,957"
12,45, (D)
12,59,"33,986"
12,63,"66,514"
12,65,"33,520"
12,73,"17,661"
12,77,"4,679"
12,91,"10,197"
12,113,"15,923"
12,129,"4,731"
12,131,"27,186"
12,133,"11,693"
12,9,"130,072"
12,11,"2,283"
12,15,"83,512"
12,21,"85,807"
12,27,"238,978"
12,43,"280,237"
12,49,"291,414"
12,51,"186,765"
12,55,"254,992"
12,61,"110,323"
12,71,"58,399"
12,81,"105,501"
12,85,"93,431"
12,86,"10,567"
12,93,"225,523"
12,99,"16,927"
12,115,"57,877"
12,111,"139,573"
13,9,"9,895"
13,21,"5,506"
13,23,"5,082"
13,35,"13,786"
13,79,"7,850"
13,91,"18,402"
13,133,"21,818"
13,141,"9,799"
13,153,"6,857"
13,159,"18,107"
13,167,"12,322"
13,169,"9,521"
13,175,"16,751"
13,207,"12,850"
13,209,"8,397"
13,211,"33,157"
13,217,"15,855"
13,225,"5,996"
13,235,"6,273"
13,237,"14,548"
13,247,"1,650"
13,265,"7,744"
13,283,"4,440"
13,289,"3,747"
13,303,"12,160"
13,309,"2,546"
13,319,"5,243"
13,31,"12,392"
13,33,"32,234"
13,43,"5,219"
13,73,"5,176"
13,103,"6,330"
13,107,"16,393"
13,125,"2,728"
13,163,"12,723"
13,165,"6,325"
13,189,"14,786"
13,245,"2,439"
13,251,"7,688"
13,301,"10,799"
13,13,"11,690"
13,57,"9,524"
13,59,"3,041"
13,67,"1,394"
13,85,"6,785"
13,89, (D)
13,111,"5,113"
13,117,"8,441"
13,121,"3,518"
13,123,"10,712"
13,135,"5,636"
13,139,"20,026"
13,157,"37,510"
13,187,"9,081"
13,219,"13,974"
13,227,"8,472"
13,281,"3,188"
13,291,"8,435"
13,297,"19,383"
13,311,"7,141"
13,11,"28,349"
13,105,"31,905"
13,119,"42,546"
13,137,"11,699"
13,147,"27,633"
13,181,"7,287"
13,195,"29,437"
13,221,"26,822"
13,241,"2,806"
13,257,"10,398"
13,317,"24,970"
13,15,"23,265"
13,47,"12,487"
13,55,"20,570"
13,83,"8,306"
13,115,"25,234"
13,129,"32,870"
13,213,"23,751"
13,223,"6,724"
13,233,"17,309"
13,295,"37,966"
13,313,"20,008"
13,3,"10,093"
13,17,"6,218"
13,19,"13,099"
13,27,"16,004"
13,65,"2,537"
13,69,"18,501"
13,71,"16,065"
13,75,"10,882"
13,81,"13,905"
13,93,"7,627"
13,101,"3,701"
13,155,"11,273"
13,161,"4,325"
13,173,"2,878"
13,185,"8,100"
13,271,"6,442"
13,277,"11,342"
13,287,"8,717"
13,315,"8,817"
13,321,"15,936"
13,1,"8,923"
13,5,"8,964"
13,25,"4,552"
13,29,"1,520"
13,39,"1,564"
13,49,"3,861"
13,51,532
13,109,"3,514"
13,127,774
13,179,"1,332"
13,183,"3,617"
13,191,"4,070"
13,229,"4,601"
13,267,"17,622"
13,279,"12,655"
13,299,"5,755"
13,305,"6,819"
13,7,"5,459"
13,37,"4,110"
13,61,"7,223"
13,87,"13,625"
13,95,"6,581"
13,99,"15,910"
13,131,"11,424"
13,177,"7,906"
13,201,"9,512"
13,205,"17,543"
13,239,"3,336"
13,243,"9,959"
13,253,"6,343"
13,259,"3,714"
13,261,"14,868"
13,273,"5,034"
13,275,"19,849"
13,307,"8,398"
13,45,"47,071"
13,53,60
13,63, (D)
13,77,"27,121"
13,97,"2,212"
13,113,"5,747"
13,143,"12,929"
13,145,"15,423"
13,149,"18,716"
13,151,"6,029"
13,171,"11,507"
13,193,"14,080"
13,197,"22,422"
13,199,"23,522"
13,215,"5,230"
13,231,"17,912"
13,249,"4,904"
13,255,"7,983"
13,263,"6,642"
13,269,"11,545"
13,285,"17,396"
13,293,"13,538"
15,1,"496,339"
15,7,"100,156"
15,9,"170,508"
15,3,"25,950"
16,5,"123,998"
16,7,"194,812"
16,11,"520,225"
16,19,"150,489"
16,23,"46,269"
16,29,"135,727"
16,33,"106,834"
16,37,"95,574"
16,41,"83,967"
16,43,"100,178"
16,51,"107,352"
16,59,"127,268"
16,65,"31,954"
16,71,"165,657"
16,77,"92,711"
16,81,"23,728"
16,9,"6,797"
16,17,"26,146"
16,21,"13,230"
16,35,"18,337"
16,49,"352,292"
16,55,"24,727"
16,57,"68,964"
16,61,"41,987"
16,69,"136,048"
16,79,"1,128"
16,13,"157,164"
16,25,"82,340"
16,31,"251,099"
16,47,"47,530"
16,53,"21,365"
16,63,"47,738"
16,67,"21,920"
16,83,"200,114"
16,1,"43,139"
16,3,"139,039"
16,15,"50,187"
16,27,"44,435"
16,39,"218,465"
16,45,"148,439"
16,73,"562,508"
16,75,"102,051"
16,85,"43,290"
16,87,"380,686"
17,39,"3,826"
17,107,"3,892"
17,115,"2,132"
17,123,"7,639"
17,125,"5,391"
17,113,"5,890"
17,129,"12,702"
17,143,"13,855"
17,175,"4,384"
17,179,"9,988"
17,203,"6,843"
17,19,"4,708"
17,53,"2,335"
17,75,"8,236"
17,91,"3,363"
17,105,"6,088"
17,147,"1,246"
17,183,"7,086"
17,23,"8,636"
17,25,"11,186"
17,29,"5,243"
17,33,"5,047"
17,35,"4,212"
17,41,"3,066"
17,45,"5,860"
17,49,"10,211"
17,51,"14,809"
17,79,"8,447"
17,101,"2,602"
17,121,"15,091"
17,139,"3,159"
17,159,"3,324"
17,173,"13,110"
17,7,"3,641"
17,31,654
17,37,"2,520"
17,43,129
17,63,"1,983"
17,89,"3,121"
17,93,"1,581"
17,99,"11,032"
17,97,"2,096"
17,111,"6,073"
17,197,"4,243"
17,11,"9,645"
17,15,"13,509"
17,73,"16,308"
17,85,"54,688"
17,103,"8,084"
17,131,"15,682"
17,141,"12,633"
17,155,"1,116"
17,161,"11,555"
17,177,"11,331"
17,195,"7,592"
17,201,"4,371"
17,47,"4,558"
17,55,"10,280"
17,59,"4,502"
17,65,"3,747"
17,69,"7,327"
17,81,"20,756"
17,127,"11,160"
17,151,"13,876"
17,165,"10,095"
17,185,"1,067"
17,191,"21,007"
17,193,"7,121"
17,3,"2,498"
17,27,"3,621"
17,77,"16,297"
17,87,"23,811"
17,133,"6,167"
17,145,"11,921"
17,153,"6,320"
17,157,"12,611"
17,163,"4,731"
17,181,"18,326"
17,189,"5,771"
17,199,"15,028"
17,1,"43,244"
17,9,"18,723"
17,57,"46,064"
17,67,"37,262"
17,71,"18,573"
17,95,"27,801"
17,109,"21,597"
17,169,"20,768"
17,187,"23,242"
17,5,"8,059"
17,13,"13,871"
17,17,"9,308"
17,21,"4,464"
17,61,"28,589"
17,83,"11,075"
17,117,"22,950"
17,119,"11,326"
17,135,"12,256"
17,137,"15,796"
17,149,"35,783"
17,167,"20,013"
17,171,"11,742"
18,5,"4,469"
18,11,"3,437"
18,23,"2,879"
18,31,"7,877"
18,53,"2,058"
18,57,"2,814"
18,59,"4,085"
18,63,"6,039"
18,67,"2,056"
18,81,"5,869"
18,95,"3,106"
18,97,790
18,109,"7,813"
18,139,"5,824"
18,145,"4,511"
18,159,768
18,9,"1,498"
18,35,"2,971"
18,41,"5,947"
18,65,"6,894"
18,75,"3,434"
18,135,"4,617"
18,161,"5,703"
18,177,"14,555"
18,15,"3,069"
18,17,"5,191"
18,39,"14,179"
18,49,"5,462"
18,85,"10,932"
18,99,"8,428"
18,103,"4,358"
18,141,"2,720"
18,169,"3,819"
18,1,"6,940"
18,3,"6,958"
18,33,"1,896"
18,69,"5,073"
18,87,"31,737"
18,113,"7,126"
18,151,"2,957"
18,179,"1,810"
18,183,"3,748"
18,7,"1,070"
18,73,"3,974"
18,91,"4,713"
18,89,"2,090"
18,111,"8,939"
18,127,"2,517"
18,131,"3,937"
18,149,"2,131"
18,181,"4,559"
18,13,"2,896"
18,25,"11,812"
18,43,"3,831"
18,61,"21,189"
18,71,"9,952"
18,93,"33,097"
18,105,"12,976"
18,117,"10,674"
18,123,"10,897"
18,175,"28,926"
18,19,"11,388"
18,29,"17,007"
18,47,"18,108"
18,77,"15,357"
18,79,"7,722"
18,115,"6,634"
18,137,"13,943"
18,143,"5,177"
18,155,"15,579"
18,27,"12,737"
18,37,"19,419"
18,51,"3,315"
18,55,"23,126"
18,83,"3,951"
18,101,"7,920"
18,125,"3,007"
18,129,"3,191"
18,147,"12,003"
18,153,"5,333"
18,163,444
18,173,"5,695"
18,21,"7,095"
18,45,"8,546"
18,107,"7,053"
18,119,"13,211"
18,121,"11,026"
18,133,"16,734"
18,157,"6,025"
18,165,"8,606"
18,167,"3,976"
18,171,"6,986"
19,15,"12,717"
19,49,"20,230"
19,75,"5,514"
19,79,"2,643"
19,83,"17,193"
19,99,"27,520"
19,127,"14,598"
19,153,"10,300"
19,157,"27,013"
19,169,"8,234"
19,171,"27,147"
19,187,"9,484"
19,11,"21,359"
19,31,"17,946"
19,45,"24,788"
19,95,"37,776"
19,97,"63,890"
19,103,"23,100"
19,105,"38,266"
19,113,"22,029"
19,139,"13,910"
19,163,"8,633"
19,23,"9,101"
19,33,"7,047"
19,67,"10,303"
19,69,"9,634"
19,81,"4,076"
19,91,"3,383"
19,109,"6,800"
19,131,"6,988"
19,189,"2,454"
19,195,"4,605"
19,197,"5,264"
19,5,"61,837"
19,13,"6,610"
19,17,"6,378"
19,19,"9,981"
19,37,"9,796"
19,43,"43,597"
19,55,"21,087"
19,61,"34,167"
19,65,"22,280"
19,89,"9,077"
19,191,"31,832"
19,21,"10,963"
19,35,"24,817"
19,41,"10,439"
19,59,"7,256"
19,63,"11,180"
19,119,"14,968"
19,141,"12,006"
19,143,"3,755"
19,147,"4,512"
19,149,"35,597"
19,151,"2,862"
19,167,"11,980"
19,7,"54,899"
19,39,"63,129"
19,53,"77,467"
19,117,"52,964"
19,121,"61,143"
19,125,"35,673"
19,135,"51,708"
19,159,"83,764"
19,175,"54,063"
19,181,"40,694"
19,185,"63,566"
19,51,"54,018"
19,57,"12,832"
19,87,"22,243"
19,101,"15,839"
19,107,"34,089"
19,111,"21,515"
19,115,"8,657"
19,123,"25,106"
19,177,"40,991"
19,179,"24,160"
19,183,"20,379"
19,1,"58,621"
19,3,"43,288"
19,29,"30,197"
19,71,"11,598"
19,129,"5,077"
19,137,"18,102"
19,145,"32,552"
19,155,"24,752"
19,173,"44,254"
19,9,"11,405"
19,25,"9,496"
19,27,"15,577"
19,47,"33,039"
19,73,"12,004"
19,77,"39,487"
19,85,"23,920"
19,93,"12,336"
19,133,"23,109"
19,161,"10,816"
19,165,"15,421"
19,193,"35,477"
20,9,"126,336"
20,41,"137,672"
20,51,"220,192"
20,53,"185,972"
20,105,"178,131"
20,115,"216,512"
20,113,"133,196"
20,159,"91,817"
20,165,"120,284"
20,167,"221,685"
20,169,"121,743"
20,3,"104,659"
20,17,"287,631"
20,31,"144,016"
20,45,"56,487"
20,59,"111,714"
20,61,"85,002"
20,91,"19,432"
20,107,"110,083"
20,111,"252,553"
20,121,"101,649"
20,127,"244,091"
20,139,"161,847"
20,177,"58,811"
20,197,"251,588"
20,27,"114,539"
20,29,"109,856"
20,89,"159,038"
20,123,"109,772"
20,141,"198,257"
20,143,"186,095"
20,147,"227,944"
20,157,"94,034"
20,163,"224,397"
20,183,"165,237"
20,201,"165,321"
20,5,"48,545"
20,13,"31,330"
20,43,"18,030"
20,85,"143,694"
20,87,"79,752"
20,103,"58,845"
20,117,"117,395"
20,131,"97,492"
20,149,"237,318"
20,161,"98,530"
20,209,"2,553"
20,23,"183,571"
20,39,"158,946"
20,65,"178,821"
20,137,"200,236"
20,153,"236,389"
20,179,"147,428"
20,181,"125,764"
20,193,"96,116"
20,7,"393,733"
20,33,"306,132"
20,47,"113,234"
20,77,"158,814"
20,79,"38,050"
20,95,"189,297"
20,97,"183,533"
20,145,"72,321"
20,151,"96,024"
20,155,"186,782"
20,173,"79,969"
20,185,"101,019"
20,191,"103,050"
20,1,"100,410"
20,11,"187,965"
20,15,"442,181"
20,19,"242,217"
20,21,"74,159"
20,35,"318,826"
20,37,"104,435"
20,49,"189,018"
20,73,"470,007"
20,99,"166,282"
20,125,"148,834"
20,133,"139,125"
20,205,"98,666"
20,207,"139,671"
20,25,"281,260"
20,55,"109,640"
20,57,"127,803"
20,67,"47,115"
20,69,"106,005"
20,75,"104,101"
20,81,"42,473"
20,83,"168,702"
20,93,"101,282"
20,119,"249,247"
20,129,"64,403"
20,175,"91,397"
20,187,"37,516"
20,189,"85,424"
20,63,"197,614"
20,71,"35,992"
20,101,"104,927"
20,109,"248,628"
20,135,"257,930"
20,171,"91,648"
20,195,"232,543"
20,199,"151,459"
20,203,"60,568"
21,5,"38,410"
21,11,"62,855"
21,17,"85,616"
21,21,"36,851"
21,49,"74,244"
21,67,"67,046"
21,69,"68,089"
21,73,"31,561"
21,79,"75,238"
21,97,"72,046"
21,113,"38,267"
21,137,"63,332"
21,151,"133,898"
21,161,"54,073"
21,167,"61,259"
21,173,"53,884"
21,181,"52,973"
21,201,"18,837"
21,209,"62,444"
21,211,"54,708"
21,215,"26,270"
21,229,"74,037"
21,239,"58,330"
21,1,"52,830"
21,3,"75,335"
21,9,"89,588"
21,27,"76,968"
21,29,"15,617"
21,31,"29,704"
21,45,"58,765"
21,53,"27,587"
21,57,"24,821"
21,61,"24,136"
21,85,"65,474"
21,87,"50,005"
21,93,"52,764"
21,99,"52,818"
21,111,"5,941"
21,123,"25,728"
21,155,"50,720"
21,163,"45,111"
21,169,"51,269"
21,171,"61,853"
21,179,"63,498"
21,207,"34,541"
21,217,"27,652"
21,227,"62,277"
21,13,"5,876"
21,19,"10,252"
21,25,"5,573"
21,43,"42,032"
21,51,"9,864"
21,63,"27,238"
21,65,"21,714"
21,71,"4,052"
21,89,"29,099"
21,95,331
21,109,"29,691"
21,115,"9,287"
21,119,"4,780"
21,121,"11,415"
21,125,"40,967"
21,127,"21,273"
21,129,"6,160"
21,131,599
21,133,"2,582"
21,135,"29,158"
21,153,"17,414"
21,159,"3,656"
21,147,"6,482"
21,165,"12,870"
21,175,"34,213"
21,189,"7,692"
21,193,"9,341"
21,195,"11,604"
21,197,"6,908"
21,199,"85,278"
21,203,"28,690"
21,205,"11,279"
21,231,"32,460"
21,235,"22,217"
21,237,"10,753"
21,33,"16,431"
21,47,"37,535"
21,55,"29,439"
21,59,"19,370"
21,91,"12,347"
21,101,"9,671"
21,107,"21,134"
21,141,"36,120"
21,149,"7,082"
21,177,"27,354"
21,183,"35,815"
21,213,"15,093"
21,219,"20,172"
21,225,"11,356"
21,233,"15,064"
21,15,"23,267"
21,23,"41,594"
21,37,"19,716"
21,41,"20,392"
21,77,"11,775"
21,81,"46,586"
21,103,"48,138"
21,117,"13,644"
21,185,"17,850"
21,187,"73,226"
21,191,"50,955"
21,223,"21,733"
21,7,"7,463"
21,35,"16,086"
21,39,"6,362"
21,75,"1,486"
21,83,"22,035"
21,105,"3,670"
21,139,"37,439"
21,143,"9,011"
21,157,"16,345"
21,145,"4,432"
21,221,"22,694"
22,9,"45,708"
22,25,"17,289"
22,29,"10,644"
22,39,"31,170"
22,43,"16,999"
22,59,"10,548"
22,77,"31,955"
22,79,"50,539"
22,97,"50,770"
22,121,"2,617"
22,33,"35,275"
22,37,"50,133"
22,63,"12,501"
22,91,"16,607"
22,103,"21,198"
22,105,"50,496"
22,117,"29,170"
22,125,"33,755"
22,13,"14,385"
22,21,"19,849"
22,27,"21,976"
22,49,"8,531"
22,61,"26,794"
22,73,"17,141"
22,111,"31,505"
22,127,"10,850"
22,35,"1,610"
22,41,"37,662"
22,65,"10,151"
22,67,"24,653"
22,83,"44,037"
22,107,"1,199"
22,123,"26,460"
22,15,"51,073"
22,17,"73,106"
22,31,"73,955"
22,81,"49,483"
22,119,"25,243"
22,7, (D)
22,45,"11,322"
22,47,"17,289"
22,55,"12,077"
22,99,"5,590"
22,101,"5,609"
22,5,"9,608"
22,51,"1,918"
22,57,"31,034"
22,71, (D)
22,75,"18,510"
22,87,"5,014"
22,89,"10,215"
22,93,"1,543"
22,95,"1,714"
22,109,"10,393"
22,1,"25,476"
22,3,"43,648"
22,11,"64,454"
22,19,"251,746"
22,23,"146,344"
22,53,"58,414"
22,113,"137,686"
22,69,"94,734"
22,85,"37,946"
22,115,"20,414"
23,9,"4,521"
23,19,"7,764"
23,21,"3,649"
23,25,"6,318"
23,27,"6,652"
23,29,"2,345"
23,3,"18,155"
23,1,"5,956"
23,5,"6,397"
23,7,"4,860"
23,11,"7,534"
23,13,"2,933"
23,15,"3,013"
23,17,"5,867"
23,23,"2,313"
23,31,"6,613"
24,19,"1,224"
24,39,"2,411"
24,45,"2,218"
24,47,"1,524"
24,5,"11,539"
24,13,"15,842"
24,21,"26,969"
24,25,"10,511"
24,27,"4,984"
24,31,"8,880"
24,43,"24,381"
24,3,"4,386"
24,9,"2,504"
24,17,"4,293"
24,33,"3,769"
24,37,"5,372"
24,11,"2,744"
24,15,"7,951"
24,29,"3,853"
24,35,"3,323"
24,41,"1,842"
24,1,"9,234"
24,23,"18,622"
25,1,614
25,3,"9,424"
25,5,"5,516"
25,7,"1,215"
25,9,"3,571"
25,11,"16,828"
25,13,"3,763"
25,15,"6,578"
25,17,"4,416"
25,19,90
25,21,"1,263"
25,23,"2,145"
25,27,"15,351"
26,35,"14,035"
26,51,"8,465"
26,57,"6,304"
26,73,"8,876"
26,107,"15,501"
26,111,"4,716"
26,117,"12,417"
26,133,"14,791"
26,11,"2,105"
26,17,"2,565"
26,63,"7,427"
26,145,"3,826"
26,151,"10,306"
26,157,"8,816"
26,1,"4,832"
26,7,"4,903"
26,31,"8,715"
26,39,864
26,69,"5,480"
26,119,"4,048"
26,129,"6,773"
26,135,"4,137"
26,137,"5,163"
26,141,"7,867"
26,143,"1,543"
26,9,"4,406"
26,19,"1,531"
26,29,"4,529"
26,47,"7,413"
26,55,"4,946"
26,79,"2,821"
26,89,"4,076"
26,101,"4,495"
26,113,"8,670"
26,165,"4,089"
26,15,"11,708"
26,23,"6,669"
26,25,"9,027"
26,37,"8,243"
26,45,"8,502"
26,59,"9,812"
26,65,"6,133"
26,67,"10,184"
26,75,"9,980"
26,155,"3,716"
26,149,"6,868"
26,49,"5,934"
26,87,"11,293"
26,91,"5,595"
26,93,"6,719"
26,99,"2,033"
26,115,"2,535"
26,125,"4,536"
26,147,"6,966"
26,161,"8,902"
26,163,865
26,5,"11,168"
26,21,"4,259"
26,27,"7,388"
26,77,"6,864"
26,81,"11,472"
26,139,"6,612"
26,159,"5,340"
26,3,"2,959"
26,13,"1,618"
26,33,"17,942"
26,41,"11,377"
26,43,"2,117"
26,53,833
26,61,"2,950"
26,71,"3,114"
26,83,81
26,95,"3,760"
26,97,"5,976"
26,103,"5,390"
26,109,"5,567"
26,131,"4,100"
26,153,"4,007"
26,85,"3,079"
26,105,"6,052"
26,121,"4,997"
26,123,"11,042"
26,127,"6,170"
27,9,"19,160"
27,19,"6,053"
27,67,"13,783"
27,85,"4,538"
27,93,"9,610"
27,97,"66,758"
27,129,"4,636"
27,139,"6,374"
27,141,"9,254"
27,143,"6,179"
27,145,"57,310"
27,153,"57,101"
27,159,"23,631"
27,171,"13,829"
27,1,"24,908"
27,3,"2,896"
27,17,"27,030"
27,25,"13,816"
27,35,"24,694"
27,53,"4,427"
27,59,"11,122"
27,65,"30,294"
27,95,"17,809"
27,115,"38,265"
27,123,64
27,163,"9,927"
27,7,"55,849"
27,21,"56,426"
27,57,"23,909"
27,61,"15,308"
27,71,"14,026"
27,77,"5,719"
27,31,155
27,75,608
27,137,"30,374"
27,5,"41,178"
27,27,"19,042"
27,29,"53,140"
27,69,"38,037"
27,87,"15,526"
27,89,"28,039"
27,107,"6,958"
27,113,"12,634"
27,119,"33,529"
27,125,"9,559"
27,135,"40,651"
27,13,"3,627"
27,15,"6,267"
27,43,"2,191"
27,47,"4,724"
27,79,"4,463"
27,91,"2,878"
27,103,"1,887"
27,131,"9,600"
27,147,"4,583"
27,161,"2,546"
27,165,"2,057"
27,37,"7,050"
27,39,"4,724"
27,45,"49,261"
27,49,"27,254"
27,55,"39,716"
27,99,"7,530"
27,109,"28,449"
27,157,"24,502"
27,169,"36,955"
27,33,"9,529"
27,63,"7,382"
27,81,"15,100"
27,83,"12,778"
27,101,"19,983"
27,105,"8,031"
27,117,"21,303"
27,127,"6,954"
27,133,"11,276"
27,11,"7,716"
27,23,"7,194"
27,41,"17,326"
27,51,"4,031"
27,73,"20,890"
27,111,"81,470"
27,121,"24,234"
27,149,"7,376"
27,151,"9,616"
27,155,"2,025"
27,167,"2,083"
27,173,"10,621"
28,7,"23,882"
28,15,"41,318"
28,19,"13,159"
28,51,"44,692"
28,79,"31,803"
28,89,"31,494"
28,97,"15,738"
28,121,"31,390"
28,123,"45,857"
28,155,"13,708"
28,17,"32,189"
28,25,"50,257"
28,69,"28,512"
28,87,"23,201"
28,95,"36,845"
28,99,"47,315"
28,103,"41,681"
28,105,"39,351"
28,159,"34,458"
28,53,"6,308"
28,55,"1,952"
28,83,"2,819"
28,125,"4,817"
28,133,"20,265"
28,151,"2,192"
28,163,"40,558"
28,9,"26,974"
28,13,"24,475"
28,33,"19,992"
28,43,"18,384"
28,71,"31,595"
28,93,"79,337"
28,107,"53,406"
28,137,"55,946"
28,161,"20,549"
28,3,"16,534"
28,57,"14,293"
28,81,"29,822"
28,115,"35,123"
28,117,"27,285"
28,139,"24,902"
28,141,"11,657"
28,145,"22,253"
28,31,"44,466"
28,65,"20,757"
28,73,"31,206"
28,77,"22,030"
28,91,"23,340"
28,113,"26,895"
28,127,"39,891"
28,129,"31,282"
28,147,"34,773"
28,23,"18,581"
28,35,"12,710"
28,39,"14,231"
28,41,"20,032"
28,45,"16,557"
28,47,"7,657"
28,59,"14,662"
28,61,"36,428"
28,67,"39,249"
28,75,"19,887"
28,101,"32,855"
28,109,"40,892"
28,111,"14,969"
28,131,"16,706"
28,153,"39,743"
28,1,"11,944"
28,5,"31,635"
28,21,"19,496"
28,29,"42,680"
28,37,"9,095"
28,49,"71,570"
28,63,"20,116"
28,85,"48,441"
28,149,"15,933"
28,157,"19,989"
28,11,"6,010"
28,27,"3,311"
28,119,"1,442"
28,135,"25,524"
28,143,30
29,15,"121,522"
29,19,"56,028"
29,27,"84,530"
29,29,"73,114"
29,51,"92,778"
29,53,"84,768"
29,59,"129,511"
29,85,"95,134"
29,89,"54,498"
29,105,"186,873"
29,125,"145,056"
29,131,"163,567"
29,135,"105,752"
29,141,"109,526"
29,151,"164,557"
29,159,"108,169"
29,161,"94,214"
29,167,"234,036"
29,169,"67,893"
29,195,"46,647"
29,55,"89,691"
29,71,"86,787"
29,73,"76,637"
29,99,"31,177"
29,113,"36,821"
29,139,"46,594"
29,157,"51,231"
29,183,"8,819"
29,187,"50,118"
29,189,"2,272"
29,186,"46,819"
29,219,"19,861"
29,221,"50,981"
29,1,"95,791"
29,33,"56,844"
29,41,"75,763"
29,79,"44,512"
29,115,"95,807"
29,117,"35,130"
29,121,"110,500"
29,129,"65,693"
29,171,"109,040"
29,175,"50,757"
29,197,"68,159"
29,211,"116,843"
29,7,"47,105"
29,45,"35,353"
29,103,"46,991"
29,111,"29,771"
29,127,"26,848"
29,137,"68,554"
29,163,"57,019"
29,173,"38,005"
29,199,"42,390"
29,205,"34,563"
29,3,"33,812"
29,5,"11,687"
29,21,"25,778"
29,25,"61,969"
29,47,"39,822"
29,49,"57,720"
29,61,"69,525"
29,63,"52,823"
29,75,"60,134"
29,81,"100,266"
29,87,"11,349"
29,147,"92,760"
29,165,"20,814"
29,177,"58,224"
29,227,"33,107"
29,17,"59,071"
29,35,"26,761"
29,65,"120,556"
29,67,"166,261"
29,91,"214,402"
29,93,"27,875"
29,123,"41,755"
29,149,"131,852"
29,153,"149,751"
29,179,"32,500"
29,181,"69,438"
29,203,"73,682"
29,213,"68,095"
29,215,"241,485"
29,223,"32,023"
29,225,"153,857"
29,229,"178,431"
29,23,"14,840"
29,31,"53,096"
29,69,"2,955"
29,133,685
29,143,"1,264"
29,155,784
29,201,"8,944"
29,207,"20,507"
29,9,"167,236"
29,11,"89,545"
29,43,"90,036"
29,57,"144,038"
29,77,"124,878"
29,97,"108,631"
29,109,"165,140"
29,119,"114,573"
29,145,"151,885"
29,209,"68,745"
29,13,"149,710"
29,37,"85,964"
29,39,"128,408"
29,83,"156,024"
29,95,"22,175"
29,101,"128,685"
29,107,"46,936"
29,185,"114,905"
29,217,"135,129"
30,7,"340,721"
30,13,"837,256"
30,27,"1,588,716"
30,37,"576,513"
30,45,"606,531"
30,49,"709,112"
30,59,"791,352"
30,65,"947,720"
30,69,"515,246"
30,107,"719,579"
30,5,"1,445,865"
30,15,"738,382"
30,35,"701,049"
30,41,"376,942"
30,51,"208,592"
30,71,"1,428,723"
30,73,"248,041"
30,99,"420,376"
30,101,"349,962"
30,19,"218,680"
30,21,"754,985"
30,33,"1,910,377"
30,55,"727,426"
30,83,"777,462"
30,85,"537,409"
30,91,"265,501"
30,105,"834,446"
30,23,"63,703"
30,29,"71,189"
30,39,"246,444"
30,47,"340,341"
30,53,"23,229"
30,61,"6,501"
30,63,"71,132"
30,77,"502,876"
30,81,"164,255"
30,89,"281,881"
30,3,"2,919,300"
30,9,"673,938"
30,67,"579,334"
30,95,"580,618"
30,97,"763,262"
30,103,"553,690"
30,111,"1,299,771"
30,11,"1,519,270"
30,17,"1,970,545"
30,25,"716,189"
30,75,"1,484,252"
30,79,"614,387"
30,87,"2,570,135"
30,109,"412,825"
30,1,"1,080,459"
30,31,"482,342"
30,43,"291,268"
30,57,"792,172"
30,93,"53,909"
31,19,"195,915"
31,41,"1,005,753"
31,47,"303,333"
31,77,"174,344"
31,79,"50,946"
31,93,"96,983"
31,163,"149,943"
31,175,"179,763"
31,23,"44,608"
31,25,"20,734"
31,37,"20,632"
31,53,"15,616"
31,55,"5,177"
31,81,"20,772"
31,109,"37,742"
31,121,"37,841"
31,125,"54,079"
31,141,"42,924"
31,143,"27,195"
31,153,"4,537"
31,155,"29,628"
31,159,"44,578"
31,177,"23,345"
31,185,"12,972"
31,5,"422,316"
31,9,"333,832"
31,15,"180,882"
31,17,"505,310"
31,31,"3,131,423"
31,71,"273,779"
31,75,"439,481"
31,89,"763,189"
31,91,"418,722"
31,103,"322,657"
31,113,"254,432"
31,115,"252,538"
31,117,"465,202"
31,149,"456,640"
31,171,"377,763"
31,183,"267,210"
31,3,"116,671"
31,11,"103,100"
31,21,"15,073"
31,27,"72,398"
31,39,"21,570"
31,43,"11,707"
31,51,"48,505"
31,107,"275,016"
31,119,"31,186"
31,139,"60,732"
31,167,"52,639"
31,173,"11,940"
31,179,"20,447"
31,7,"230,806"
31,13,"322,308"
31,33,"221,324"
31,45,"576,553"
31,49,"46,838"
31,69,"840,215"
31,105,"185,042"
31,123,"584,943"
31,157,"219,429"
31,161,"1,245,255"
31,165,"1,133,133"
31,1,"34,661"
31,61,"125,372"
31,65,"150,341"
31,73,"124,650"
31,83,"109,172"
31,99,"42,109"
31,137,"62,062"
31,181,"116,502"
31,35,"54,038"
31,59,"21,302"
31,67,"58,186"
31,95,"62,184"
31,97,"52,566"
31,127,"18,705"
31,129,"101,899"
31,131,"31,386"
31,133,"74,174"
31,147,"46,611"
31,151,"41,685"
31,169,"67,723"
31,29,"239,159"
31,57,"329,551"
31,63,"277,633"
31,85,"242,815"
31,87,"158,104"
31,101,"259,719"
31,111,"919,944"
31,135,"122,012"
31,145,"175,599"
32,7,"1,943,699"
32,11,"506,800"
32,15,"275,814"
32,33,"108,890"
32,510,270
32,1,"196,738"
32,5,"56,685"
32,13,"807,033"
32,19,"114,553"
32,27,"259,580"
32,29, (D)
32,31,"310,571"
32,3, (D)
32,9,"2,370"
32,17, (D)
32,21, (D)
32,23,"47,552"
33,1,"2,992"
33,3,"3,691"
33,5,"4,478"
33,7,"4,601"
33,9,"6,958"
33,11,"4,344"
33,13,"5,335"
33,15,"3,495"
33,17,"2,002"
33,19,"5,667"
34,5,"7,867"
34,21,"4,657"
34,23,905
34,25,"7,325"
34,29,917
34,3,380
34,13,100
34,17, (D)
34,19,"17,515"
34,27,"2,554"
34,31,257
34,35,"8,021"
34,37,"13,953"
34,39, (D)
34,41,"9,318"
34,1,"1,352"
34,7,"1,288"
34,9,932
34,11,"4,004"
34,15,"2,937"
34,33,"6,429"
35,7,"2,016,936"
35,9,"487,436"
35,11,"1,171,004"
35,19,"1,424,198"
35,21,"921,838"
35,33,"882,461"
35,37,"1,362,264"
35,41,"1,209,085"
35,47,"2,212,963"
35,57,"1,530,975"
35,59,"1,843,550"
35,1, (D)
35,6,"1,566,585"
35,28, (D)
35,31,"2,510,625"
35,39,"1,280,261"
35,45,"2,423,894"
35,43,"760,616"
35,49,"646,989"
35,55,"250,111"
35,61,"497,691"
35,5,"2,245,093"
35,13,"429,536"
35,15,"1,029,565"
35,25,"1,829,717"
35,27,"1,459,566"
35,35,"1,006,152"
35,3,"1,253,037"
35,17,"880,321"
35,23,"821,817"
35,29,"541,981"
35,51,"994,918"
35,53,"889,631"
36,11,"13,687"
36,17,"24,478"
36,23,"17,874"
36,43,"22,522"
36,53,"25,477"
36,65,"26,486"
36,67,"14,066"
36,75,"10,369"
36,77,"28,523"
36,1,"10,645"
36,35,"3,442"
36,57,"13,996"
36,83,"11,117"
36,91,"10,464"
36,93,"1,950"
36,95,"14,511"
36,115,"32,411"
36,59, (D)
36,81, (D)
36,103,"1,995"
36,19,"22,412"
36,31,"10,135"
36,33,"24,439"
36,113,768
36,45,"33,898"
36,49,"16,284"
36,89,"53,567"
36,21,"16,678"
36,25,"27,145"
36,27,"28,278"
36,39,"6,458"
36,71,"14,500"
36,79,"1,695"
36,87,140
36,105,"14,524"
36,111,"8,161"
36,119,799
36,7,"9,068"
36,15,"10,592"
36,97,"11,035"
36,107,"15,974"
36,109,"9,057"
36,3,"25,297"
36,9,"26,938"
36,13,"27,624"
36,101,"51,617"
36,29,"13,689"
36,37,"6,347"
36,51,"16,102"
36,55,"6,861"
36,63,"7,090"
36,69,"7,892"
36,73,"5,013"
36,99,"7,873"
36,117,"7,475"
36,121,"15,432"
36,123,"14,384"
37,13,"1,644"
37,31,"1,965"
37,49,"2,240"
37,79,"1,748"
37,95,"1,331"
37,101,"17,784"
37,103,"6,016"
37,107,"4,612"
37,137,"1,022"
37,147,"4,388"
37,191,"9,038"
37,195,"4,273"
37,3,"22,069"
37,35,"20,033"
37,37,"44,971"
37,57,"16,987"
37,59,"24,733"
37,97,"37,389"
37,105,"6,261"
37,151,"47,262"
37,159,"30,791"
37,183,"10,831"
37,15,"1,903"
37,29,468
37,41,"1,962"
37,53,460
37,55,327
37,65,"6,768"
37,73,859
37,83,"13,522"
37,91,325
37,117,"2,657"
37,127,"10,887"
37,131,"5,282"
37,139,735
37,143,806
37,177,343
37,187,"1,196"
37,5,"23,264"
37,9,"49,936"
37,11,"6,460"
37,27,"9,224"
37,171,"35,258"
37,189,"24,680"
37,193,"39,282"
37,197,"21,091"
37,1,"25,148"
37,33,"19,968"
37,63,"4,435"
37,67,"7,734"
37,69,"23,167"
37,77,"14,608"
37,81,"18,339"
37,135,"18,016"
37,145,"16,360"
37,157,"30,316"
37,169,"20,892"
37,181,"6,043"
37,185,"12,300"
37,17,"8,082"
37,19,"3,259"
37,47,"9,806"
37,51,"4,455"
37,61,"20,722"
37,85,"10,713"
37,93,"2,938"
37,129,337
37,133,"2,445"
37,141,"5,157"
37,155,"8,297"
37,163,"23,323"
37,165,"1,914"
37,7,"13,620"
37,25,"19,526"
37,45,"46,571"
37,71,"11,906"
37,109,"15,625"
37,119,"2,997"
37,123,"9,217"
37,125,"19,976"
37,153,"6,513"
37,167,"20,870"
37,179,"27,556"
37,21,"26,179"
37,23,"9,464"
37,39,"9,693"
37,43,"3,376"
37,75,"5,251"
37,87,"30,784"
37,89,"5,535"
37,99,"4,175"
37,113,"8,653"
37,115,"25,238"
37,111,"7,048"
37,121,"5,473"
37,149,"6,800"
37,161,"23,298"
37,173,"1,377"
37,175,"3,370"
37,199,"15,896"
38,27,"86,950"
38,31,"38,026"
38,43,"330,327"
38,83,"144,831"
38,93,"214,112"
38,103,"104,020"
38,3,"106,046"
38,17,"26,170"
38,39,"62,683"
38,91,"10,389"
38,97,"6,399"
38,5,"127,405"
38,9,"74,425"
38,49,"402,406"
38,69,"96,841"
38,79,"82,685"
38,19,"15,776"
38,35,"32,444"
38,63,"35,958"
38,67,"26,359"
38,71,"12,226"
38,95,"34,922"
38,99,"57,402"
38,13,"105,782"
38,23,"143,758"
38,61,"364,193"
38,75,"25,253"
38,101,"154,651"
38,105,"226,720"
38,15,"389,603"
38,29,"306,901"
38,37,"515,553"
38,59,"660,142"
38,85,"366,646"
38,21,"117,947"
38,45,"66,633"
38,47,"263,602"
38,51,"181,392"
38,73,"145,259"
38,77,"43,910"
38,81,"42,694"
38,1,"208,818"
38,7,"606,161"
38,11,"370,682"
38,33,"358,409"
38,41,"116,157"
38,87,"442,700"
38,89,"217,066"
38,25,"594,288"
38,53,"677,945"
38,55,"210,247"
38,57,"292,669"
38,65,"158,167"
39,41,"5,205"
39,45,"12,421"
39,47,"5,747"
39,49,"2,979"
39,83,"23,377"
39,89,"27,524"
39,97,"5,619"
39,101,"2,705"
39,117,"8,383"
39,129,"7,080"
39,141,"30,719"
39,159,"7,664"
39,13,"63,471"
39,19,"24,689"
39,31,"39,674"
39,67,"43,965"
39,75,"41,082"
39,81,"21,209"
39,157,"26,575"
39,5,"15,330"
39,33,"2,113"
39,43,"2,364"
39,77,"5,806"
39,93,"4,061"
39,123,544
39,139,"13,072"
39,143,"2,385"
39,147,"3,572"
39,175,"1,870"
39,7,"11,300"
39,29,"20,411"
39,35,338
39,55,"11,115"
39,85,776
39,99,"6,250"
39,103,"7,045"
39,133,"8,830"
39,151,"14,112"
39,153,"2,962"
39,155,"8,129"
39,169,"26,302"
39,3,"3,308"
39,39,"2,005"
39,51,"1,860"
39,63,"1,787"
39,69,753
39,95,769
39,125,"1,827"
39,137,"1,375"
39,161,957
39,171,"2,665"
39,173,"2,510"
39,1,"41,387"
39,15,"27,656"
39,53,"50,985"
39,71,"26,828"
39,79,"24,858"
39,87,"31,174"
39,131,"17,135"
39,145,"17,709"
39,9,"26,672"
39,59,"55,036"
39,73,"9,194"
39,105,"24,006"
39,111,"45,216"
39,115,"37,718"
39,119,"59,690"
39,121,"42,026"
39,127,"19,391"
39,163,"5,999"
39,167,"46,771"
39,17,"15,449"
39,25,"14,816"
39,27,"6,590"
39,57,"7,582"
39,61,"2,540"
39,113,"7,422"
39,135,"7,259"
39,165,"8,685"
39,11,"2,331"
39,21,"6,496"
39,23,"7,396"
39,37,"4,705"
39,65,"3,256"
39,91,"8,956"
39,107,"1,886"
39,109,"6,618"
39,149,"3,839"
40,17,"252,476"
40,27,"77,576"
40,37,"239,152"
40,51,"397,261"
40,73,"268,023"
40,81,"325,127"
40,83,"230,778"
40,87,"190,276"
40,107,"246,186"
40,109,"88,910"
40,119,"239,610"
40,125,"248,133"
40,133,"187,920"
40,1,"149,327"
40,21,"143,524"
40,61,"173,621"
40,63,"330,200"
40,91,"151,186"
40,101,"198,966"
40,111,"204,792"
40,121,"383,076"
40,135,"123,288"
40,3,"205,309"
40,47,"259,311"
40,53,"161,344"
40,71,"159,522"
40,93,"332,834"
40,103,"261,610"
40,151,"606,817"
40,153,"643,024"
40,35,"314,042"
40,41,"190,035"
40,97,"165,660"
40,105,"271,441"
40,113,"973,820"
40,115,"101,894"
40,117,"248,871"
40,131,"215,411"
40,143,"56,409"
40,145,"86,398"
40,147,"163,237"
40,7,"751,650"
40,25,"723,132"
40,45,"619,692"
40,59,"525,005"
40,139,"626,640"
40,5,"268,038"
40,13,"318,887"
40,19,"319,249"
40,29,"202,758"
40,49,"363,140"
40,67,"403,624"
40,69,"239,099"
40,85,"148,034"
40,95,"144,224"
40,99,"178,217"
40,123,"239,737"
40,137,"378,625"
40,23,"246,019"
40,77,"151,573"
40,79,"230,161"
40,89,"183,323"
40,127,"192,711"
40,15,"448,676"
40,31,"327,666"
40,33,"227,857"
40,55,"206,068"
40,57,"208,106"
40,65,"194,502"
40,75,"279,389"
40,141,"225,497"
40,9,"341,887"
40,11,"310,394"
40,39,"388,364"
40,43,"512,382"
40,129,"627,116"
40,149,"285,978"
41,21,"349,517"
41,27,"2,596"
41,49,"592,692"
41,55,"171,955"
41,65,"1,103,340"
41,1,"628,435"
41,59,"492,921"
41,61,"259,915"
41,63,"419,577"
41,3,"15,592"
41,5,"35,715"
41,7,"7,730"
41,9,"18,956"
41,39,"65,561"
41,41,"12,764"
41,43,"61,216"
41,47,"24,014"
41,51,"2,988"
41,53,"18,131"
41,57,"13,920"
41,67,"8,128"
41,71,"26,089"
41,13,"746,865"
41,17,"89,534"
41,23,"548,639"
41,25,"1,342,455"
41,31,"674,870"
41,35,"320,981"
41,37,"547,054"
41,45,"869,283"
41,69,"490,065"
41,11,"76,137"
41,15,"45,544"
41,19,"279,968"
41,29,"100,131"
41,33,"9,755"
42,13,"11,179"
42,21,"7,251"
42,27,"16,893"
42,33,"9,826"
42,37,"7,452"
42,43,"7,426"
42,61,"14,772"
42,67,"11,398"
42,87,"15,292"
42,93,"2,925"
42,97,"8,369"
42,99,"8,988"
42,109,"7,999"
42,119,"5,329"
42,25,"1,249"
42,77,"2,509"
42,79,"2,455"
42,89,"1,665"
42,95,"4,317"
42,103,779
42,107,"5,684"
42,15,"46,717"
42,23,788
42,35,"3,417"
42,47,"3,499"
42,81,"13,935"
42,83,"7,446"
42,105,"14,476"
42,113,"5,791"
42,117,"34,506"
42,69,"6,970"
42,115,"32,079"
42,127,"22,185"
42,131,"7,155"
42,39,"26,054"
42,49,"18,354"
42,53,"1,147"
42,85,"24,024"
42,121,"7,862"
42,123,"12,475"
42,1,"14,501"
42,9,"42,736"
42,41,"15,306"
42,55,"26,125"
42,57,"11,905"
42,133,"20,986"
42,11,"21,298"
42,17,"7,311"
42,29,"28,100"
42,45,564
42,71,"43,083"
42,75,"13,245"
42,91,"5,930"
42,101,63
42,3,"5,550"
42,51,"26,784"
42,59,"41,552"
42,111,"32,910"
42,125,"60,974"
42,129,"25,268"
42,5,"17,727"
42,7,"10,618"
42,19,"17,574"
42,31,"14,545"
42,63,"16,314"
42,65,"10,564"
42,73,"15,105"
44,1,240
44,3,563
44,5,"1,694"
44,7,"3,596"
44,9,"2,015"
45,17,"8,114"
45,27,"8,308"
45,61,"5,648"
45,63,"18,873"
45,75,"20,085"
45,79,"5,493"
45,85,"7,516"
45,25,"17,097"
45,31,"8,828"
45,33,"3,172"
45,41,"6,115"
45,43,"6,210"
45,51,"10,964"
45,67,"7,733"
45,69,"3,787"
45,89,"7,756"
45,23,"37,260"
45,39,"10,606"
45,55,"16,513"
45,57,"21,639"
45,91,"48,461"
45,7,"71,955"
45,21,"21,641"
45,45,"21,544"
45,59,"43,626"
45,73,"26,664"
45,77,"15,361"
45,83,"32,466"
45,87,"22,612"
45,5,"7,356"
45,9,"7,036"
45,11,"7,560"
45,13,"4,336"
45,15,"8,432"
45,19,"7,015"
45,29,"8,004"
45,35,"6,297"
45,49,"9,292"
45,53,"3,061"
45,1,"43,913"
45,3,"38,595"
45,37,"14,913"
45,47,"25,033"
45,65,"6,202"
45,71,"27,719"
45,81,"36,205"
46,3,"117,787"
46,5,"250,827"
46,15,"227,327"
46,17,"211,899"
46,59,"307,766"
46,65,"167,373"
46,69,"282,259"
46,73,"118,383"
46,119,"124,098"
46,11,"101,360"
46,35,"48,210"
46,61,"35,903"
46,77,"130,932"
46,79,"34,401"
46,87,"62,128"
46,97,"95,335"
46,99,"38,887"
46,101,"31,169"
46,111,"154,059"
46,13,"175,341"
46,21,"173,384"
46,45,"155,116"
46,49,"203,399"
46,89,"336,986"
46,107,"157,703"
46,115,"122,352"
46,129,"176,766"
46,25,"122,240"
46,29,"94,466"
46,37,"116,947"
46,39,"97,261"
46,51,"103,692"
46,57,"43,606"
46,91,"158,598"
46,109,"102,710"
46,19,"1,000,802"
46,31,"893,007"
46,41,"941,247"
46,63,"1,295,012"
46,105,"1,307,848"
46,137,"851,500"
46,53,"316,352"
46,75,"378,329"
46,85,"510,802"
46,95,"625,846"
46,121,"756,196"
46,123,"593,331"
46,9,"61,348"
46,23,"211,229"
46,27,"12,461"
46,43,"58,497"
46,67,"84,845"
46,83,"17,562"
46,125,"34,189"
46,127,"14,798"
46,135,"67,660"
46,7,"404,444"
46,33,"557,297"
46,47,"820,395"
46,102,"993,518"
46,55,"848,676"
46,71,"915,346"
46,81,"124,093"
46,93,"1,573,093"
46,103,"920,523"
46,117,"598,961"
47,3,"115,411"
47,15,"36,881"
47,27,"26,912"
47,37,"14,021"
47,41,"40,699"
47,55,"137,797"
47,87,"37,846"
47,103,"134,164"
47,111,"50,902"
47,117,"75,903"
47,119,"118,128"
47,127,"35,793"
47,149,"69,868"
47,159,"73,529"
47,165,"66,899"
47,169,"24,142"
47,187,"54,363"
47,189,"104,074"
47,7,"38,049"
47,31,"34,341"
47,35,"45,380"
47,49,"45,158"
47,51,"28,872"
47,61,"8,471"
47,115,"18,203"
47,129,"17,443"
47,133,"61,944"
47,137,"17,913"
47,141,"44,517"
47,151,"7,672"
47,153,"11,505"
47,175,"23,684"
47,177,"47,754"
47,185,"52,567"
47,45,"13,694"
47,95,"2,600"
47,97,"9,660"
47,131,"23,986"
47,157,"7,963"
47,167,"12,280"
47,1,"17,309"
47,9,"40,421"
47,11,"35,682"
47,13,"11,349"
47,19,"15,296"
47,25,"54,887"
47,29,"23,332"
47,57,"42,422"
47,59,"97,005"
47,63,"22,152"
47,65,"18,939"
47,67,"35,289"
47,73,"61,503"
47,89,"41,972"
47,91,"18,805"
47,93,"27,714"
47,105,"20,500"
47,107,"52,352"
47,121,"22,939"
47,123,"41,276"
47,139,"12,943"
47,143,"18,379"
47,145,"18,039"
47,155,"21,708"
47,163,"39,180"
47,171,"1,215"
47,173,"19,897"
47,179,"44,087"
47,5,"16,346"
47,17,"21,775"
47,23,"16,427"
47,33,"7,949"
47,39,"23,414"
47,47,"47,351"
47,53,"20,822"
47,69,"26,393"
47,71,"37,270"
47,75,"7,183"
47,77,"48,697"
47,79,"33,862"
47,113,"14,286"
47,109,"25,802"
47,183,"17,726"
47,21,"18,426"
47,43,"52,274"
47,81,"47,762"
47,83,"23,698"
47,85,"38,721"
47,99,"87,637"
47,101,"11,829"
47,125,"44,943"
47,135,"13,619"
47,147,"44,943"
47,161,"26,665"
47,181,"54,909"
48,27,"330,920"
48,35,"529,542"
48,85,"141,678"
48,97,"353,210"
48,99,"360,692"
48,113,"34,862"
48,119,"68,247"
48,121,"220,836"
48,139,"248,201"
48,145,"222,236"
48,147,"251,683"
48,181,"211,457"
48,193,"395,029"
48,217,"266,433"
48,231,"292,135"
48,251,"254,694"
48,257,"299,983"
48,277,"270,072"
48,293,"407,147"
48,309,"304,223"
48,331,"333,438"
48,349,"386,220"
48,397,"18,163"
48,439,"146,848"
48,491,"323,318"
48,7,"47,565"
48,273,"415,228"
48,355,"145,349"
48,391,"432,174"
48,409,"123,592"
48,9,"456,983"
48,49,"456,820"
48,59,"394,091"
48,77,"572,728"
48,93,"367,402"
48,133,"411,229"
48,143,"487,916"
48,221,"161,535"
48,237,"426,078"
48,333,"405,108"
48,337,"406,909"
48,363,"522,594"
48,367,"421,327"
48,417,"507,769"
48,425,"62,663"
48,429,"424,699"
48,447,"367,543"
48,497,"395,262"
48,503,"509,148"
48,1,"269,939"
48,37,"148,397"
48,63,"41,677"
48,67,"88,885"
48,73,"163,824"
48,159,"61,373"
48,183,"32,780"
48,203,"88,104"
48,213,"203,644"
48,223,"237,903"
48,225,"276,602"
48,315,"17,987"
48,343,"46,966"
48,347,"168,306"
48,365,"117,473"
48,379,"66,506"
48,387,"292,048"
48,401,"153,438"
48,419,"116,542"
48,423,"156,095"
48,449,"110,094"
48,459,"113,880"
48,467,"252,020"
48,499,"126,932"
48,5,"60,964"
48,41,"226,813"
48,161,"326,847"
48,185,"262,852"
48,199,"29,722"
48,241,"56,225"
48,289,"355,212"
48,313,"198,823"
48,339,"86,940"
48,351,"24,261"
48,373,"66,821"
48,395,"352,073"
48,403,"21,622"
48,405,"35,684"
48,407,"56,592"
48,455,"61,835"
48,457,"42,062"
48,471,"151,539"
48,473,"166,087"
48,19,"351,696"
48,31,"307,713"
48,53,"391,158"
48,81,"431,189"
48,95,"455,159"
48,105,"1,528,881"
48,137,"971,426"
48,171,"622,809"
48,235,"598,311"
48,259,"360,794"
48,265,"469,688"
48,267,"727,758"
48,271,"571,617"
48,281,"426,948"
48,299,"497,283"
48,319,"512,333"
48,307,"483,253"
48,327,"483,568"
48,383,"681,297"
48,385,"301,465"
48,411,"591,317"
48,413,"782,115"
48,431,"579,876"
48,435,"879,257"
48,451,"684,823"
48,461,"655,808"
48,463,"869,960"
48,465,"1,448,448"
48,61,"57,118"
48,215,"235,030"
48,427,"460,537"
48,489,"114,148"
48,11,"351,673"
48,45,"415,037"
48,65,"201,504"
48,69,"191,446"
48,111,"527,515"
48,117,"412,739"
48,153,"202,780"
48,179,"362,007"
48,189,"116,366"
48,195,"290,682"
48,205,"572,391"
48,211,"497,422"
48,233,"466,329"
48,295,"475,774"
48,341,"273,936"
48,357,"232,995"
48,359,"849,463"
48,369,"165,491"
48,375,"376,284"
48,381,"354,513"
48,393,"523,029"
48,421,"246,606"
48,437,"190,186"
48,33,"404,690"
48,75,"329,843"
48,87,"243,140"
48,101,"476,107"
48,125,"448,184"
48,129,"535,674"
48,155,"360,182"
48,169,"345,861"
48,191,"265,206"
48,197,"184,883"
48,263,"530,404"
48,269,"405,728"
48,345,"504,971"
48,483,"401,111"
48,485,"224,126"
48,487,"407,226"
48,15,"243,474"
48,21,"280,441"
48,25,"415,591"
48,29,"244,876"
48,51,"249,919"
48,55,"210,167"
48,89,"437,790"
48,91,"187,992"
48,123,"424,096"
48,149,"410,277"
48,175,"325,727"
48,177,"538,265"
48,187,"253,468"
48,209,"234,379"
48,255,"354,843"
48,285,"417,743"
48,287,"275,181"
48,325,"624,839"
48,453,"163,526"
48,477,"237,687"
48,493,"342,092"
48,13,"591,521"
48,47,"444,010"
48,127,"458,283"
48,131,"750,544"
48,163,"547,146"
48,247,"678,520"
48,249,"254,274"
48,261,"866,545"
48,283,"492,087"
48,297,"383,146"
48,323,"376,243"
48,311,"392,129"
48,479,"1,798,049"
48,505,"409,549"
48,507,"652,092"
48,3,"807,295"
48,17,"179,943"
48,79,"112,505"
48,107,"268,876"
48,115,"113,203"
48,165,"178,191"
48,173,"327,520"
48,219,"138,311"
48,227,"366,151"
48,279,"101,149"
48,303,"83,030"
48,305,"42,883"
48,317,"142,666"
48,329,"242,980"
48,445,"56,499"
48,501,"199,749"
48,23,"439,449"
48,83,"538,299"
48,151,"239,973"
48,207,"297,466"
48,253,"253,121"
48,275,"341,054"
48,335,"433,584"
48,353,"336,467"
48,399,"440,754"
48,415,"345,041"
48,433,"365,127"
48,441,"335,340"
48,43,"1,993,697"
48,103,"243,832"
48,109,"1,482,434"
48,135,"549,016"
48,141,"100,953"
48,229,"2,217,978"
48,243,"1,375,454"
48,301,"467,485"
48,371,"2,804,162"
48,377,"1,824,186"
48,389,"1,008,717"
48,443,"822,060"
48,475,"396,981"
48,495,"479,950"
48,39,"328,089"
48,57,"141,125"
48,71,"144,473"
48,157,"156,451"
48,167,"57,503"
48,201,"169,664"
48,239,"212,241"
48,245,"272,329"
48,291,"153,302"
48,321,"375,340"
48,361,"44,258"
48,469,"338,567"
48,481,"211,511"
49,23,"211,533"
49,27,"313,230"
49,39,"203,493"
49,41,"60,239"
49,49,"184,466"
49,7,"212,476"
49,9, (D)
49,13,"970,096"
49,15,"90,952"
49,19, (D)
49,37,"1,499,068"
49,43,"262,299"
49,47,"1,687,966"
49,51,"75,019"
49,3,"909,363"
49,5,"115,147"
49,11,"39,648"
49,29,"220,307"
49,33,"302,547"
49,35,"43,798"
49,45,"322,860"
49,57,"58,892"
49,1,"101,494"
49,17,"64,661"
49,21,"417,691"
49,25,"120,506"
49,31,"35,193"
49,53,"120,826"
49,55,"25,716"
50,1,"18,931"
50,3,"3,696"
50,5,"11,656"
50,7,"9,787"
50,9,"3,345"
50,11,"24,154"
50,13,"3,231"
50,15,"5,325"
50,17,"15,502"
50,19,"14,918"
50,21,"17,044"
50,23,"10,362"
50,25,"5,508"
50,27,"14,845"
51,3,"57,132"
51,7,"16,020"
51,9,"33,003"
51,11,"30,460"
51,19,"97,266"
51,29,"28,982"
51,31,"50,275"
51,33,"7,244"
51,41,"1,726"
51,49,"15,632"
51,65,"9,239"
51,75,"15,099"
51,79,"11,673"
51,85,"11,596"
51,87,831
51,109,"19,587"
51,125,"23,223"
51,137,"31,481"
51,145,"9,218"
51,147,"17,857"
51,177,"12,602"
51,1,"1,364"
51,36,"1,564"
51,57,"1,287"
51,73,"1,428"
51,95,493
51,97,"1,827"
51,99,"4,175"
51,101,"1,799"
51,103,487
51,115,259
51,119,"1,093"
51,127,"1,442"
51,131, (D)
51,133,"3,462"
51,159,591
51,193,"2,351"
51,199, (D)
51,43,"32,087"
51,47,"39,083"
51,59,"2,011"
51,61,"82,545"
51,69,"35,594"
51,107,"41,317"
51,113,"40,283"
51,139,"30,803"
51,153,"5,417"
51,157,"24,008"
51,165,"76,107"
51,171,"47,164"
51,179,"2,549"
51,187,"16,236"
51,25,"10,587"
51,550,"1,441"
51,53,"14,561"
51,81,"1,313"
51,93,"4,917"
51,117,"34,702"
51,149,"2,255"
51,175,"3,769"
51,800,"3,675"
51,181,"2,614"
51,183,"1,336"
51,810,"1,419"
51,37,"29,658"
51,67,"48,701"
51,83,"48,850"
51,89,"17,443"
51,111,"19,112"
51,135,"13,617"
51,141,"20,809"
51,143,"79,482"
51,21,"32,470"
51,27,"5,000"
51,35,"60,566"
51,51,"5,186"
51,63,"54,776"
51,71,"32,302"
51,77,"60,844"
51,105,"46,724"
51,121,"47,141"
51,155,"44,394"
51,167,"104,454"
51,169,"56,304"
51,173,"73,857"
51,185,"82,451"
51,191,"96,414"
51,195,"13,406"
51,197,"77,942"
51,5,"7,639"
51,15,"137,270"
51,17,"19,584"
51,23,"36,412"
51,45,"17,740"
51,91,"49,525"
51,161,"7,706"
51,163,"66,750"
53,5,"85,452"
53,7,"7,328"
53,37,"100,943"
53,39,"319,272"
53,47,"895,182"
53,77,"1,413,011"
53,1,"209,471"
53,17,"248,799"
53,21,"151,660"
53,25,"207,800"
53,43,"342,550"
53,19,"536,890"
53,51,"16,842"
53,63,"123,451"
53,65,"251,228"
53,3,"166,276"
53,13,"84,054"
53,23,"95,143"
53,71,"100,965"
53,75,"238,397"
53,9,"5,856"
53,11,"48,858"
53,15,"8,147"
53,27,"8,375"
53,29,"3,969"
53,31,"3,666"
53,33,"15,565"
53,35,"3,706"
53,41,"44,578"
53,45,"3,171"
53,49,"9,172"
53,53,"21,293"
53,55,"7,832"
53,57,"19,615"
53,59,"1,769"
53,61,"17,350"
53,67,"22,052"
53,69,"4,176"
53,73,"16,293"
54,3,"17,818"
54,23,"51,716"
54,25,"98,601"
54,27,"41,784"
54,31,"65,789"
54,37,"15,673"
54,57,"40,472"
54,63,"66,834"
54,65,"3,456"
54,71,"89,574"
54,75,"50,195"
54,83,"39,409"
54,89,"18,819"
54,93,"11,666"
54,1,"41,716"
54,9,"4,137"
54,17,"21,723"
54,29,"1,364"
54,33,"48,070"
54,41,"50,207"
54,49,"19,526"
54,51,"27,152"
54,61,"27,040"
54,69,"7,010"
54,73,"10,030"
54,77,"48,453"
54,85,"40,984"
54,91,"19,557"
54,95,"22,064"
54,97,"25,715"
54,103,"9,758"
54,107,"32,491"
54,5,924
54,7,"35,682"
54,11,"16,448"
54,13,"22,143"
54,15,"8,011"
54,19,"8,112"
54,21,"28,843"
54,35,"54,776"
54,39,"7,946"
54,43,"11,517"
54,45,135
54,53,"49,822"
54,47,30
54,55,"20,573"
54,59,"2,353"
54,67,"11,901"
54,79,"18,667"
54,81,"16,722"
54,87,"49,717"
54,99,"16,183"
54,101,"2,592"
54,105,"19,848"
54,109,332
55,1,"7,887"
55,47,"5,647"
55,57,"17,136"
55,77,"6,852"
55,97,"20,354"
55,135,"14,518"
55,137,"6,065"
55,141,"20,602"
55,9,"11,388"
55,15,"4,200"
55,29,"6,602"
55,39,"11,080"
55,61,"6,356"
55,71,"12,547"
55,87,"6,918"
55,117,"10,249"
55,139,"6,757"
55,3,"12,706"
55,19,"51,782"
55,51,"1,825"
55,69,"10,801"
55,73,"53,447"
55,85,"4,024"
55,99,"14,182"
55,119,"36,113"
55,125,377
55,37,"4,831"
55,41,"6,484"
55,67,"11,485"
55,75,"9,924"
55,78, (D)
55,83,"16,666"
55,115,"11,851"
55,5,"34,233"
55,7,"15,730"
55,13,"15,309"
55,17,"48,088"
55,31,"23,214"
55,95,"36,464"
55,107,"25,178"
55,113,"7,112"
55,129,"14,885"
55,21,"17,720"
55,25,"31,750"
55,27,"14,327"
55,45,"22,701"
55,55,"8,688"
55,105,"13,498"
55,59,"3,700"
55,79, (D)
55,89,"2,833"
55,101,"3,669"
55,127,"8,429"
55,131,"5,109"
55,133,"5,935"
55,23,"59,402"
55,43,"152,174"
55,49,"80,585"
55,65,"52,244"
55,103,"51,143"
55,111,"37,845"
55,123,"76,488"
55,11,"37,673"
55,33,"29,705"
55,35,"19,158"
55,53,"22,976"
55,63,"18,496"
55,81,"60,040"
55,91,"9,941"
55,93,"24,012"
55,109,"27,309"
55,121,"39,764"
56,5,"2,739,841"
56,11,"1,294,425"
56,19,"1,933,308"
56,33,"1,117,763"
56,45,"1,185,832"
56,3,"201,740"
56,13,"1,019,936"
56,17,"512,686"
56,29,"793,540"
56,43,"266,283"
56,1,"1,296,045"
56,7,"2,696,138"
56,25,"1,887,954"
56,37,"1,334,073"
56,9,"2,477,283"
56,15,"1,014,386"
56,21,"1,257,573"
56,27,"1,221,116"
56,31,"913,827"
56,23,"271,021"
56,35,"419,748"
56,39,"44,929"
56,41,"591,980"
