State ANSI,County ANSI,"AG LAND, CROPLAND - ACRES"
1,1,"36,890"
1,11,"19,969"
1,47,"76,697"
1,51,"34,857"
1,63,"20,423"
1,65,"20,732"
1,85,"46,465"
1,87,"40,813"
1,91,"28,043"
1,101,"56,953"
1,105,"41,229"
1,119,"31,110"
1,3,"110,438"
1,13,"17,717"
1,23,"6,618"
1,25,"11,181"
1,35,"26,654"
1,53,"55,335"
1,97,"37,655"
1,99,"42,062"
1,129,"22,306"
1,131,"26,871"
1,9,"43,793"
1,15,"28,470"
1,19,"72,801"
1,29,"8,949"
1,43,"60,878"
1,49,"91,495"
1,55,"24,753"
1,71,"95,474"
1,95,"44,894"
1,115,"14,424"
1,33,"85,790"
1,59,"32,410"
1,77,"108,970"
1,79,"120,799"
1,83,"151,108"
1,89,"131,529"
1,93,"20,310"
1,103,"45,885"
1,133,"11,895"
1,7,"15,823"
1,17,"12,486"
1,21,"21,995"
1,27,"12,210"
1,37,"5,157"
1,57,"20,950"
1,73,"6,991"
1,75,"12,006"
1,81,"8,981"
1,107,"27,117"
1,111,"19,723"
1,117,"26,226"
1,121,"29,984"
1,123,"8,540"
1,125,"23,491"
1,127,"15,954"
1,5,"37,304"
1,31,"64,258"
1,39,"54,263"
1,41,"23,616"
1,45,"52,506"
1,61,"81,700"
1,67,"74,181"
1,69,"85,934"
1,109,"40,591"
1,113,"31,151"
2,122,"3,796"
2,20,"15,585"
2,110,51
2,13,"1,074"
2,90,"63,226"
4,1,"30,354"
4,5,"6,914"
4,7,"2,312"
4,15,"30,724"
4,17,"66,007"
4,25,"8,037"
4,3,"152,855"
4,9,"52,368"
4,11,"4,954"
4,12,"102,644"
4,13,"257,187"
4,19,"40,729"
4,21,"294,103"
4,23,"3,182"
4,27,"234,278"
5,29,"79,868"
5,45,"69,964"
5,51,"8,214"
5,53,"7,563"
5,59,"20,390"
5,105,"31,676"
5,119,"44,595"
5,125,"12,805"
5,1,"358,999"
5,35,"292,544"
5,37,"251,765"
5,77,"246,706"
5,85,"284,946"
5,95,"188,960"
5,107,"355,288"
5,117,"213,099"
5,123,"231,511"
5,147,"227,979"
5,5,"13,279"
5,23,"29,223"
5,49,"27,524"
5,65,"31,737"
5,89,"23,208"
5,129,"30,075"
5,135,"30,101"
5,137,"31,226"
5,141,"21,616"
5,21,"258,170"
5,31,"293,501"
5,55,"214,664"
5,63,"83,433"
5,67,"243,413"
5,75,"204,129"
5,93,"469,286"
5,111,"298,820"
5,121,"104,279"
5,145,"153,217"
5,7,"72,902"
5,9,"42,283"
5,15,"54,566"
5,87,"60,717"
5,101,"14,597"
5,143,"85,129"
5,11,"6,188"
5,13,"3,078"
5,19,"29,620"
5,25,"6,685"
5,27,"12,110"
5,39,"4,165"
5,99,"21,507"
5,103,"5,437"
5,139,"8,178"
5,3,"103,931"
5,17,"273,282"
5,41,"279,098"
5,43,"77,019"
5,69,"253,355"
5,79,"161,489"
5,57,"51,514"
5,61,"34,498"
5,73,"67,718"
5,81,"58,160"
5,91,"58,178"
5,97,"22,436"
5,109,"23,054"
5,133,"30,023"
5,33,"52,158"
5,47,"56,457"
5,71,"38,837"
5,83,"63,009"
5,113,"37,600"
5,115,"56,802"
5,127,"25,942"
5,131,"29,063"
5,149,"57,389"
6,1,"17,276"
6,13,"41,481"
6,33,"20,079"
6,41,"13,744"
6,53,"366,709"
6,55,"67,701"
6,69,"35,577"
6,75, (D)
6,79,"246,361"
6,81,"6,891"
6,85,"34,273"
6,87,"23,470"
6,97,"129,883"
6,35,"56,281"
6,49,"159,907"
6,63,"29,207"
6,15,"7,878"
6,23,"20,618"
6,45,"64,296"
6,7,"214,211"
6,11,"277,474"
6,21,"265,050"
6,67,"118,773"
6,95,"152,139"
6,101,"257,339"
6,103,"77,153"
6,113,"312,775"
6,115,"79,314"
6,19,"1,142,664"
6,29,"954,059"
6,31,"488,461"
6,39,"346,133"
6,47,"546,460"
6,77,"524,356"
6,99,"404,702"
6,107,"721,368"
6,3, (D)
6,5,"14,646"
6,9,"14,848"
6,17,"8,420"
6,27,"13,579"
6,43,"5,824"
6,51,"7,913"
6,57,"4,816"
6,61,"28,496"
6,91,"3,697"
6,109,"1,519"
6,89,"38,941"
6,93,"142,837"
6,105,"1,737"
6,25,"504,037"
6,37,"29,624"
6,59,"9,564"
6,65,"179,739"
6,71,"29,305"
6,73,"64,080"
6,83,"146,259"
6,111,"123,361"
8,1,"586,828"
8,5,"136,849"
8,17,"599,063"
8,31,43
8,35,"26,536"
8,41,"51,531"
8,39,"189,920"
8,61,"676,329"
8,63,"890,703"
8,73,"588,312"
8,95,"384,426"
8,121,"836,159"
8,125,"628,161"
8,13,"38,128"
8,14,"7,695"
8,59,"5,446"
8,69,"98,639"
8,75,"562,650"
8,87,"340,373"
8,115,"228,063"
8,123,"922,979"
8,15,"17,150"
8,19,924
8,37,"15,360"
8,47,484
8,49,"36,525"
8,51,"49,344"
8,57,"67,437"
8,65,530
8,81,"123,447"
8,93,"11,163"
8,97,"5,902"
8,103,"43,663"
8,107,"80,958"
8,117,"6,768"
8,119,"5,573"
8,3,"81,082"
8,21,"131,453"
8,23,"50,567"
8,79,742
8,105,"109,145"
8,109,"132,699"
8,9,"742,370"
8,11,"93,280"
8,25,"30,995"
8,27,"28,989"
8,43,"15,097"
8,55,"19,449"
8,71,"75,578"
8,89,"78,064"
8,99,"525,180"
8,101,"72,025"
8,7,"12,532"
8,29,"69,393"
8,33,"69,871"
8,45,"77,405"
8,53,"1,067"
8,67,"89,669"
8,77,"79,815"
8,83,"117,243"
8,85,"65,605"
8,91,"8,624"
8,113,"14,259"
9,1,"4,562"
9,3,"26,209"
9,5,"37,395"
9,7,"6,474"
9,9,"11,448"
9,11,"23,921"
9,13,"16,231"
9,15,"22,369"
10,1,"155,657"
10,3,"53,732"
10,5,"242,822"
12,1,"55,874"
12,7,"12,883"
12,17,"9,558"
12,19,"4,669"
12,35,"5,796"
12,41,"42,045"
12,53,"8,193"
12,57,"76,318"
12,69,"43,456"
12,75,"79,050"
12,83,"79,343"
12,95,"15,660"
12,97,"40,202"
12,101,"25,873"
12,103,684
12,105,"131,034"
12,107,"13,525"
12,117,"7,057"
12,109,"17,460"
12,119,"21,260"
12,125,"10,268"
12,127,"25,088"
12,3,"3,600"
12,23,"33,561"
12,29,"16,254"
12,31,"5,925"
12,47,"33,599"
12,67,"32,441"
12,79,"47,450"
12,89,"4,624"
12,121,"78,454"
12,123,"4,511"
12,5,"4,583"
12,13,"25,439"
12,33,"33,121"
12,37,63
12,39,"19,417"
12,45,"1,569"
12,59,"36,298"
12,63,"152,326"
12,65,"35,584"
12,73,"7,582"
12,77,"1,414"
12,91,"13,694"
12,113,"52,828"
12,129,"1,959"
12,131,"23,103"
12,133,"16,010"
12,9,"20,987"
12,11,"1,634"
12,15,"18,547"
12,21,"82,705"
12,27,"73,476"
12,43,"43,938"
12,49,"68,273"
12,51,"203,451"
12,55,"87,556"
12,61,"55,459"
12,71,"22,181"
12,81,"71,172"
12,85,"49,573"
12,86,"55,206"
12,87,92
12,93,"42,198"
12,99,"438,911"
12,115,"11,042"
12,111,"68,697"
13,9,"7,951"
13,21,"4,073"
13,23,"23,187"
13,35,"6,406"
13,79,"10,739"
13,91,"36,331"
13,133,"9,002"
13,141,"5,720"
13,153,"18,278"
13,159,"7,983"
13,167,"25,041"
13,169,"7,132"
13,175,"42,701"
13,207,"5,587"
13,209,"22,490"
13,211,"25,986"
13,217,"8,549"
13,225,"33,818"
13,235,"28,818"
13,237,"14,721"
13,247,978
13,265,"2,157"
13,283,"11,506"
13,289,"14,002"
13,303,"35,138"
13,309,"7,293"
13,319,"11,044"
13,31,"126,113"
13,33,"123,258"
13,43,"24,505"
13,73,"3,378"
13,103,"28,416"
13,107,"45,685"
13,125,"6,066"
13,163,"69,677"
13,165,"33,403"
13,189,"10,955"
13,245,"4,145"
13,251,"80,867"
13,301,"11,325"
13,13,"6,122"
13,57,"6,567"
13,59,"1,557"
13,67,444
13,85,"3,898"
13,89,35
13,111,"3,967"
13,117,"5,292"
13,121,"2,171"
13,123,"6,890"
13,135,"3,005"
13,139,"13,751"
13,157,"19,808"
13,187,"6,908"
13,219,"7,913"
13,227,"4,047"
13,281,"2,037"
13,291,"7,332"
13,297,"13,445"
13,311,"6,215"
13,11,"12,063"
13,105,"19,190"
13,119,"21,007"
13,137,"9,748"
13,147,"26,126"
13,181,"3,311"
13,195,"23,012"
13,221,"17,913"
13,241,"3,101"
13,257,"4,780"
13,317,"18,851"
13,15,"16,941"
13,47,"7,493"
13,55,"15,857"
13,83,"4,772"
13,115,"21,712"
13,129,"29,771"
13,213,"11,879"
13,223,"4,066"
13,233,"28,651"
13,295,"26,126"
13,313,"9,093"
13,3,"40,785"
13,17,"22,431"
13,19,"61,152"
13,27,"91,645"
13,65,"8,927"
13,69,"103,480"
13,71,"120,809"
13,75,"48,891"
13,81,"66,925"
13,93,"121,172"
13,101,"9,160"
13,155,"73,332"
13,161,"46,327"
13,173,"25,387"
13,185,"24,409"
13,271,"17,520"
13,277,"76,987"
13,287,"58,168"
13,315,"54,132"
13,321,"129,899"
13,1,"85,107"
13,5,"38,596"
13,25,"5,735"
13,29,"3,541"
13,39,"2,114"
13,49,"2,297"
13,51,"1,707"
13,109,"14,389"
13,127,203
13,179,997
13,183,"3,025"
13,191,"1,038"
13,229,"47,611"
13,267,"52,461"
13,279,"39,400"
13,299,"22,592"
13,305,"20,289"
13,7,"53,208"
13,37,"66,325"
13,61,"23,015"
13,87,"133,418"
13,95,"24,049"
13,99,"79,977"
13,131,"69,647"
13,177,"60,112"
13,201,"54,579"
13,205,"121,814"
13,239,"4,196"
13,243,"66,272"
13,253,"79,458"
13,259,"7,635"
13,261,"96,717"
13,273,"88,184"
13,275,"85,294"
13,307,"33,284"
13,45,"18,238"
13,53,59
13,63,165
13,77,"12,525"
13,97,"1,918"
13,113,"3,483"
13,143,"7,735"
13,145,"12,213"
13,149,"7,635"
13,151,"3,385"
13,171,"10,155"
13,193,"59,515"
13,197,"14,414"
13,199,"13,851"
13,215,"2,915"
13,231,"8,568"
13,249,"8,489"
13,255,"4,812"
13,263,"4,830"
13,269,"20,198"
13,285,"6,420"
13,293,"9,496"
15,1,"82,295"
15,7,"29,262"
15,9,"56,551"
15,3,"23,067"
16,5,"181,486"
16,7,"108,279"
16,11,"397,718"
16,19,"260,589"
16,23,"78,610"
16,29,"217,111"
16,33,"40,726"
16,37,"49,688"
16,41,"132,085"
16,43,"171,002"
16,51,"228,278"
16,59,"46,419"
16,65,"159,995"
16,71,"151,329"
16,77,"381,427"
16,81,"84,385"
16,9,"82,097"
16,17,"32,849"
16,21,"44,491"
16,35,"24,789"
16,49,"180,642"
16,55,"62,242"
16,57,"254,711"
16,61,"151,108"
16,69,"233,792"
16,79,633
16,13,"52,106"
16,25,"98,550"
16,31,"385,007"
16,47,"125,264"
16,53,"134,555"
16,63,"84,910"
16,67,"242,569"
16,83,"257,344"
16,1,"62,860"
16,3,"16,912"
16,15,"1,740"
16,27,"219,414"
16,39,"148,873"
16,45,"28,323"
16,73,"137,780"
16,75,"57,361"
16,85,"4,276"
16,87,"80,351"
17,39,"177,076"
17,107,"338,070"
17,115,"267,950"
17,123,"180,681"
17,125,"289,261"
17,113,"599,923"
17,129,"139,020"
17,143,"216,260"
17,175,"169,228"
17,179,"282,185"
17,203,"258,978"
17,19,"566,389"
17,53,"262,743"
17,75,"655,873"
17,91,"300,446"
17,105,"581,336"
17,147,"251,190"
17,183,"443,698"
17,23,"227,699"
17,25,"258,700"
17,29,"219,856"
17,33,"193,454"
17,35,"145,698"
17,41,"236,634"
17,45,"299,471"
17,49,"260,693"
17,51,"297,846"
17,79,"218,747"
17,101,"205,546"
17,121,"203,675"
17,139,"194,929"
17,159,"158,227"
17,173,"325,665"
17,7,"106,043"
17,31,"10,763"
17,37,"362,602"
17,43,"1,643"
17,63,"224,916"
17,89,"161,894"
17,93,"133,626"
17,99,"545,372"
17,97,"23,883"
17,111,"189,679"
17,197,"208,158"
17,11,"408,184"
17,15,"210,029"
17,73,"440,794"
17,85,"202,143"
17,103,"374,374"
17,131,"247,317"
17,141,"326,755"
17,155,"43,680"
17,161,"132,355"
17,177,"277,856"
17,195,"340,355"
17,201,"161,005"
17,47,"98,585"
17,55,"148,811"
17,59,"161,336"
17,65,"174,396"
17,69,"21,201"
17,81,"222,563"
17,127,"95,531"
17,151,"30,878"
17,165,"122,313"
17,185,"105,575"
17,191,"319,637"
17,193,"256,757"
17,3,"43,073"
17,27,"214,880"
17,77,"176,757"
17,87,"55,766"
17,133,"151,019"
17,145,"153,514"
17,153,"83,055"
17,157,"216,508"
17,163,"218,849"
17,181,"110,655"
17,189,"325,708"
17,199,"73,251"
17,1,"382,809"
17,9,"88,173"
17,57,"305,497"
17,67,"378,185"
17,71,"165,133"
17,95,"355,450"
17,109,"272,539"
17,169,"153,839"
17,187,"301,432"
17,5,"149,841"
17,13,"68,694"
17,17,"169,820"
17,21,"382,573"
17,61,"257,831"
17,83,"152,145"
17,117,"355,347"
17,119,"287,787"
17,135,"398,142"
17,137,"265,152"
17,149,"342,907"
17,167,"496,785"
17,171,"131,814"
18,5,"142,214"
18,11,"219,906"
18,23,"238,786"
18,31,"179,208"
18,53,"181,399"
18,57,"117,445"
18,59,"161,238"
18,63,"141,477"
18,67,"138,046"
18,81,"121,977"
18,95,"197,962"
18,97,"15,479"
18,109,"111,382"
18,139,"195,497"
18,145,"207,442"
18,159,"155,938"
18,9,"86,315"
18,35,"157,627"
18,41,"72,207"
18,65,"151,901"
18,75,"190,321"
18,135,"224,483"
18,161,"70,965"
18,177,"131,488"
18,15,"213,426"
18,17,"182,729"
18,39,"146,466"
18,49,"197,481"
18,85,"229,746"
18,99,"177,259"
18,103,"175,101"
18,141,"133,830"
18,169,"190,281"
18,1,"194,386"
18,3,"249,509"
18,33,"140,136"
18,69,"181,427"
18,87,"144,137"
18,113,"172,337"
18,151,"101,665"
18,179,"215,386"
18,183,"154,095"
18,7,"246,360"
18,73,"251,565"
18,91,"229,986"
18,89,"106,022"
18,111,"161,348"
18,127,"114,702"
18,131,"217,733"
18,149,"130,583"
18,181,"266,451"
18,13,"5,737"
18,25,"18,660"
18,43,"13,838"
18,61,"100,679"
18,71,"155,928"
18,93,"82,331"
18,105,"22,246"
18,117,"72,223"
18,123,"42,161"
18,175,"147,048"
18,19,"68,601"
18,29,"29,826"
18,47,"92,172"
18,77,"66,906"
18,79,"91,142"
18,115,"11,079"
18,137,"132,104"
18,143,"45,693"
18,155,"27,797"
18,27,"193,193"
18,37,"133,395"
18,51,"203,091"
18,55,"124,174"
18,83,"289,932"
18,101,"35,275"
18,125,"63,345"
18,129,"175,222"
18,147,"133,517"
18,153,"139,558"
18,163,"60,995"
18,173,"86,405"
18,21,"139,110"
18,45,"187,354"
18,107,"260,005"
18,119,"73,571"
18,121,"139,945"
18,133,"140,435"
18,157,"196,970"
18,165,"104,367"
18,167,"100,878"
18,171,"167,915"
19,15,"288,726"
19,49,"257,558"
19,75,"296,252"
19,79,"296,211"
19,83,"310,618"
19,99,"319,993"
19,127,"289,604"
19,153,"173,854"
19,157,"293,662"
19,169,"284,215"
19,171,"362,156"
19,187,"387,112"
19,11,"384,167"
19,31,"307,849"
19,45,"358,889"
19,95,"283,425"
19,97,"228,436"
19,103,"264,857"
19,105,"285,948"
19,113,"284,575"
19,139,"187,423"
19,163,"201,724"
19,23,"333,476"
19,33,"305,223"
19,67,"286,289"
19,69,"330,040"
19,81,"334,932"
19,91,"230,807"
19,109,"573,419"
19,131,"271,963"
19,189,"234,470"
19,195,"223,105"
19,197,"340,562"
19,5,"188,834"
19,13,"275,599"
19,17,"240,844"
19,19,"309,532"
19,37,"269,201"
19,43,"305,462"
19,55,"321,560"
19,61,"258,498"
19,65,"337,560"
19,89,"273,650"
19,191,"322,614"
19,21,"334,859"
19,35,"299,429"
19,41,"306,817"
19,59,"176,488"
19,63,"211,870"
19,119,"318,213"
19,141,"294,015"
19,143,"224,969"
19,147,"329,418"
19,149,"452,619"
19,151,"319,496"
19,167,"453,455"
19,7,"108,260"
19,39,"112,241"
19,53,"142,639"
19,117,"106,942"
19,121,"179,266"
19,125,"195,722"
19,135,"113,909"
19,159,"208,921"
19,175,"176,619"
19,181,"181,717"
19,185,"201,810"
19,51,"121,756"
19,57,"143,857"
19,87,"213,754"
19,101,"170,391"
19,107,"262,909"
19,111,"166,439"
19,115,"165,329"
19,123,"262,888"
19,177,"139,752"
19,179,"152,967"
19,183,"263,705"
19,1,"261,525"
19,3,"174,101"
19,29,"241,915"
19,71,"247,195"
19,129,"188,905"
19,137,"213,191"
19,145,"272,595"
19,155,"465,156"
19,173,"225,275"
19,9,"253,353"
19,25,"334,002"
19,27,"319,539"
19,47,"391,027"
19,73,"322,982"
19,77,"268,434"
19,85,"336,227"
19,93,"239,250"
19,133,"293,163"
19,161,"330,692"
19,165,"343,507"
19,193,"395,591"
20,9,"425,271"
20,41,"364,449"
20,51,"270,447"
20,53,"200,028"
20,105,"199,561"
20,115,"334,705"
20,113,"415,521"
20,159,"366,052"
20,165,"323,167"
20,167,"263,324"
20,169,"223,309"
20,3,"242,149"
20,17,"65,273"
20,31,"218,978"
20,45,"159,261"
20,59,"222,549"
20,61,"65,137"
20,91,"56,386"
20,107,"156,904"
20,111,"267,510"
20,121,"181,564"
20,127,"170,721"
20,139,"252,612"
20,177,"126,486"
20,197,"114,241"
20,27,"259,735"
20,29,"203,186"
20,89,"293,527"
20,123,"297,836"
20,141,"228,625"
20,143,"242,208"
20,147,"254,143"
20,157,"269,090"
20,163,"320,219"
20,183,"363,167"
20,201,"336,673"
20,5,"174,297"
20,13,"258,601"
20,43,"144,927"
20,85,"168,631"
20,87,"153,276"
20,103,"112,032"
20,117,"361,473"
20,131,"286,088"
20,149,"158,694"
20,161,"106,110"
20,209,"8,817"
20,23,"340,729"
20,39,"254,299"
20,65,"278,664"
20,137,"284,007"
20,153,"355,965"
20,179,"358,454"
20,181,"491,609"
20,193,"569,530"
20,7,"236,520"
20,33,"152,257"
20,47,"275,129"
20,77,"337,055"
20,79,"297,922"
20,95,"316,502"
20,97,"256,307"
20,145,"397,884"
20,151,"366,455"
20,155,"590,749"
20,173,"408,872"
20,185,"392,975"
20,191,"630,322"
20,1,"133,036"
20,11,"132,043"
20,15,"323,535"
20,19,"41,580"
20,21,"234,945"
20,35,"232,858"
20,37,"208,447"
20,49,"56,854"
20,73,"112,385"
20,99,"220,245"
20,125,"202,893"
20,133,"169,925"
20,205,"180,178"
20,207,"135,418"
20,25,"156,196"
20,55,"679,472"
20,57,"529,171"
20,67,"304,628"
20,69,"439,359"
20,75,"435,412"
20,81,"320,883"
20,83,"319,917"
20,93,"415,995"
20,119,"331,600"
20,129,"330,988"
20,175,"263,690"
20,187,"396,108"
20,189,"369,963"
20,63,"362,338"
20,71,"437,185"
20,101,"311,408"
20,109,"340,074"
20,135,"404,621"
20,171,"365,676"
20,195,"276,338"
20,199,"303,121"
20,203,"367,854"
21,5,"29,055"
21,11,"46,737"
21,17,"74,887"
21,21,"36,759"
21,49,"66,359"
21,67,"33,687"
21,69,"77,301"
21,73,"29,350"
21,79,"56,763"
21,97,"71,208"
21,113,"32,354"
21,137,"68,970"
21,151,"74,790"
21,161,"68,700"
21,167,"59,668"
21,173,"41,024"
21,181,"39,376"
21,201,"14,510"
21,209,"56,109"
21,211,"124,417"
21,215,"34,840"
21,229,"67,509"
21,239,"41,963"
21,1,"76,836"
21,3,"74,231"
21,9,"141,417"
21,27,"126,792"
21,29,"19,329"
21,31,"75,630"
21,45,"65,377"
21,53,"23,805"
21,57,"22,566"
21,61,"38,095"
21,85,"95,299"
21,87,"76,140"
21,93,"109,575"
21,99,"73,759"
21,111,"7,572"
21,123,"67,671"
21,155,"85,208"
21,163,"80,352"
21,169,"58,573"
21,171,"61,118"
21,179,"114,006"
21,207,"42,215"
21,217,"61,098"
21,227,"156,648"
21,13,"3,409"
21,19,"3,528"
21,25,"3,590"
21,43,"23,391"
21,51,"8,283"
21,63,"15,122"
21,65,"14,247"
21,71,"2,053"
21,89,"18,966"
21,95,465
21,109,"26,110"
21,115,"3,802"
21,119,568
21,121,"11,986"
21,125,"35,086"
21,127,"7,943"
21,129,"8,531"
21,131,218
21,133,418
21,135,"41,746"
21,153,"7,072"
21,159,"2,308"
21,147,"3,782"
21,165,"8,188"
21,175,"23,194"
21,189,"10,276"
21,193,"5,587"
21,195,"3,353"
21,197,"9,577"
21,199,"100,251"
21,203,"27,756"
21,205,"13,145"
21,231,"34,528"
21,235,"20,172"
21,237,"10,172"
21,33,"86,529"
21,47,"245,761"
21,55,"79,223"
21,59,"190,812"
21,91,"21,398"
21,101,"156,797"
21,107,"91,022"
21,141,"195,196"
21,149,"108,090"
21,177,"69,285"
21,183,"86,351"
21,213,"88,257"
21,219,"127,476"
21,225,"172,754"
21,233,"122,953"
21,15,"36,559"
21,23,"32,444"
21,37,"15,878"
21,41,"17,857"
21,77,"14,213"
21,81,"35,465"
21,103,"65,247"
21,117,"15,921"
21,185,"21,330"
21,187,"61,679"
21,191,"38,222"
21,223,"30,365"
21,7,"75,295"
21,35,"102,529"
21,39,"73,119"
21,75,"86,622"
21,83,"194,771"
21,105,"103,868"
21,139,"61,645"
21,143,"17,625"
21,157,"52,889"
21,145,"50,591"
21,221,"75,939"
22,9,"201,126"
22,25,"145,703"
22,29,"206,498"
22,39,"113,543"
22,43,"16,961"
22,59,"4,499"
22,77,"132,747"
22,79,"131,761"
22,97,"195,211"
22,121,"29,838"
22,33,"13,428"
22,37,"24,671"
22,63,"5,824"
22,91,"12,210"
22,103,"7,742"
22,105,"29,589"
22,117,"30,797"
22,125,"24,715"
22,13,"10,023"
22,21,"21,841"
22,27,"12,938"
22,49,"3,176"
22,61,"14,845"
22,73,"48,988"
22,111,"19,458"
22,127,"5,075"
22,35,"193,359"
22,41,"178,360"
22,65,"190,876"
22,67,"196,091"
22,83,"135,508"
22,107,"165,992"
22,123,"111,101"
22,15,"34,046"
22,17,"84,727"
22,31,"28,282"
22,81,"26,765"
22,119,"11,721"
22,7,"86,503"
22,45,"88,195"
22,47,"76,832"
22,55,"29,857"
22,99,"63,726"
22,101,"72,158"
22,5,"26,281"
22,51,511
22,57,"58,597"
22,71,43
22,75,"8,004"
22,87,"2,825"
22,89,"2,899"
22,93,"45,016"
22,95,"18,002"
22,109,"35,769"
22,1,"207,897"
22,3,"46,358"
22,11,"39,078"
22,19,"77,529"
22,23,"50,879"
22,53,"167,734"
22,113,"217,006"
22,69,"81,120"
22,85,"14,856"
22,115,"8,133"
23,9,"15,180"
23,19,"41,147"
23,21,"8,728"
23,25,"35,840"
23,27,"21,545"
23,29,"31,204"
23,3,"174,043"
23,1,"24,563"
23,5,"15,275"
23,7,"11,095"
23,11,"36,537"
23,13,"9,893"
23,15,"6,497"
23,17,"17,451"
23,23,"5,223"
23,31,"18,287"
24,19,"96,971"
24,39,"37,979"
24,45,"65,589"
24,47,"71,572"
24,5,"50,468"
24,13,"109,398"
24,21,"140,698"
24,25,"51,743"
24,27,"17,846"
24,31,"48,711"
24,43,"82,229"
24,3,"14,551"
24,9,"12,655"
24,17,"25,990"
24,33,"17,716"
24,37,"36,993"
24,11,"108,968"
24,15,"54,575"
24,29,"109,188"
24,35,"135,821"
24,41,"81,105"
24,1,"13,245"
24,23,"42,660"
25,1,"1,642"
25,3,"19,054"
25,5,"13,005"
25,7,810
25,9,"10,958"
25,11,"24,556"
25,13,"12,035"
25,15,"20,237"
25,17,"12,984"
25,19,462
25,21,"3,053"
25,23,"18,221"
25,25,17
25,27,"34,462"
26,35,"30,407"
26,51,"36,517"
26,57,"272,446"
26,73,"174,203"
26,107,"81,522"
26,111,"69,899"
26,117,"191,937"
26,133,"67,390"
26,11,"72,958"
26,17,"197,074"
26,63,"458,761"
26,145,"300,464"
26,151,"400,979"
26,157,"298,460"
26,1,"24,086"
26,7,"42,206"
26,31,"22,124"
26,39,334
26,69,"22,913"
26,119,"16,313"
26,129,"47,739"
26,135,"6,516"
26,137,"17,534"
26,141,"41,011"
26,143,"2,949"
26,9,"34,179"
26,19,"8,706"
26,29,"14,110"
26,47,"20,548"
26,55,"36,096"
26,79,"16,318"
26,89,"29,946"
26,101,"19,323"
26,113,"88,669"
26,165,"26,164"
26,15,"119,174"
26,23,"204,344"
26,25,"174,553"
26,37,"200,898"
26,45,"177,091"
26,59,"212,346"
26,65,"152,247"
26,67,"200,122"
26,75,"125,804"
26,155,"187,115"
26,149,"212,343"
26,49,"104,329"
26,87,"128,679"
26,91,"345,221"
26,93,"67,218"
26,99,"66,628"
26,115,"194,088"
26,125,"17,417"
26,147,"160,322"
26,161,"150,403"
26,163,"7,800"
26,5,"196,870"
26,21,"123,529"
26,27,"163,681"
26,77,"111,842"
26,81,"124,769"
26,139,"145,207"
26,159,"118,101"
26,3,"9,937"
26,13,"9,511"
26,33,"53,245"
26,41,"29,049"
26,43,"8,748"
26,53,"1,825"
26,61,"13,353"
26,71,"10,638"
26,83,84
26,95,"4,037"
26,97,"13,204"
26,103,"11,318"
26,109,"47,190"
26,131,"12,519"
26,153,"5,892"
26,85,"11,844"
26,105,"62,996"
26,121,"45,758"
26,123,"96,749"
26,127,"93,641"
27,9,"155,769"
27,19,"136,071"
27,67,"402,756"
27,85,"248,863"
27,93,"262,081"
27,97,"232,790"
27,129,"598,247"
27,139,"97,972"
27,141,"78,462"
27,143,"326,640"
27,145,"515,928"
27,153,"210,494"
27,159,"75,336"
27,171,"203,685"
27,1,"54,095"
27,3,"29,420"
27,17,"41,339"
27,25,"82,706"
27,35,"41,839"
27,53,"36,623"
27,59,"96,253"
27,65,"66,162"
27,95,"86,918"
27,115,"81,694"
27,123,434
27,163,"57,763"
27,7,"79,842"
27,21,"57,910"
27,57,"53,391"
27,61,"36,637"
27,71,"28,160"
27,77,"67,779"
27,31,181
27,75,"1,407"
27,137,"67,103"
27,5,"255,999"
27,27,"538,136"
27,29,"76,106"
27,69,"408,591"
27,87,"186,284"
27,89,"824,103"
27,107,"498,943"
27,113,"249,201"
27,119,"938,528"
27,125,"189,347"
27,135,"463,108"
27,13,"355,453"
27,15,"330,839"
27,43,"388,946"
27,47,"374,911"
27,79,"224,188"
27,91,"434,319"
27,103,"249,513"
27,131,"192,613"
27,147,"233,482"
27,161,"231,047"
27,165,"241,120"
27,37,"205,444"
27,39,"231,948"
27,45,"287,633"
27,49,"325,761"
27,55,"125,785"
27,99,"420,938"
27,109,"239,087"
27,157,"175,836"
27,169,"180,797"
27,33,"345,460"
27,63,"335,524"
27,81,"269,765"
27,83,"366,313"
27,101,"362,578"
27,105,"392,313"
27,117,"210,561"
27,127,"494,893"
27,133,"266,434"
27,11,"246,358"
27,23,"320,528"
27,41,"205,324"
27,51,"302,999"
27,73,"375,245"
27,111,"576,163"
27,121,"280,326"
27,149,"308,002"
27,151,"316,378"
27,155,"350,906"
27,167,"414,596"
27,173,"355,334"
28,7,"22,115"
28,15,"71,934"
28,19,"10,532"
28,51,"118,623"
28,79,"27,244"
28,89,"50,149"
28,97,"20,863"
28,121,"37,326"
28,123,"30,710"
28,155,"29,633"
28,17,"92,417"
28,25,"30,613"
28,69,"15,532"
28,87,"64,621"
28,95,"90,396"
28,99,"25,942"
28,103,"98,109"
28,105,"21,001"
28,159,"17,432"
28,53,"134,082"
28,55,"87,151"
28,83,"243,786"
28,125,"140,796"
28,133,"325,937"
28,151,"349,210"
28,163,"167,543"
28,9,"25,579"
28,13,"73,774"
28,33,"74,183"
28,43,"21,169"
28,71,"28,953"
28,93,"72,435"
28,107,"113,202"
28,137,"67,536"
28,161,"26,453"
28,3,"39,407"
28,57,"25,661"
28,81,"72,894"
28,115,"65,120"
28,117,"41,468"
28,139,"39,035"
28,141,"19,519"
28,145,"45,351"
28,31,"17,031"
28,65,"12,618"
28,73,"10,958"
28,77,"17,532"
28,91,"18,808"
28,113,"15,719"
28,127,"21,795"
28,129,"23,962"
28,147,"30,127"
28,23,"9,472"
28,35,"10,709"
28,39,"24,461"
28,41,"8,974"
28,45,"7,251"
28,47,"4,105"
28,59,"8,431"
28,61,"15,110"
28,67,"22,656"
28,75,"18,077"
28,101,"25,130"
28,109,"17,789"
28,111,"10,620"
28,131,"10,378"
28,153,"27,849"
28,1,"21,757"
28,5,"19,314"
28,21,"18,760"
28,29,"22,498"
28,37,"6,873"
28,49,"54,075"
28,63,"11,437"
28,85,"14,873"
28,149,"40,391"
28,157,"11,684"
28,11,"374,606"
28,27,"237,455"
28,119,"150,360"
28,135,"234,453"
28,143,"177,086"
29,15,"77,410"
29,19,"128,476"
29,27,"166,621"
29,29,"25,931"
29,51,"70,467"
29,53,"167,345"
29,59,"57,917"
29,85,"50,893"
29,89,"133,284"
29,105,"75,010"
29,125,"64,298"
29,131,"68,121"
29,135,"104,649"
29,141,"85,431"
29,151,"101,496"
29,159,"240,028"
29,161,"29,437"
29,167,"103,448"
29,169,"24,240"
29,195,"355,844"
29,55,"37,660"
29,71,"120,059"
29,73,"75,437"
29,99,"34,561"
29,113,"156,995"
29,139,"144,729"
29,157,"124,608"
29,183,"124,188"
29,187,"37,602"
29,189,"13,642"
29,186,"77,082"
29,219,"81,751"
29,221,"20,432"
29,1,"141,865"
29,33,"333,151"
29,41,"273,919"
29,79,"160,152"
29,115,"206,744"
29,117,"215,060"
29,121,"236,861"
29,129,"99,511"
29,171,"132,591"
29,175,"123,692"
29,197,"80,762"
29,211,"159,731"
29,7,"334,624"
29,45,"193,841"
29,103,"161,661"
29,111,"152,958"
29,127,"182,528"
29,137,"226,760"
29,163,"207,835"
29,173,"181,391"
29,199,"181,480"
29,205,"204,812"
29,3,"158,586"
29,5,"275,095"
29,21,"146,293"
29,25,"168,146"
29,47,"64,391"
29,49,"150,161"
29,61,"192,784"
29,63,"133,512"
29,75,"151,954"
29,81,"259,278"
29,87,"188,278"
29,147,"325,374"
29,165,"126,910"
29,177,"179,454"
29,227,"72,806"
29,17,"77,926"
29,35,"9,131"
29,65,"27,292"
29,67,"46,623"
29,91,"54,749"
29,93,"12,944"
29,123,"22,343"
29,149,"27,331"
29,153,"30,419"
29,179,"13,224"
29,181,"41,053"
29,203,"29,099"
29,213,"18,763"
29,215,"82,131"
29,223,"33,167"
29,225,"76,980"
29,229,"67,540"
29,23,"206,991"
29,31,"208,542"
29,69,"277,935"
29,133,"243,071"
29,143,"410,493"
29,155,"286,670"
29,201,"203,368"
29,207,"437,876"
29,9,"96,865"
29,11,"221,538"
29,43,"43,919"
29,57,"113,513"
29,77,"78,313"
29,97,"141,162"
29,109,"124,118"
29,119,"44,812"
29,145,"91,255"
29,209,"20,917"
29,13,"281,704"
29,37,"201,744"
29,39,"62,178"
29,83,"213,405"
29,95,"73,339"
29,101,"227,465"
29,107,"265,309"
29,185,"115,957"
29,217,"272,229"
30,7,"112,503"
30,13,"419,999"
30,27,"623,933"
30,37,"108,004"
30,45,"278,940"
30,49,"78,688"
30,59,"85,231"
30,65,"145,144"
30,69,"84,845"
30,107,"138,771"
30,5,"599,000"
30,15,"1,309,653"
30,35,"493,782"
30,41,"1,222,312"
30,51,"698,794"
30,71,"508,821"
30,73,"551,139"
30,99,"460,072"
30,101,"734,547"
30,19,"533,740"
30,21,"368,144"
30,33,"294,179"
30,55,"591,961"
30,83,"479,538"
30,85,"757,316"
30,91,"786,144"
30,105,"779,166"
30,23,"11,772"
30,29,"92,483"
30,39,"28,910"
30,47,"93,368"
30,53,"12,546"
30,61,"5,441"
30,63,"21,550"
30,77,"57,950"
30,81,"52,117"
30,89,"43,265"
30,3,"223,799"
30,9,"134,972"
30,67,"110,716"
30,95,"175,693"
30,97,"57,171"
30,103,"55,761"
30,111,"298,985"
30,11,"247,524"
30,17,"118,537"
30,25,"191,780"
30,75,"145,709"
30,79,"129,818"
30,87,"169,766"
30,109,"98,328"
30,1,"162,767"
30,31,"208,482"
30,43,"57,864"
30,57,"151,196"
30,93,"3,664"
31,19,"324,488"
31,41,"481,876"
31,47,"303,662"
31,77,"156,471"
31,79,"272,034"
31,93,"177,984"
31,163,"158,959"
31,175,"172,629"
31,23,"319,085"
31,25,"306,383"
31,37,"240,401"
31,53,"312,456"
31,55,"81,581"
31,81,"286,661"
31,109,"362,935"
31,121,"201,497"
31,125,"158,833"
31,141,"336,411"
31,143,"224,983"
31,153,"92,986"
31,155,"436,188"
31,159,"310,452"
31,177,"215,935"
31,185,"327,256"
31,5,"31,693"
31,9,"28,818"
31,15,"135,575"
31,17,"108,102"
31,31,"383,698"
31,71,"66,383"
31,75,"50,552"
31,89,"607,954"
31,91,"6,797"
31,103,"95,619"
31,113,"41,865"
31,115,"24,049"
31,117,"22,733"
31,149,"121,374"
31,171,"7,406"
31,183,"87,779"
31,3,"364,429"
31,11,"319,202"
31,21,"275,222"
31,27,"393,200"
31,39,"330,140"
31,43,"151,099"
31,51,"221,799"
31,107,"323,551"
31,119,"312,084"
31,139,"275,201"
31,167,"203,713"
31,173,"206,766"
31,179,"253,645"
31,7,"191,224"
31,13,"346,638"
31,33,"528,751"
31,45,"174,531"
31,49,"226,814"
31,69,"166,330"
31,105,"410,680"
31,123,"242,450"
31,157,"218,126"
31,161,"301,456"
31,165,"97,637"
31,1,"300,549"
31,61,"187,011"
31,65,"291,461"
31,73,"150,248"
31,83,"220,639"
31,99,"244,933"
31,137,"277,090"
31,181,"206,158"
31,35,"259,454"
31,59,"305,326"
31,67,"449,429"
31,95,"283,739"
31,97,"137,665"
31,127,"229,970"
31,129,"248,692"
31,131,"331,038"
31,133,"183,745"
31,147,"272,419"
31,151,"305,041"
31,169,"251,004"
31,29,"322,955"
31,57,"210,461"
31,63,"203,805"
31,85,"195,667"
31,87,"228,336"
31,101,"226,675"
31,111,"421,610"
31,135,"432,062"
31,145,"248,186"
32,7,"215,013"
32,11,"59,784"
32,15,"46,670"
32,33,"37,189"
32,510,630
32,1,"47,403"
32,5,"21,983"
32,13,"158,260"
32,19,"65,109"
32,27,"56,790"
32,31,"22,240"
32,3,"4,017"
32,9,"14,447"
32,17,"20,634"
32,21,"2,168"
32,23,"22,362"
33,1,"5,233"
33,3,"4,435"
33,5,"10,708"
33,7,"15,354"
33,9,"16,323"
33,11,"11,660"
33,13,"17,503"
33,15,"10,285"
33,17,"5,560"
33,19,"10,935"
34,5,"49,736"
34,21,"15,790"
34,23,"11,246"
34,25,"23,801"
34,29,"4,395"
34,3,323
34,13,60
34,17, (D)
34,19,"65,601"
34,27,"6,659"
34,31,308
34,35,"19,869"
34,37,"25,671"
34,39, (D)
34,41,"46,772"
34,1,"17,756"
34,7,"5,017"
34,9,"3,847"
34,11,"49,614"
34,15,"35,602"
34,33,"80,905"
35,7,"19,216"
35,9,"428,364"
35,11,"10,065"
35,19,"13,311"
35,21,"14,837"
35,33,"21,176"
35,37,"199,623"
35,41,"317,093"
35,47,"22,353"
35,57,"29,776"
35,59,"48,850"
35,1,"6,476"
35,6,"5,433"
35,31,"38,747"
35,39,"41,685"
35,45,"107,866"
35,43,"17,476"
35,49,"23,682"
35,55,"16,603"
35,61,"18,048"
35,5,"62,174"
35,13,"93,128"
35,15,"49,319"
35,25,"111,913"
35,27,"6,654"
35,35,"8,639"
35,3,"5,067"
35,17,"6,494"
35,23,"25,540"
35,29,"30,007"
35,51,"8,479"
35,53,"17,733"
36,11,"177,867"
36,17,"77,079"
36,23,"58,481"
36,43,"69,513"
36,53,"105,455"
36,65,"119,220"
36,67,"113,129"
36,75,"40,278"
36,77,"81,471"
36,1,"34,535"
36,35,"12,803"
36,57,"84,494"
36,83,"46,753"
36,91,"41,621"
36,93,"9,234"
36,95,"61,130"
36,115,"103,030"
36,47,23
36,59,177
36,61,7
36,81, (D)
36,85, (D)
36,103,"23,139"
36,19,"85,139"
36,31,"22,670"
36,33,"74,842"
36,41,51
36,113,882
36,45,"168,757"
36,49,"104,960"
36,89,"176,716"
36,21,"64,478"
36,25,"67,885"
36,27,"40,133"
36,39,"13,719"
36,71,"49,127"
36,79,"2,624"
36,87,310
36,105,"26,175"
36,111,"24,131"
36,119,"4,060"
36,7,"33,459"
36,15,"34,970"
36,97,"48,430"
36,107,"54,847"
36,109,"62,086"
36,3,"88,713"
36,9,"88,742"
36,13,"126,949"
36,101,"240,356"
36,29,"96,445"
36,37,"148,586"
36,51,"145,878"
36,55,"85,728"
36,63,"116,167"
36,69,"163,807"
36,73,"107,659"
36,99,"96,663"
36,117,"115,483"
36,121,"167,330"
36,123,"82,963"
37,13,"118,626"
37,31,"44,670"
37,49,"61,929"
37,79,"69,373"
37,95,"93,145"
37,101,"129,847"
37,103,"49,174"
37,107,"85,158"
37,137,"37,403"
37,147,"149,811"
37,191,"130,530"
37,195,"100,339"
37,3,"22,740"
37,35,"34,226"
37,37,"30,864"
37,57,"45,492"
37,59,"37,541"
37,97,"68,766"
37,105,"19,534"
37,151,"61,710"
37,159,"67,910"
37,183,"46,261"
37,15,"112,281"
37,29,"53,847"
37,41,"43,852"
37,53,"36,395"
37,55,"4,702"
37,65,"106,769"
37,73,"45,502"
37,83,"138,125"
37,91,"60,041"
37,117,"105,406"
37,127,"96,823"
37,131,"110,589"
37,139,"68,849"
37,143,"74,508"
37,177,"51,033"
37,187,"71,291"
37,5,"26,232"
37,9,"36,360"
37,11,"11,946"
37,27,"14,400"
37,171,"72,974"
37,189,"14,352"
37,193,"41,397"
37,197,"48,318"
37,1,"33,802"
37,33,"32,343"
37,63,"6,755"
37,67,"15,669"
37,69,"42,824"
37,77,"42,681"
37,81,"40,864"
37,135,"32,094"
37,145,"45,610"
37,157,"51,251"
37,169,"34,430"
37,181,"20,638"
37,185,"29,208"
37,17,"76,833"
37,19,"22,774"
37,47,"113,028"
37,51,"35,504"
37,61,"165,054"
37,85,"69,700"
37,93,"32,881"
37,129,231
37,133,"35,571"
37,141,"41,162"
37,155,"212,804"
37,163,"209,571"
37,165,"28,620"
37,7,"33,625"
37,25,"32,796"
37,45,"45,554"
37,71,"15,354"
37,109,"30,095"
37,119,"5,602"
37,123,"9,381"
37,125,"29,025"
37,153,"18,908"
37,167,"54,226"
37,179,"142,276"
37,21,"17,847"
37,23,"17,468"
37,39,"7,591"
37,43,"4,746"
37,75,"2,992"
37,87,"11,049"
37,89,"25,029"
37,99,"5,250"
37,113,"5,202"
37,115,"11,073"
37,111,"6,216"
37,121,"4,204"
37,149,"7,857"
37,161,"18,563"
37,173,"1,100"
37,175,"4,509"
37,199,"10,204"
38,27,"285,628"
38,31,"342,911"
38,43,"423,945"
38,83,"397,900"
38,93,"1,048,238"
38,103,"664,776"
38,3,"819,825"
38,17,"1,085,430"
38,39,"364,840"
38,91,"398,585"
38,97,"526,077"
38,5,"586,721"
38,9,"865,610"
38,49,"629,415"
38,69,"435,295"
38,79,"373,089"
38,19,"877,208"
38,35,"744,093"
38,63,"475,351"
38,67,"640,772"
38,71,"626,350"
38,95,"552,379"
38,99,"720,275"
38,13,"393,351"
38,23,"538,723"
38,61,"697,242"
38,75,"523,440"
38,101,"967,455"
38,105,"754,415"
38,15,"423,352"
38,29,"500,409"
38,37,"429,013"
38,59,"562,846"
38,85,"226,064"
38,21,"541,941"
38,45,"632,944"
38,47,"347,661"
38,51,"298,286"
38,73,"389,053"
38,77,"822,988"
38,81,"489,203"
38,1,"388,019"
38,7,"125,728"
38,11,"334,867"
38,33,"274,099"
38,41,"586,003"
38,87,"286,479"
38,89,"493,631"
38,25,"417,815"
38,53,"433,255"
38,55,"807,311"
38,57,"232,831"
38,65,"148,539"
39,41,"117,539"
39,45,"153,607"
39,47,"189,877"
39,49,"45,000"
39,83,"139,999"
39,89,"160,705"
39,97,"235,321"
39,101,"190,282"
39,117,"139,079"
39,129,"274,958"
39,141,"168,173"
39,159,"196,063"
39,13,"41,431"
39,19,"64,345"
39,31,"97,155"
39,67,"41,043"
39,75,"104,215"
39,81,"32,970"
39,157,"80,075"
39,5,"120,812"
39,33,"220,942"
39,43,"77,112"
39,77,"213,866"
39,93,"105,149"
39,123,"115,059"
39,139,"113,080"
39,143,"166,414"
39,147,"242,837"
39,175,"205,093"
39,7,"101,081"
39,29,"95,927"
39,35,639
39,55,"33,577"
39,85,"8,267"
39,99,"56,429"
39,103,"78,627"
39,133,"59,464"
39,151,"101,697"
39,153,"10,653"
39,155,"82,006"
39,169,"204,037"
39,3,"172,699"
39,39,"205,771"
39,51,"182,198"
39,63,"226,730"
39,69,"225,208"
39,95,"61,938"
39,125,"208,175"
39,137,"291,173"
39,161,"240,762"
39,171,"189,883"
39,173,"253,839"
39,1,"89,226"
39,15,"154,673"
39,53,"37,576"
39,71,"224,722"
39,79,"27,257"
39,87,"15,978"
39,131,"54,339"
39,145,"45,142"
39,9,"30,432"
39,59,"59,132"
39,73,"14,069"
39,105,"31,354"
39,111,"31,103"
39,115,"40,318"
39,119,"88,133"
39,121,"24,365"
39,127,"58,863"
39,163,"14,006"
39,167,"56,999"
39,17,"92,146"
39,25,"65,529"
39,27,"190,717"
39,57,"149,590"
39,61,"8,405"
39,113,"91,369"
39,135,"188,287"
39,165,"71,243"
39,11,"194,575"
39,21,"168,701"
39,23,"151,402"
39,37,"316,123"
39,65,"243,997"
39,91,"183,851"
39,107,"248,544"
39,109,"158,306"
39,149,"197,251"
40,17,"255,606"
40,27,"31,627"
40,37,"62,652"
40,51,"200,913"
40,73,"353,494"
40,81,"132,180"
40,83,"154,814"
40,87,"85,428"
40,107,"75,082"
40,109,"38,873"
40,119,"95,536"
40,125,"83,702"
40,133,"50,748"
40,1,"47,565"
40,21,"41,426"
40,61,"45,859"
40,63,"63,194"
40,91,"54,209"
40,101,"95,792"
40,111,"72,376"
40,121,"92,023"
40,135,"67,966"
40,3,"343,240"
40,47,"442,856"
40,53,"414,846"
40,71,"346,743"
40,93,"218,577"
40,103,"193,600"
40,151,"284,982"
40,153,"173,629"
40,35,"100,674"
40,41,"69,448"
40,97,"90,632"
40,105,"60,515"
40,113,"99,994"
40,115,"92,775"
40,117,"66,881"
40,131,"70,534"
40,143,"45,910"
40,145,"100,563"
40,147,"50,512"
40,7,"296,108"
40,25,"402,669"
40,45,"127,303"
40,59,"180,682"
40,139,"680,006"
40,5,"66,844"
40,13,"104,491"
40,19,"64,340"
40,29,"54,373"
40,49,"122,084"
40,67,"92,634"
40,69,"43,956"
40,85,"41,990"
40,95,"31,867"
40,99,"28,289"
40,123,"69,328"
40,137,"85,072"
40,23,"66,180"
40,77,"38,802"
40,79,"116,179"
40,89,"84,899"
40,127,"34,021"
40,15,"326,657"
40,31,"157,705"
40,33,"202,734"
40,55,"132,296"
40,57,"167,284"
40,65,"335,454"
40,75,"301,976"
40,141,"353,453"
40,9,"175,710"
40,11,"320,877"
40,39,"253,583"
40,43,"185,425"
40,129,"123,417"
40,149,"379,053"
41,21,"249,673"
41,27,"19,288"
41,49,"511,874"
41,55,"340,948"
41,65,"237,719"
41,1,"130,460"
41,59,"815,962"
41,61,"121,085"
41,63,"94,650"
41,3,"68,994"
41,5,"83,738"
41,7,"4,367"
41,9,"12,646"
41,39,"97,988"
41,41,"3,639"
41,43,"242,627"
41,47,"237,434"
41,51,"15,623"
41,53,"107,580"
41,57,"12,014"
41,67,"75,670"
41,71,"113,373"
41,13,"49,167"
41,17,"30,997"
41,23,"62,964"
41,25,"233,480"
41,31,"77,811"
41,35,"147,514"
41,37,"166,708"
41,45,"210,779"
41,69,"25,373"
41,11,"16,349"
41,15,"6,260"
41,19,"52,338"
41,29,"40,667"
41,33,"8,350"
42,13,"55,797"
42,21,"50,486"
42,27,"88,338"
42,33,"30,998"
42,37,"78,936"
42,43,"63,353"
42,61,"67,488"
42,67,"55,725"
42,87,"49,932"
42,93,"29,379"
42,97,"92,664"
42,99,"77,198"
42,109,"71,419"
42,119,"49,804"
42,25,"13,099"
42,77,"63,121"
42,79,"27,625"
42,89,"13,380"
42,95,"51,560"
42,103,"1,360"
42,107,"69,745"
42,15,"183,299"
42,23,"1,452"
42,35,"26,531"
42,47,"9,344"
42,81,"78,970"
42,83,"17,532"
42,105,"45,547"
42,113,"20,931"
42,117,"123,246"
42,69,"20,276"
42,115,"71,720"
42,127,"46,257"
42,131,"29,479"
42,39,"120,986"
42,49,"93,529"
42,53,"1,709"
42,85,"98,360"
42,121,"30,117"
42,123,"30,447"
42,1,"128,436"
42,9,"119,520"
42,41,"140,836"
42,55,"213,922"
42,57,"52,861"
42,133,"199,235"
42,11,"184,514"
42,17,"60,015"
42,29,"105,752"
42,45,733
42,71,"314,913"
42,75,"86,697"
42,91,"20,460"
42,101,117
42,3,"15,504"
42,51,"59,117"
42,59,"37,513"
42,111,"136,257"
42,125,"90,941"
42,129,"93,364"
42,5,"73,655"
42,7,"30,082"
42,19,"86,232"
42,31,"52,458"
42,63,"95,169"
42,65,"46,632"
42,73,"55,136"
44,1,691
44,3,"1,142"
44,5,"5,292"
44,7,"4,236"
44,9,"6,293"
45,17,"79,945"
45,27,"102,832"
45,61,"75,196"
45,63,"47,761"
45,75,"165,516"
45,79,"22,226"
45,85,"91,362"
45,25,"50,720"
45,31,"97,077"
45,33,"71,846"
45,41,"103,479"
45,43,"13,401"
45,51,"117,524"
45,67,"27,864"
45,69,"55,825"
45,89,"107,657"
45,23,"25,029"
45,39,"10,767"
45,55,"19,849"
45,57,"17,176"
45,91,"37,882"
45,7,"69,888"
45,21,"20,866"
45,45,"17,035"
45,59,"40,898"
45,73,"18,908"
45,77,"12,245"
45,83,"34,338"
45,87,"7,268"
45,5,"35,299"
45,9,"53,499"
45,11,"33,271"
45,13,"7,101"
45,15,"18,053"
45,19,"9,661"
45,29,"40,731"
45,35,"32,381"
45,49,"42,283"
45,53,"11,938"
45,1,"18,796"
45,3,"62,880"
45,37,"23,223"
45,47,"15,078"
45,65,"3,857"
45,71,"31,591"
45,81,"33,307"
46,3,"228,778"
46,5,"548,456"
46,15,"277,869"
46,17,"85,435"
46,59,"578,039"
46,65,"262,987"
46,69,"219,914"
46,73,"219,801"
46,119,"505,654"
46,11,"345,429"
46,35,"212,393"
46,61,"225,992"
46,77,"391,197"
46,79,"225,644"
46,87,"294,253"
46,97,"239,830"
46,99,"317,964"
46,101,"223,522"
46,111,"200,379"
46,13,"884,554"
46,21,"250,820"
46,45,"569,487"
46,49,"408,359"
46,89,"383,940"
46,107,"386,454"
46,115,"832,799"
46,129,"273,828"
46,25,"444,844"
46,29,"268,043"
46,37,"456,455"
46,39,"223,776"
46,51,"307,747"
46,57,"249,634"
46,91,"343,430"
46,109,"451,658"
46,19,"150,243"
46,31,"398,555"
46,41,"195,586"
46,63,"184,604"
46,105,"347,672"
46,137,"256,789"
46,53,"226,113"
46,75,"233,783"
46,85,"419,157"
46,95,"131,081"
46,121,"113,678"
46,123,"438,142"
46,9,"228,354"
46,23,"451,000"
46,27,"221,206"
46,43,"214,714"
46,67,"363,750"
46,83,"267,866"
46,125,"350,342"
46,127,"266,743"
46,135,"252,592"
46,7,"214,299"
46,33,"49,435"
46,47,"68,739"
46,102,"88,929"
46,55,"323,940"
46,71,"185,533"
46,81,"33,608"
46,93,"394,758"
46,103,"207,236"
46,117,"195,706"
47,3,"92,584"
47,15,"38,909"
47,27,"24,777"
47,37,"13,034"
47,41,"29,651"
47,55,"78,848"
47,87,"18,601"
47,103,"102,619"
47,111,"51,949"
47,117,"56,990"
47,119,"80,204"
47,127,"17,475"
47,149,"60,705"
47,159,"44,940"
47,165,"70,580"
47,169,"10,849"
47,187,"54,774"
47,189,"55,673"
47,7,"34,745"
47,31,"79,915"
47,35,"46,300"
47,49,"25,707"
47,51,"61,485"
47,61,"13,250"
47,115,"23,069"
47,129,"16,864"
47,133,"33,723"
47,137,"11,616"
47,141,"35,145"
47,151,"10,188"
47,153,"9,534"
47,175,"14,663"
47,177,"83,924"
47,185,"41,823"
47,45,"257,566"
47,95,"81,986"
47,97,"134,331"
47,131,"186,681"
47,157,"49,941"
47,167,"147,588"
47,1,"14,728"
47,9,"40,596"
47,11,"28,289"
47,13,"10,238"
47,19,"11,956"
47,25,"35,429"
47,29,"23,392"
47,57,"25,768"
47,59,"97,207"
47,63,"24,382"
47,65,"14,037"
47,67,"16,512"
47,73,"47,801"
47,89,"37,153"
47,91,"16,412"
47,93,"26,653"
47,105,"28,357"
47,107,"49,905"
47,121,"16,291"
47,123,"50,438"
47,139,"16,550"
47,143,"16,775"
47,145,"15,165"
47,155,"16,955"
47,163,"31,813"
47,171,"2,609"
47,173,"12,481"
47,179,"53,859"
47,5,"30,323"
47,17,"106,179"
47,23,"42,413"
47,33,"134,105"
47,39,"24,848"
47,47,"185,654"
47,53,"248,882"
47,69,"83,913"
47,71,"76,159"
47,75,"178,584"
47,77,"63,654"
47,79,"127,493"
47,113,"107,562"
47,109,"65,470"
47,183,"171,096"
47,21,"31,820"
47,43,"46,862"
47,81,"43,949"
47,83,"11,688"
47,85,"33,381"
47,99,"105,692"
47,101,"10,377"
47,125,"65,823"
47,135,"15,692"
47,147,"132,139"
47,161,"22,956"
47,181,"34,650"
48,27,"152,593"
48,35,"81,212"
48,85,"140,348"
48,97,"135,648"
48,99,"92,075"
48,113,"26,100"
48,119,"80,494"
48,121,"143,967"
48,139,"221,498"
48,145,"203,819"
48,147,"212,366"
48,181,"207,019"
48,193,"86,099"
48,217,"256,384"
48,231,"154,950"
48,251,"136,697"
48,257,"133,585"
48,277,"170,676"
48,293,"72,996"
48,309,"262,493"
48,331,"168,032"
48,349,"178,564"
48,397,"20,980"
48,439,"43,487"
48,491,"231,511"
48,7,"1,597"
48,273,"65,637"
48,355,"332,346"
48,391,"56,253"
48,409,"235,845"
48,9,"124,111"
48,49,"76,623"
48,59,"85,494"
48,77,"100,823"
48,93,"137,619"
48,133,"80,149"
48,143,"134,317"
48,221,"39,738"
48,237,"34,218"
48,333,"44,611"
48,337,"82,945"
48,363,"72,990"
48,367,"95,080"
48,417,"49,374"
48,425,"15,692"
48,429,"37,077"
48,447,"157,174"
48,497,"110,550"
48,503,"114,482"
48,1,"63,774"
48,37,"75,149"
48,63,"20,806"
48,67,"35,130"
48,73,"58,303"
48,159,"28,355"
48,183,"14,472"
48,203,"38,511"
48,213,"86,645"
48,223,"127,863"
48,225,"70,772"
48,315,"13,624"
48,343,"16,108"
48,347,"29,502"
48,365,"39,766"
48,379,"27,708"
48,387,"103,062"
48,401,"46,094"
48,419,"28,551"
48,423,"64,308"
48,449,"33,844"
48,459,"36,926"
48,467,"98,967"
48,499,"60,528"
48,5,"21,632"
48,41,"50,016"
48,161,"55,720"
48,185,"54,265"
48,199,"13,124"
48,241,"13,375"
48,289,"71,219"
48,313,"33,964"
48,339,"25,345"
48,351,"5,484"
48,373,"22,586"
48,395,"107,261"
48,403,"5,553"
48,405,"9,196"
48,407,"16,910"
48,455,"20,051"
48,457,"18,847"
48,471,"27,459"
48,473,"71,422"
48,19,"15,432"
48,31,"18,448"
48,53,"25,186"
48,81,"42,989"
48,95,"108,538"
48,105,"6,266"
48,137,"12,511"
48,171,"73,897"
48,235,"4,349"
48,259,"32,446"
48,265,"15,997"
48,267,"11,315"
48,271,"15,824"
48,281,"40,422"
48,299,"21,622"
48,319,"21,761"
48,307,"83,660"
48,327,"10,541"
48,383,"55,572"
48,385,"1,316"
48,411,"81,303"
48,413,"30,559"
48,431,"9,421"
48,435,"12,412"
48,451,"125,014"
48,461,"74,922"
48,463,"111,259"
48,465,"7,232"
48,61,"212,474"
48,215,"356,866"
48,427,"74,097"
48,489,"197,432"
48,11,"105,701"
48,45,"151,703"
48,65,"322,566"
48,69,"394,612"
48,111,"393,567"
48,117,"617,307"
48,153,"437,731"
48,179,"124,836"
48,189,"458,945"
48,195,"301,066"
48,205,"296,414"
48,211,"32,085"
48,233,"81,695"
48,295,"115,721"
48,341,"207,601"
48,357,"343,751"
48,359,"105,292"
48,369,"399,208"
48,375,"49,596"
48,381,"233,934"
48,393,"36,063"
48,421,"355,226"
48,437,"399,832"
48,33,"90,753"
48,75,"121,369"
48,87,"168,000"
48,101,"104,426"
48,125,"166,132"
48,129,"57,206"
48,155,"92,374"
48,169,"68,341"
48,191,"236,485"
48,197,"114,175"
48,263,"45,233"
48,269,"9,995"
48,345,"100,252"
48,483,"121,662"
48,485,"153,049"
48,487,"235,107"
48,15,"74,067"
48,21,"49,904"
48,25,"77,180"
48,29,"91,021"
48,51,"67,888"
48,55,"67,906"
48,89,"132,275"
48,91,"23,613"
48,123,"50,842"
48,149,"99,794"
48,175,"36,182"
48,177,"58,483"
48,187,"102,458"
48,209,"52,955"
48,255,"75,016"
48,285,"74,216"
48,287,"41,365"
48,325,"153,499"
48,453,"55,095"
48,477,"68,726"
48,493,"87,877"
48,13,"107,128"
48,47,"11,612"
48,127,"67,969"
48,131,"45,424"
48,163,"90,864"
48,247,"10,433"
48,249,"158,142"
48,261,"1,907"
48,283,"19,824"
48,297,"47,392"
48,323,"21,265"
48,311,"26,654"
48,479,"34,996"
48,505,"18,856"
48,507,"76,046"
48,3,"78,257"
48,17,"332,857"
48,79,"373,604"
48,107,"272,856"
48,115,"408,574"
48,165,"680,021"
48,173,"180,347"
48,219,"394,104"
48,227,"148,291"
48,279,"489,331"
48,303,"451,370"
48,305,"456,269"
48,317,"298,913"
48,329,"75,819"
48,445,"436,790"
48,501,"317,961"
48,23,"175,129"
48,83,"146,339"
48,151,"248,701"
48,207,"292,993"
48,253,"313,784"
48,275,"207,442"
48,335,"153,108"
48,353,"161,878"
48,399,"256,203"
48,415,"201,705"
48,433,"113,441"
48,441,"159,183"
48,43,"57,059"
48,103,222
48,109,"13,541"
48,135,"1,891"
48,141,"39,915"
48,229,"20,473"
48,243,626
48,301, (D)
48,371,"50,780"
48,377,"17,997"
48,389,"54,659"
48,443,"9,440"
48,475,"6,457"
48,495, (D)
48,39,"131,802"
48,57,"48,206"
48,71,"98,953"
48,157,"140,694"
48,167,"16,984"
48,201,"52,722"
48,239,"176,881"
48,245,"137,267"
48,291,"68,327"
48,321,"176,200"
48,361,"4,685"
48,469,"83,196"
48,481,"325,849"
49,23,"56,608"
49,27,"145,965"
49,39,"71,661"
49,41,"50,453"
49,49,"118,125"
49,7,"15,829"
49,9,"6,556"
49,13,"77,299"
49,15,"36,880"
49,19,"14,561"
49,37,"130,173"
49,43,"26,278"
49,47,"70,742"
49,51,"8,845"
49,3,"308,292"
49,5,"159,356"
49,11,"7,718"
49,29,"16,629"
49,33,"70,648"
49,35,"10,909"
49,45,"21,726"
49,57,"28,259"
49,1,"44,416"
49,17,"16,297"
49,21,"83,441"
49,25,"4,862"
49,31,"14,909"
49,53,"22,347"
49,55,"14,587"
50,1,"107,751"
50,3,"11,048"
50,5,"31,338"
50,7,"26,828"
50,9,"7,951"
50,11,"83,162"
50,13,"12,631"
50,15,"14,581"
50,17,"32,583"
50,19,"58,570"
50,21,"34,628"
50,23,"21,620"
50,25,"14,354"
50,27,"22,635"
51,3,"51,782"
51,7,"34,764"
51,9,"17,321"
51,11,"20,860"
51,19,"65,908"
51,29,"30,515"
51,31,"42,863"
51,33,"42,380"
51,41,"7,171"
51,49,"15,411"
51,65,"13,302"
51,75,"23,985"
51,79,"9,996"
51,85,"61,331"
51,87,"7,319"
51,109,"24,791"
51,125,"20,163"
51,137,"39,802"
51,145,"11,380"
51,147,"20,082"
51,177,"16,725"
51,1,"57,743"
51,36,"20,587"
51,57,"42,286"
51,73,"14,193"
51,95,"3,591"
51,97,"33,635"
51,99,"13,028"
51,101,"26,255"
51,103,"11,275"
51,115,"4,183"
51,119,"14,663"
51,127,"11,129"
51,131,"37,829"
51,133,"33,763"
51,159,"26,192"
51,193,"32,030"
51,199,93
51,43,"24,743"
51,47,"60,079"
51,59,791
51,61,"83,845"
51,69,"45,189"
51,107,"60,178"
51,113,"45,100"
51,139,"30,449"
51,153,"14,121"
51,157,"25,168"
51,165,"121,863"
51,171,"61,237"
51,179,"10,076"
51,187,"13,929"
51,25,"24,393"
51,550,"32,325"
51,53,"42,803"
51,81,"33,510"
51,93,"51,545"
51,117,"62,884"
51,149,"21,992"
51,175,"97,580"
51,800,"57,921"
51,181,"25,420"
51,183,"44,918"
51,810,"18,590"
51,37,"46,111"
51,67,"72,754"
51,83,"57,508"
51,89,"11,687"
51,111,"25,729"
51,135,"20,103"
51,141,"21,621"
51,143,"83,413"
51,21,"17,286"
51,27,"1,231"
51,35,"32,237"
51,51,"1,804"
51,63,"32,268"
51,71,"12,958"
51,77,"34,365"
51,105,"25,209"
51,121,"28,751"
51,155,"23,792"
51,167,"32,705"
51,169,"30,463"
51,173,"25,680"
51,185,"24,666"
51,191,"58,266"
51,195,"5,045"
51,197,"49,064"
51,5,"8,913"
51,15,"116,776"
51,17,"15,347"
51,23,"26,983"
51,45,"11,996"
51,91,"15,649"
51,161,"6,190"
51,163,"36,522"
53,5,"473,064"
53,7,"29,078"
53,37,"71,053"
53,39,"229,473"
53,47,"98,680"
53,77,"343,953"
53,1,"745,850"
53,17,"544,444"
53,21,"446,820"
53,25,"800,870"
53,43,"816,982"
53,19,"19,359"
53,51,"19,013"
53,63,"378,778"
53,65,"77,108"
53,3,"79,863"
53,13,"149,535"
53,23,"182,849"
53,71,"565,806"
53,75,"1,032,718"
53,9,"7,375"
53,11,"24,336"
53,15,"10,959"
53,27,"17,112"
53,29,"6,877"
53,31,"3,715"
53,33,"18,691"
53,35,"2,310"
53,41,"50,497"
53,45,"3,638"
53,49,"15,479"
53,53,"12,058"
53,55,"5,839"
53,57,"65,721"
53,59,"2,335"
53,61,"33,575"
53,67,"22,109"
53,69,"5,148"
53,73,"75,555"
54,3,"37,590"
54,23,"26,204"
54,25,"44,086"
54,27,"36,935"
54,31,"40,482"
54,37,"44,517"
54,57,"29,573"
54,63,"31,883"
54,65,"7,175"
54,71,"29,596"
54,75,"26,366"
54,83,"26,703"
54,89,"11,971"
54,93,"6,526"
54,1,"26,717"
54,9,"4,286"
54,17,"11,790"
54,29,"3,419"
54,33,"27,979"
54,41,"22,441"
54,49,"13,490"
54,51,"22,622"
54,61,"18,609"
54,69,"10,944"
54,73,"5,260"
54,77,"48,194"
54,85,"22,615"
54,91,"14,049"
54,95,"12,310"
54,97,"16,274"
54,103,"8,766"
54,107,"25,036"
54,5,506
54,7,"17,918"
54,11,"7,331"
54,13,"12,439"
54,15,"3,167"
54,19,"6,176"
54,21,"11,076"
54,35,"33,421"
54,39,"4,143"
54,43,"4,166"
54,45, (D)
54,53,"37,631"
54,47,129
54,55,"12,390"
54,59, (D)
54,67,"11,804"
54,79,"13,737"
54,81,"11,151"
54,87,"27,821"
54,99,"5,900"
54,101,"2,383"
54,105,"9,300"
54,109,671
55,1,"84,544"
55,47,"99,674"
55,57,"113,995"
55,77,"81,970"
55,97,"207,120"
55,135,"142,570"
55,137,"100,239"
55,141,"128,114"
55,9,"166,639"
55,15,"131,510"
55,29,"90,126"
55,39,"270,370"
55,61,"146,229"
55,71,"187,956"
55,87,"206,163"
55,117,"164,302"
55,139,"136,192"
55,3,"24,712"
55,19,"323,806"
55,51,"5,377"
55,69,"43,032"
55,73,"322,853"
55,85,"11,519"
55,99,"34,273"
55,119,"133,702"
55,125,"3,326"
55,37,"8,040"
55,41,"13,136"
55,67,"75,817"
55,75,"88,578"
55,78, (D)
55,83,"142,869"
55,115,"186,192"
55,5,"208,784"
55,7,"42,610"
55,13,"48,965"
55,17,"243,035"
55,31,"26,792"
55,95,"164,959"
55,107,"70,661"
55,113,"26,032"
55,129,"34,098"
55,21,"243,906"
55,25,"410,309"
55,27,"340,487"
55,45,"239,493"
55,55,"183,898"
55,105,"302,797"
55,59,"65,214"
55,79, (D)
55,89,"48,306"
55,101,"109,772"
55,127,"167,725"
55,131,"108,874"
55,133,"71,502"
55,23,"98,951"
55,43,"379,967"
55,49,"216,441"
55,65,"265,418"
55,103,"118,484"
55,111,"197,736"
55,123,"196,566"
55,11,"164,341"
55,33,"240,765"
55,35,"113,983"
55,53,"135,568"
55,63,"85,863"
55,81,"165,234"
55,91,"69,294"
55,93,"166,265"
55,109,"216,465"
55,121,"215,632"
56,5,"184,280"
56,11,"175,527"
56,19,"40,970"
56,33,"95,916"
56,45,"37,507"
56,3,"117,850"
56,13,"125,861"
56,17,"22,740"
56,29,"140,520"
56,43,"53,438"
56,1,"106,924"
56,7,"143,863"
56,25,"55,654"
56,37,"35,586"
56,9,"106,652"
56,15,"234,304"
56,21,"382,266"
56,27,"54,646"
56,31,"134,849"
56,23,"94,026"
56,35,"143,517"
56,39,"15,791"
56,41,"84,769"
